04/08/2026,"+100.00","Transfer from xx1300 CommBank app","+379.71"
04/08/2026,"-17.50","WOOLWORTHS 2764 NERANG QL AUS Card xx8935 Value Date: 31/07/2026","+279.71"
04/08/2026,"-10.08","ANIMAL KINGDOM PL NERANG AUS Card xx8935 Value Date: 31/07/2026","+297.21"
04/08/2026,"-3.94","Vish Fruit & Veg Nerang QL AUS Card xx8935 Value Date: 31/07/2026","+307.29"
04/08/2026,"-0.50","TRANSLINK TICKETING QLD AUS Card xx8935 Value Date: 01/08/2026","+311.23"
04/08/2026,"-39.50","WABISABI SUSHI ROBINA QL AUS Card xx5231 Value Date: 31/07/2026","+311.73"
04/08/2026,"-5.22","SQ *STAIRWELL COFFEE Surfers Parad QL AUS Card xx5231 Value Date: 31/07/2026","+351.23"
04/08/2026,"-52.25","WOOLWORTHS 2764 NERANG QL AUS Card xx5231 Value Date: 01/08/2026","+356.45"
04/08/2026,"-151.43","BATTERY MARKET NERANG AU AUS Card xx5231 Value Date: 01/08/2026","+408.70"
04/08/2026,"-22.03","DIGITALOCEAN.COM GROSVENOR PLA NS AUS Card xx5231 Value Date: 01/08/2026","+560.13"
04/08/2026,"-15.17","INOV8 SALES & MARKET SURFERS PARAD AUS Card xx5231 Value Date: 01/08/2026","+582.16"
04/08/2026,"-2.50","TRANSLINK TICKETING QLD AUS Card xx5231 Value Date: 01/08/2026","+597.33"
04/08/2026,"-28.80","BETTY'S BURGERS AUSTRA SURFERS PARAD AUS Card xx5231 Value Date: 01/08/2026","+599.83"
04/08/2026,"-0.50","TRANSLINK TICKETING QLD AUS Card xx5231 Value Date: 02/08/2026","+628.63"
02/08/2026,"-1.73","EasyPark","+629.13"
01/08/2026,"-496.00","ALINTA ENERGY","+630.86"
01/08/2026,"+100.00","Transfer from xx1300 CommBank app","+1126.86"
01/08/2026,"-1.29","Yo-ChiChevronSurfers Surfers ParadAU","+1026.86"
01/08/2026,"-1.00","CIRCUM VENDING MENTONE VI AUS Card xx8935 Value Date: 30/07/2026","+1028.15"
01/08/2026,"-1.00","TRANSLINK TICKETING QLD AUS Card xx8935 Value Date: 30/07/2026","+1029.15"
01/08/2026,"-30.61","PEARL SOUTHPORT SOUTHPORT QL AUS Card xx5231 Value Date: 29/07/2026","+1030.15"
31/07/2026,"-66.42","Direct Debit 389998 Pet Insurance 99240408","+1060.76"
31/07/2026,"-6.39","SQ *KOOCO ESPRESSO BAR ROBINA TOWN C AU","+1127.18"
31/07/2026,"-1.00","CIRCUM VENDING MENTONE VI AUS Card xx8935 Value Date: 29/07/2026","+1133.57"
31/07/2026,"-57.80","COLES 4501 NERANG QL AUS Card xx5231 Value Date: 29/07/2026","+1134.57"
31/07/2026,"-3.99","THE STANDARD MARKET C SOUTHPORT AUS Card xx5231 Value Date: 29/07/2026","+1192.37"
31/07/2026,"-14.00","THE STANDARD MARKET C SOUTHPORT AUS Card xx5231 Value Date: 29/07/2026","+1196.36"
31/07/2026,"-12.80","ZARRAFAS COFFEE NERANG NERANG AUS Card xx5231 Value Date: 29/07/2026","+1210.36"
31/07/2026,"-28.50","AMAZON AU MARKETPLACE SYDNEY AUS Card xx5231 Value Date: 28/07/2026","+1223.16"
30/07/2026,"-6.00","SQ *EAST COAST ROAST Nerang AU","+1251.66"
30/07/2026,"-11.55","ZARRAFAS COFFEE NERANG NERANG AUS Card xx8935 Value Date: 28/07/2026","+1257.66"
30/07/2026,"-45.00","ALH VENUES 8235 BUNDALL QL AUS Card xx5231 Value Date: 28/07/2026","+1269.21"
30/07/2026,"-23.10","ALH VENUES 8235 BUNDALL QL AUS Card xx5231 Value Date: 28/07/2026","+1314.21"
29/07/2026,"-30.95","Direct Debit 010758 AHM 52803464","+1337.31"
29/07/2026,"-645.00","Transfer To Castle Property Managers CommBank App 102701","+1368.26"
29/07/2026,"+1000.00","Transfer from xx9058 CommBank app","+2013.26"
29/07/2026,"-1.00","CIRCUM VENDING MENTONE VI AUS Card xx8935 Value Date: 27/07/2026","+1013.26"
29/07/2026,"-16.60","GUZMAN Y GOMEZ SURRY HILLS NS AUS Card xx8935 Value Date: 25/07/2026","+1014.26"
28/07/2026,"-200.00","Loan Repayment LN REPAY 472766573","+1030.86"
28/07/2026,"-50.00","Wdl ATM CBA ATM SURFERS PARADISQLD 443202 AUS","+1230.86"
28/07/2026,"-6.55","WOOLWORTHS 2713 HELENSVALE QL AUS Card xx5231 Value Date: 24/07/2026","+1280.86"
28/07/2026,"-82.42","BUDGET DIRECT TOOWONG QL AUS Card xx5231 Value Date: 24/07/2026","+1287.41"
28/07/2026,"-68.29","WOOLWORTHS 2645 ROBINA QL AUS Card xx5231 Value Date: 25/07/2026","+1369.83"
28/07/2026,"-13.00","WOOLWORTHS 2764 NERANG QL AUS Card xx5231 Value Date: 26/07/2026","+1438.12"
28/07/2026,"-4.00","SQ *BUNKER 3 PTY LTD Nerang QL AUS Card xx5231 Value Date: 26/07/2026","+1451.12"
28/07/2026,"-55.61","SQ *THE GALLEON 4223 Currumbin Wat QL AUS Card xx5231 Value Date: 26/07/2026","+1455.12"
28/07/2026,"-19.70","AMPOL NERANG NERANG AUS Card xx5231 Value Date: 26/07/2026","+1510.73"
28/07/2026,"-3.80","UNCLEBOWLNORTHLAKES PT CURRUMBIN WAT AUS Card xx5231 Value Date: 26/07/2026","+1530.43"
28/07/2026,"-5.72","International Transaction Fee Value Date: 24/07/2026","+1534.23"
28/07/2026,"-163.34","Revolut**6164* Dublin D IRL Card xx8935 EUR 100.00 Value Date: 24/07/2026","+1539.95"
28/07/2026,"-30.41","UBER *TRIP HELP.UBER.C Sydney AU AUS Card xx8935 Value Date: 24/07/2026","+1703.29"
28/07/2026,"-1.00","CIRCUM VENDING MENTONE VI AUS Card xx8935 Value Date: 24/07/2026","+1733.70"
28/07/2026,"-98.29","Optus Billing MacquariePark NS AUS Card xx8935 Value Date: 24/07/2026","+1734.70"
28/07/2026,"-14.99","APPLE.COM/BILL SYDNEY AU AUS Card xx8935 Value Date: 24/07/2026","+1832.99"
28/07/2026,"-47.40","Afterpay afterpay.com AU AUS Card xx8935 Value Date: 26/07/2026","+1847.98"
28/07/2026,"-0.50","TRANSLINK TICKETING QLD AUS Card xx8935 Value Date: 25/07/2026","+1895.38"
28/07/2026,"-25.01","COLES 4501 NERANG QL AUS Card xx8935 Value Date: 26/07/2026","+1895.88"
25/07/2026,"-23.10","MCDONALDS NERANG NERANG QLDAU","+1920.89"
25/07/2026,"-16.15","Shaver Shop Robina Town Centre DAU","+1943.99"
25/07/2026,"-47.20","GUZMAN Y GOMEZ SURRY HILLS NS AUS Card xx8935 Value Date: 23/07/2026","+1960.14"
25/07/2026,"-18.00","Guzman Y Gomez Franch Surry Hills NS AUS Card xx8935 Value Date: 24/07/2026","+2007.34"
24/07/2026,"-10.10","SMP*Hero Sushi Helensv Helensvale04 AU","+2025.34"
24/07/2026,"-11.17","BERRY N BERRY HELENSVALE QLD AU","+2035.44"
24/07/2026,"-14.00","KMART 1179 HELENSVALE AU","+2046.61"
24/07/2026,"-100.00","Transfer To Mariia Kartuzova CommBank App Anastasia","+2060.61"
24/07/2026,"-5.50","SQ *EAST COAST ROAST Nerang AU","+2160.61"
24/07/2026,"-22.90","GUZMAN Y GOMEZ SURRY HILLS NS AUS Card xx8935 Value Date: 22/07/2026","+2166.11"
24/07/2026,"-5.50","CIRCUM VENDING MENTONE VI AUS Card xx8935 Value Date: 22/07/2026","+2189.01"
24/07/2026,"-12.00","ZARRAFAS COFFEE NERANG NERANG AUS Card xx5231 Value Date: 22/07/2026","+2194.51"
23/07/2026,"-14.50","SQ *EAST COAST ROAST Nerang AU","+2206.51"
23/07/2026,"-13.00","CC TO GC PTY LTD Nerang AU AUS Card xx5231 Value Date: 21/07/2026","+2221.01"
23/07/2026,"-74.31","WOOLWORTHS 2764 NERANG QL AUS Card xx5231 Value Date: 21/07/2026","+2234.01"
23/07/2026,"-6.25","THE REJECT SHOP A317 NERANG QL AUS Card xx5231 Value Date: 21/07/2026","+2308.32"
23/07/2026,"-300.00","Transfer to xx1300 CommBank app","+2314.57"
23/07/2026,"-532.09","Transfer to xx8243 CommBank app","+2614.57"
23/07/2026,"+3000.00","Fast Transfer From MICHEL EDUBAS To joint","+3146.66"
22/07/2026,"-14.84","ANOMALY SAN FRANCISCO CA USA Card xx5231 AUD 14.84 Value Date: 20/07/2026","+146.66"
21/07/2026,"-30.95","Direct Debit 010758 AHM 51150161","+161.50"
21/07/2026,"-200.00","Loan Repayment LN REPAY 472766573","+192.45"
21/07/2026,"-645.00","Transfer To Castle Property Managers CommBank App 102701","+392.45"
21/07/2026,"+1000.00","Transfer from xx9058 CommBank app","+1037.45"
21/07/2026,"-29.52","WABISABI SUSHI ROBINA QL AUS Card xx5231 Value Date: 17/07/2026","+37.45"
21/07/2026,"-1.99","SOUTHPORT MEDICAL CHEM SOUTHPORT AUS Card xx5231 Value Date: 17/07/2026","+66.97"
21/07/2026,"-5.06","THE BUTCHERS TABLE NERANG AU AUS Card xx5231 Value Date: 19/07/2026","+68.96"
21/07/2026,"-77.45","BUDGET DIRECT TOOWONG QL AUS Card xx5231 Value Date: 18/07/2026","+74.02"
21/07/2026,"-26.10","GUZMAN Y GOMEZ SURRY HILLS NS AUS Card xx8935 Value Date: 17/07/2026","+151.47"
21/07/2026,"-21.60","GUZMAN Y GOMEZ SURRY HILLS NS AUS Card xx8935 Value Date: 17/07/2026","+177.57"
21/07/2026,"-9.96","GOTCHA ROBINA PTY LTD Robina QL AUS Card xx8935 Value Date: 17/07/2026","+199.17"
21/07/2026,"-27.99","LOVISA PTY LTD ROBINA TOWN C AUS Card xx8935 Value Date: 17/07/2026","+209.13"
21/07/2026,"-0.50","TRANSLINK TICKETING QLD AUS Card xx8935 Value Date: 18/07/2026","+237.12"
18/07/2026,"+100.00","Transfer from xx1300 CommBank app","+237.62"
18/07/2026,"-3.75","COLES 4501 NERANG AU","+137.62"
18/07/2026,"-1.00","CIRCUM VENDING MENTONE VI AUS Card xx8935 Value Date: 16/07/2026","+141.37"
18/07/2026,"-6.10","ZARRAFAS COFFEE NERANG NERANG AUS Card xx8935 Value Date: 16/07/2026","+142.37"
18/07/2026,"-29.90","DAN MURPHY'S 2419 NERANG QL AUS Card xx5231 Value Date: 16/07/2026","+148.47"
18/07/2026,"-20.44","Ramen Danbo Surfers P SURFERS PARA AUS Card xx5231 Value Date: 16/07/2026","+178.37"
18/07/2026,"-10.00","POINTPARKING PARADISE Surfers Parad AU AUS Card xx5231 Value Date: 16/07/2026","+198.81"
18/07/2026,"-50.00","HOPE ENERGY SOUTHPORT SOUTHPORT QL AUS Card xx5231 Value Date: 15/07/2026","+208.81"
18/07/2026,"-15.91","PEARL SOUTHPORT SOUTHPORT QL AUS Card xx5231 Value Date: 15/07/2026","+258.81"
17/07/2026,"-38.20","PILLOW TALK PTY LTD ROBINA QLDAU","+274.72"
17/07/2026,"-1.49","PLINEPH ROBINA UPPER ROBINA TOWN CQLDAU","+312.92"
17/07/2026,"-85.00","Mecca Robina Brisbane AU","+314.41"
17/07/2026,"-80.00","Kookai Robina 19 Robina TowAU","+399.41"
17/07/2026,"-10.00","DODO SERVICES PTY LTD MELBOURNE VI AUS Card xx5231 Value Date: 15/07/2026","+479.41"
17/07/2026,"-11.55","ZARRAFAS COFFEE NERANG NERANG AUS Card xx5231 Value Date: 15/07/2026","+489.41"
16/07/2026,"-50.03","Direct Debit 389998 Pet Insurance 98807847","+500.96"
16/07/2026,"-21.20","GUZMAN Y GOMEZ SURRY HILLS NS AUS Card xx8935 Value Date: 14/07/2026","+550.99"
16/07/2026,"-40.46","COLES 4501 NERANG QL AUS Card xx5231 Value Date: 14/07/2026","+572.19"
16/07/2026,"-20.80","MCDONALDS NERANG NERANG QL AUS Card xx5231 Value Date: 13/07/2026","+612.65"
15/07/2026,"-15.00","SQ *EAST COAST ROAST Nerang AU","+633.45"
15/07/2026,"-11.70","GUZMAN Y GOMEZ SURRY HILLS NS AUS Card xx8935 Value Date: 12/07/2026","+648.45"
15/07/2026,"-21.70","GUZMAN Y GOMEZ SURRY HILLS NS AUS Card xx8935 Value Date: 11/07/2026","+660.15"
15/07/2026,"-17.93","LBC PACIFIC FAIR BROADBEACH WA QL AUS Card xx8935 Value Date: 11/07/2026","+681.85"
15/07/2026,"-10.69","CHEMIST WAREHOUSE NERANG QL AUS Card xx8935 Value Date: 13/07/2026","+699.78"
15/07/2026,"-12.80","WOOLWORTHS 2610 SURFERS PDISE QL AUS Card xx5231 Value Date: 13/07/2026","+710.47"
15/07/2026,"-40.00","HARBOR TWN GOLD CO BIGGERA WATER QL AUS Card xx5231 Value Date: 11/07/2026","+723.27"
15/07/2026,"-19.00","HARBOR TWN GOLD CO BIGGERA WATER QL AUS Card xx5231 Value Date: 11/07/2026","+763.27"
15/07/2026,"-26.99","CHEMIST WAREHOUSE NERANG QL AUS Card xx5231 Value Date: 12/07/2026","+782.27"
14/07/2026,"-200.00","Loan Repayment LN REPAY 472766573","+809.26"
14/07/2026,"-50.00","Wdl ATM CBA ATM MY CTR NERANG QLD 445096 AUS","+1009.26"
14/07/2026,"-645.00","Transfer To Castle Property Managers CommBank App 102701","+1059.26"
14/07/2026,"+1100.00","Transfer from xx9058 CommBank app","+1704.26"
14/07/2026,"-5.50","SQ *EAST COAST ROAST Nerang AU","+604.26"
14/07/2026,"-19.31","SOUTHPORT SURF CLUBQPS MAIN BEACH AUS Card xx5231 Value Date: 10/07/2026","+609.76"
14/07/2026,"-22.44","SOUTHPORT SURF CLUBQPS MAIN BEACH AUS Card xx5231 Value Date: 10/07/2026","+629.07"
14/07/2026,"-40.00","Universal Store BIGGERA WATER AU AUS Card xx5231 Value Date: 11/07/2026","+651.51"
14/07/2026,"-2.20","COLES 4368 BROADBEACH QL AUS Card xx5231 Value Date: 11/07/2026","+691.51"
14/07/2026,"-16.90","Zeus Harbourtown Biggera Water QL AUS Card xx5231 Value Date: 11/07/2026","+693.71"
14/07/2026,"-16.00","SQ *TOP BOOKS Bundall QL AUS Card xx5231 Value Date: 11/07/2026","+710.61"
14/07/2026,"-11.25","COLES 4501 NERANG QL AUS Card xx5231 Value Date: 12/07/2026","+726.61"
14/07/2026,"-14.00","BWS 2921 HELENSVALE TO QL AUS Card xx5231 Value Date: 12/07/2026","+737.86"
14/07/2026,"-23.40","HELENSVALEDFB L0851 HELENSVALE QL AUS Card xx5231 Value Date: 12/07/2026","+751.86"
14/07/2026,"-50.25","WOOLWORTHS 2713 HELENSVALE QL AUS Card xx5231 Value Date: 12/07/2026","+775.26"
14/07/2026,"-14.29","BERRY N BERRY HELENSVALE QL AUS Card xx5231 Value Date: 12/07/2026","+825.51"
14/07/2026,"-59.11","WOOLWORTHS 2645 ROBINA QL AUS Card xx8935 Value Date: 10/07/2026","+839.80"
14/07/2026,"-0.50","TRANSLINK TICKETING QLD AUS Card xx8935 Value Date: 11/07/2026","+898.91"
14/07/2026,"-47.40","Afterpay afterpay.com AU AUS Card xx8935 Value Date: 12/07/2026","+899.41"
12/07/2026,"-55.00","HEALTHY PETS PLUS","+946.81"
11/07/2026,"-99.95","Universal Store BIGGERA WATERAU","+1001.81"
11/07/2026,"-15.00","SQ *TOP BOOKS Bundall AU","+1101.76"
11/07/2026,"-7.23","Alma Surfers Paradise Surfers Parad QL AUS Card xx5231 Value Date: 09/07/2026","+1116.76"
11/07/2026,"-42.98","AMAZON AU MARKETPLACE SYDNEY AUS Card xx5231 Value Date: 08/07/2026","+1123.99"
11/07/2026,"-43.30","GUZMAN Y GOMEZ SURRY HILLS NS AUS Card xx8935 Value Date: 09/07/2026","+1166.97"
11/07/2026,"-7.10","ZARRAFAS COFFEE NERANG NERANG AUS Card xx8935 Value Date: 09/07/2026","+1210.27"
10/07/2026,"-18.32","SSLSC","+1217.37"
10/07/2026,"-35.95","SP OZ HAIR BEAUTY Miranda AU","+1235.69"
10/07/2026,"-15.43","SQ *KOOCO ESPRESSO BAR ROBINA TOWN C AU","+1271.64"
10/07/2026,"-53.00","Mecca Robina Brisbane AU","+1287.07"
10/07/2026,"-30.70","GUZMAN Y GOMEZ SURRY HILLS NS AUS Card xx8935 Value Date: 08/07/2026","+1340.07"
10/07/2026,"-7.50","MITRE 10 BUNDALL BUNDALL QL AUS Card xx5231 Value Date: 07/07/2026","+1370.77"
09/07/2026,"-12.49","Yo-Chi Robina Robina AU","+1378.27"
09/07/2026,"-2.20","CIRCUM VENDING MENTONE VI AUS Card xx8935 Value Date: 07/07/2026","+1390.76"
09/07/2026,"-92.99","DODO SERVICES PTY LTD MELBOURNE VI AUS Card xx5231 Value Date: 07/07/2026","+1392.96"
08/07/2026,"-30.95","Direct Debit 010758 AHM 51150161","+1485.95"
08/07/2026,"-86.20","Direct Debit 613602 QP EMF RobinaHom DT.5ncb9b QKP_QP E","+1516.90"
08/07/2026,"-400.00","Transfer To Wise Australia Pty Ltd PayID Email from CommBank App car","+1603.10"
08/07/2026,"-129.99","MEDICII LABORATORIES","+2003.10"
08/07/2026,"-1125.21","Transfer to xx8243 CommBank app","+2133.09"
08/07/2026,"+3000.00","Fast Transfer From MICHEL EDUBAS To joint","+3258.30"
08/07/2026,"-18.50","SQ *EAST COAST ROAST Nerang AU","+258.30"
08/07/2026,"-33.73","WOOLWORTHS 2764 NERANG QL AUS Card xx5231 Value Date: 06/07/2026","+276.80"
08/07/2026,"-13.10","SALTWATER OXENFORD OXENFORD AUS Card xx5231 Value Date: 03/07/2026","+310.53"
08/07/2026,"-6.10","ZARRAFAS COFFEE NERANG NERANG AUS Card xx5231 Value Date: 06/07/2026","+323.63"
07/07/2026,"-200.00","Loan Repayment LN REPAY 472766573","+329.73"
07/07/2026,"-645.00","Transfer To Castle Property Managers CommBank App 102701","+529.73"
07/07/2026,"+1100.00","Transfer from xx9058 CommBank app","+1174.73"
07/07/2026,"-28.45","BETTY'S BURGERS AUSTRA BROADBEACH AUS Card xx5231 Value Date: 02/07/2026","+74.73"
07/07/2026,"-1.10","OFFICEWORKS 0422 NERAN HIGHLAND PARK QL AUS Card xx5231 Value Date: 04/07/2026","+103.18"
07/07/2026,"-1.00","TRANSLINK TICKETING QLD AUS Card xx8935 Value Date: 03/07/2026","+104.28"
07/07/2026,"-28.37","BAM BAM BAKEHOUSE MERMAID BEACH QL AUS Card xx8935 Value Date: 05/07/2026","+105.28"
07/07/2026,"-47.04","UBER *TRIP HELP.UBER.C Sydney AU AUS Card xx8935 Value Date: 05/07/2026","+133.65"
06/07/2026,"-17.95","THE TRUSTEE FOR NOURIS NERANG AU","+180.69"
04/07/2026,"-2000.00","Wdl ATM CBA ATM MY CTR NERANG QLD 445096 AUS","+198.64"
04/07/2026,"+500.00","Transfer from xx1300 CommBank app","+2198.64"
04/07/2026,"+83.40","Refund Purchase ZaraAU_Pos GOLD COAST AU","+1698.64"
04/07/2026,"-4.55","Sushi Jiro Pa Broadbeach QL AUS Card xx8935 Value Date: 02/07/2026","+1615.24"
04/07/2026,"-0.50","TRANSLINK TICKETING QLD AUS Card xx8935 Value Date: 02/07/2026","+1619.79"
04/07/2026,"-14.23","SHANDIZ CAFE BAR RESTA SURFERS PARAD AU AUS Card xx5231 Value Date: 01/07/2026","+1620.29"
03/07/2026,"-4.60","DAITO QUEENSLAND PTY LTDDORMEAU AU","+1634.52"
03/07/2026,"-15.43","SQ *KOOCO ESPRESSO BAR ROBINA TOWN C AU","+1639.12"
03/07/2026,"-90.80","Transfer to xx8243 CommBank app","+1654.55"
03/07/2026,"-66.17","WOOLWORTHS 2764 NERANG QL AUS Card xx5231 Value Date: 01/07/2026","+1745.35"
03/07/2026,"-22.44","DIGITALOCEAN.COM GROSVENOR PLA NS AUS Card xx5231 Value Date: 01/07/2026","+1811.52"
03/07/2026,"-6.00","COFFEE CLUB SRFR PRD SURFERS PARAD QL AUS Card xx5231 Value Date: 30/06/2026","+1833.96"
03/07/2026,"-11.55","ZARRAFAS COFFEE NERANG NERANG AUS Card xx8935 Value Date: 01/07/2026","+1839.96"
02/07/2026,"-50.03","Direct Debit 389998 Pet Insurance 98415375","+1851.51"
02/07/2026,"-83.40","ZaraAU_Pos GOLD COAST AU","+1901.54"
02/07/2026,"-6.29","YOMG Pacific Fair Broadbeach WaAU","+1984.94"
02/07/2026,"-25.10","GUZMAN Y GOMEZ SURRY HILLS NS AUS Card xx5231 Value Date: 30/06/2026","+1991.23"
02/07/2026,"-8.92","EasyPark","+2016.33"
01/07/2026,"-30.00","EMF NERANG NERANG AU","+2025.25"
01/07/2026,"-16.00","SQ *EAST COAST ROAST Nerang AU","+2055.25"
01/07/2026,"-1.00","CIRCUM VENDING MENTONE VI AUS Card xx8935 Value Date: 29/06/2026","+2071.25"
01/07/2026,"-47.00","Afterpay afterpay.com AU AUS Card xx8935 Value Date: 29/06/2026","+2072.25"
01/07/2026,"-28.31","GOLD COAST DRY CLEANIN BUNDALL AU AUS Card xx5231 Value Date: 29/06/2026","+2119.25"
01/07/2026,"-5.10","CC TO GC PTY LTD Nerang AU AUS Card xx5231 Value Date: 29/06/2026","+2147.56"
01/07/2026,"-16.00","SALVOS STORES ROBINA QL AUS Card xx5231 Value Date: 27/06/2026","+2152.66"
01/07/2026,"-24.94","STAR OF THE SEA TUCK MERRIMAC QL AUS Card xx5231 Value Date: 27/06/2026","+2168.66"
01/07/2026,"-6.18","SQ *STAIRWELL COFFEE Surfers Parad QL AUS Card xx5231 Value Date: 30/06/2026","+2193.60"
01/07/2026,"-7.10","ZARRAFAS COFFEE NERANG NERANG AUS Card xx5231 Value Date: 29/06/2026","+2199.78"
30/06/2026,"-200.00","Loan Repayment LN REPAY 472766573","+2206.88"
30/06/2026,"-90.00","Transfer To Mariana Groth da silva PayID Phone from CommBank App Anastasia","+2406.88"
30/06/2026,"-645.00","Transfer To Castle Property Managers CommBank App 102701","+2496.88"
30/06/2026,"+1000.00","Transfer from xx9058 CommBank app","+3141.88"
30/06/2026,"-13.50","SQ *EAST COAST ROAST Nerang AU","+2141.88"
30/06/2026,"-52.49","HELENSVALEDFB L0851 HELENSVALE QL AUS Card xx5231 Value Date: 26/06/2026","+2155.38"
30/06/2026,"-54.35","WOOLWORTHS 2713 HELENSVALE QL AUS Card xx5231 Value Date: 26/06/2026","+2207.87"
30/06/2026,"-65.00","Optus Billing MacquariePark NS AUS Card xx5231 Value Date: 25/06/2026","+2262.22"
30/06/2026,"-55.00","KMART 1101 SOUTHPORT QL AUS Card xx5231 Value Date: 27/06/2026","+2327.22"
30/06/2026,"-35.30","GYG Southport Southport QL AUS Card xx5231 Value Date: 27/06/2026","+2382.22"
30/06/2026,"-61.49","COLES 4501 NERANG QL AUS Card xx5231 Value Date: 27/06/2026","+2417.52"
30/06/2026,"-91.98","CBeach Robina Robina AU AUS Card xx5231 Value Date: 28/06/2026","+2479.01"
30/06/2026,"-13.74","Coffee Boothers Merrimac QL AUS Card xx5231 Value Date: 28/06/2026","+2570.99"
30/06/2026,"-59.99","AMAZON AU RETAIL SYDNEY AUS Card xx5231 Value Date: 27/06/2026","+2584.73"
30/06/2026,"-19.28","BUNNINGS 431000 HIGHLAND PARK AUS Card xx5231 Value Date: 27/06/2026","+2644.72"
30/06/2026,"-54.66","THAIGER DINE IN & TAK Oxenford QL AUS Card xx8935 Value Date: 26/06/2026","+2664.00"
30/06/2026,"-6.10","ZARRAFAS COFFEE NERANG NERANG AUS Card xx8935 Value Date: 27/06/2026","+2718.66"
29/06/2026,"-30.95","Direct Debit 010758 AHM 52803464","+2724.76"
27/06/2026,"-122.00","PETBARN ROBINAHOME ROBINA QLDAU","+2755.71"
27/06/2026,"-6.18","SQ *STAIRWELL COFFEE Surfers Parad QL AUS Card xx5231 Value Date: 25/06/2026","+2877.71"
27/06/2026,"-8.92","EasyPark PRAHRAN AU AUS Card xx5231 Value Date: 26/06/2026","+2883.89"
27/06/2026,"-50.03","PET INSURANCE PAYMENT CHATSWOOD AUS Card xx5231 Value Date: 24/06/2026","+2892.81"
27/06/2026,"-12.55","ZARRAFAS COFFEE NERANG NERANG AUS Card xx5231 Value Date: 25/06/2026","+2942.84"
27/06/2026,"-98.29","Optus Billing MacquariePark NS AUS Card xx8935 Value Date: 24/06/2026","+2955.39"
26/06/2026,"-4.43","International Transaction Fee Value Date: 24/06/2026","+3053.68"
26/06/2026,"-126.63","Revolut**6164* Dublin D IRL Card xx8935 EUR 77.00 Value Date: 24/06/2026","+3058.11"
26/06/2026,"-14.99","APPLE.COM/BILL SYDNEY NS AUS Card xx8935 Value Date: 24/06/2026","+3184.74"
26/06/2026,"-69.68","COLES 4501 NERANG QL AUS Card xx5231 Value Date: 24/06/2026","+3199.73"
26/06/2026,"-20.00","BROADBEACH SOUTH STA BROADBEACH AUS Card xx5231 Value Date: 23/06/2026","+3269.41"
25/06/2026,"-255.00","Transfer to xx8243 CommBank app","+3289.41"
25/06/2026,"-11.16","SKYNET OCEANIA PTY LTD SURFERS PARAD AUS Card xx5231 Value Date: 23/06/2026","+3544.41"
25/06/2026,"-1.00","TRANSLINK TICKETING QLD AUS Card xx5231 Value Date: 23/06/2026","+3555.57"
25/06/2026,"-8.92","EasyPark","+3556.57"
24/06/2026,"-86.20","Direct Debit 613602 QP EMF RobinaHom DT.5l8nzw QKP_QP E","+3565.49"
24/06/2026,"-300.00","Transfer To Wise Australia Pty Ltd PayID Email from CommBank App to mamang","+3651.69"
24/06/2026,"+1600.00","Fast Transfer From MICHEL EDUBAS To joint","+3951.69"
24/06/2026,"-15.80","GUZMAN Y GOMEZ SURRY HILLS NS AUS Card xx8935 Value Date: 20/06/2026","+2351.69"
24/06/2026,"-11.22","Vish Fruit & Veg Nerang QL AUS Card xx5231 Value Date: 21/06/2026","+2367.49"
24/06/2026,"-9.95","HINTERLAND CHEMIST NERANG QL AUS Card xx5231 Value Date: 21/06/2026","+2378.71"
24/06/2026,"-23.00","HINTERLAND CHEMIST NERANG QL AUS Card xx5231 Value Date: 21/06/2026","+2388.66"
23/06/2026,"-175.00","Loan Repayment LN REPAY 472766573","+2411.66"
23/06/2026,"+1100.00","Transfer from xx9058 CommBank app","+2586.66"
23/06/2026,"-645.00","Transfer To Castle Property Managers CommBank App 102701","+1486.66"
23/06/2026,"-530.00","Transfer to xx1300 CommBank app","+2131.66"
23/06/2026,"+2600.00","Fast Transfer From MICHEL EDUBAS To joint","+2661.66"
23/06/2026,"-7.10","ZARRAFAS COFFEE NERANG NERANG AUS Card xx8935 Value Date: 19/06/2026","+61.66"
23/06/2026,"-0.50","TRANSLINK TICKETING QLD AUS Card xx8935 Value Date: 19/06/2026","+68.76"
23/06/2026,"-30.00","KMART 1148 ROBINA QL AUS Card xx5231 Value Date: 20/06/2026","+69.26"
23/06/2026,"-6.60","Daiso Robina Robina QL AUS Card xx5231 Value Date: 20/06/2026","+99.26"
23/06/2026,"-7.42","ANOMALY SAN FRANCISCO CA USA Card xx5231 AUD 7.42 Value Date: 20/06/2026","+105.86"
22/06/2026,"-5.00","Unpaid Payment Fee","+113.28"
22/06/2026,"+30.95","Return 22/06/26 Direct Debit 010758 AHM 51150161","+118.28"
22/06/2026,"-30.95","Direct Debit 010758 AHM 51150161","+87.33"
22/06/2026,"-120.00","Transfer to xx1300 CommBank app","+118.28"
22/06/2026,"+120.00","Fast Transfer From AGEING WITH GRACE LTD Ageing with Grace","+238.28"
20/06/2026,"-24.53","BUNNINGS 431000 HIGHLAND PARK AUS Card xx5231 Value Date: 17/06/2026","+118.28"
20/06/2026,"-10.11","Sushi Jiro Pa Broadbeach QL AUS Card xx8935 Value Date: 18/06/2026","+142.81"
20/06/2026,"-11.70","GUZMAN Y GOMEZ SURRY HILLS NS AUS Card xx8935 Value Date: 18/06/2026","+152.92"
19/06/2026,"-708.62","Transfer to xx8243 CommBank app","+164.62"
19/06/2026,"+800.00","Transfer from xx1300 CommBank app","+873.24"
19/06/2026,"-19.00","SQ *COASTAL CRAVE PIZZ Miami QL AUS Card xx5231 Value Date: 17/06/2026","+73.24"
19/06/2026,"-23.00","SQ *MIAMI MARKETTA Miami QL AUS Card xx5231 Value Date: 17/06/2026","+92.24"
19/06/2026,"-19.00","Burleigh British Chipp Burleigh Wate AU AUS Card xx5231 Value Date: 17/06/2026","+115.24"
19/06/2026,"-6.10","ZARRAFAS COFFEE NERANG NERANG AUS Card xx5231 Value Date: 17/06/2026","+134.24"
18/06/2026,"-5.00","Unpaid Payment Fee","+140.34"
18/06/2026,"+50.03","Return 18/06/26 Direct Debit 389998 Pet Insurance 98017892","+145.34"
18/06/2026,"-50.03","Direct Debit 389998 Pet Insurance 98017892","+95.31"
18/06/2026,"-3.80","MCDONALDS PAC FAIR BROADBEACH QLDAU","+145.34"
18/06/2026,"-38.38","ZLR*Pitstop Smokehouse Nerang AU","+149.14"
18/06/2026,"-38.78","CHEMIST WAREHOUSE NERANG QL AUS Card xx5231 Value Date: 16/06/2026","+187.52"
18/06/2026,"-102.99","DODO SERVICES PTY LTD MELBOURNE VI AUS Card xx5231 Value Date: 16/06/2026","+226.30"
18/06/2026,"-20.00","LIQUORLAND 6599 NERANG QL AUS Card xx5231 Value Date: 16/06/2026","+329.29"
18/06/2026,"-31.32","COLES 4501 NERANG QL AUS Card xx5231 Value Date: 16/06/2026","+349.29"
18/06/2026,"-6.57","Vish Fruit & Veg Nerang QL AUS Card xx5231 Value Date: 15/06/2026","+380.61"
17/06/2026,"-17.34","SQ *BIGOLI Mermaid Water AU","+387.18"
17/06/2026,"-179.00","Pure Water Systems NetBank BPAY 37960 115030330","+404.52"
17/06/2026,"-32.40","GUZMAN Y GOMEZ SURRY HILLS NS AUS Card xx8935 Value Date: 15/06/2026","+583.52"
17/06/2026,"-15.80","GUZMAN Y GOMEZ SURRY HILLS NS AUS Card xx8935 Value Date: 13/06/2026","+615.92"
17/06/2026,"-24.60","GUZMAN Y GOMEZ SURRY HILLS NS AUS Card xx8935 Value Date: 13/06/2026","+631.72"
17/06/2026,"-59.99","GHANDA ROBINA TOWN C AUS Card xx8935 Value Date: 14/06/2026","+656.32"
17/06/2026,"-28.31","GOLD COAST DRY CLEANIN BUNDALL AU AUS Card xx5231 Value Date: 15/06/2026","+716.31"
17/06/2026,"-13.61","WOOLWORTHS 2764 NERANG QL AUS Card xx5231 Value Date: 15/06/2026","+744.62"
17/06/2026,"-11.00","SALVOS STORES NERANG QL AUS Card xx5231 Value Date: 13/06/2026","+758.23"
17/06/2026,"-29.52","STAR OF THE SEA TUCK MERRIMAC QL AUS Card xx5231 Value Date: 14/06/2026","+769.23"
17/06/2026,"-14.60","ALDI STORES HELENSVALE AUS Card xx5231 Value Date: 12/06/2026","+798.75"
17/06/2026,"-6.10","ZARRAFAS COFFEE NERANG NERANG AUS Card xx5231 Value Date: 15/06/2026","+813.35"
16/06/2026,"-175.00","Loan Repayment LN REPAY 472766573","+819.45"
16/06/2026,"+200.00","Transfer from xx9058 CommBank app","+994.45"
16/06/2026,"-645.00","Transfer To Castle Property Managers CommBank App 102701","+794.45"
16/06/2026,"+1100.00","Transfer from xx9058 CommBank app","+1439.45"
16/06/2026,"-12.33","UBER *TRIP HELP.UBER.C Sydney AU AUS Card xx8935 Value Date: 12/06/2026","+339.45"
16/06/2026,"-23.98","DAN MURPHY'S 2419 NERANG QL AUS Card xx8935 Value Date: 13/06/2026","+351.78"
16/06/2026,"-24.24","WOOLWORTHS 2759 BIGGERA WTRS QL AUS Card xx8935 Value Date: 13/06/2026","+375.76"
16/06/2026,"-6.04","The Coffee Club Helens Helensvale QL AUS Card xx8935 Value Date: 12/06/2026","+400.00"
16/06/2026,"-21.37","Afterpay afterpay.com AU AUS Card xx8935 Value Date: 14/06/2026","+406.04"
16/06/2026,"-25.00","CeX Webuy Helensvale AU AUS Card xx5231 Value Date: 12/06/2026","+427.41"
16/06/2026,"-129.13","THAIGER DINE IN & TAK Oxenford QL AUS Card xx5231 Value Date: 12/06/2026","+452.41"
16/06/2026,"-29.80","Grilld Pty Ltd 99 BIGGERA WATER AU AUS Card xx5231 Value Date: 13/06/2026","+581.54"
16/06/2026,"-17.83","COLES 4555 ARUNDEL QL AUS Card xx5231 Value Date: 14/06/2026","+611.34"
16/06/2026,"-2.00","COTTON ON HARBOURTOW BIGGERA WATER QL AUS Card xx5231 Value Date: 13/06/2026","+629.17"
16/06/2026,"-70.10","Shaver Shop Harbour Tw Biggera Water QL AUS Card xx5231 Value Date: 13/06/2026","+631.17"
16/06/2026,"-50.00","BILLABONG 2800 ASHMORE AUS Card xx5231 Value Date: 13/06/2026","+701.27"
15/06/2026,"-90.00","Transfer To Mariana Groth da silva PayID Phone from CommBank App Anastasia","+751.27"
14/06/2026,"-7.41","SQ *KOOCO ESPRESSO BAR ROBINA TOWN C AU","+841.27"
13/06/2026,"-25.80","Grilld Pty Ltd 99","+848.68"
13/06/2026,"-57.45","WOOLWORTHS 2764 NERANG QL AUS Card xx5231 Value Date: 11/06/2026","+874.48"
13/06/2026,"-14.59","SQ *CAFFEINATION BURLE Burleigh Head QL AUS Card xx5231 Value Date: 12/06/2026","+931.93"
12/06/2026,"-130.00","Transfer To Mariia Kartuzova CommBank App Nails","+946.52"
12/06/2026,"-4.67","Sushi Naya QLD Westfi Helensvale AU","+1076.52"
12/06/2026,"-45.00","HEALTHY PETS PLUS","+1081.19"
12/06/2026,"-2.45","WOOLWORTHS 2645 ROBINA QL AUS Card xx8935 Value Date: 10/06/2026","+1126.19"
12/06/2026,"-39.40","GUZMAN Y GOMEZ SURRY HILLS NS AUS Card xx8935 Value Date: 10/06/2026","+1128.64"
12/06/2026,"-6.80","ZARRAFAS COFFEE NERANG NERANG AUS Card xx8935 Value Date: 10/06/2026","+1168.04"
12/06/2026,"-77.45","BUDGET DIRECT TOOWONG QL AUS Card xx5231 Value Date: 10/06/2026","+1174.84"
11/06/2026,"-10.50","SQ *EAST COAST ROAST Nerang AU","+1252.29"
11/06/2026,"-31.70","GUZMAN Y GOMEZ SURRY HILLS NS AUS Card xx8935 Value Date: 09/06/2026","+1262.79"
11/06/2026,"-5.42","TERRYWHITE CHEMMART NE NERANG AUS Card xx8935 Value Date: 09/06/2026","+1294.49"
11/06/2026,"-0.50","TRANSLINK TICKETING QLD AUS Card xx8935 Value Date: 09/06/2026","+1299.91"
11/06/2026,"-62.38","WOOLWORTHS 2764 NERANG QL AUS Card xx5231 Value Date: 09/06/2026","+1300.41"
10/06/2026,"-86.20","Direct Debit 613602 QP EMF RobinaHom DT.5j6s3u QKP_QP E","+1362.79"
10/06/2026,"-14.00","TARGET 5126 ROBINA AU","+1448.99"
10/06/2026,"-8.00","KMART 1148 ROBINA AU","+1462.99"
10/06/2026,"-6.60","Daiso Robina Robina AU","+1470.99"
10/06/2026,"-22.99","QBD THE BOOKSHOP ROBINA AU","+1477.59"
10/06/2026,"-67.00","Mecca Robina Brisbane AU","+1500.58"
10/06/2026,"-21.70","GUZMAN Y GOMEZ SURRY HILLS NS AUS Card xx8935 Value Date: 06/06/2026","+1567.58"
10/06/2026,"-70.20","GREENCROSS VETS NERANG QL AUS Card xx5231 Value Date: 05/06/2026","+1589.28"
09/06/2026,"-267.87","Transfer to xx8243 CommBank app","+1659.48"
09/06/2026,"-175.00","Loan Repayment LN REPAY 472766573","+1927.35"
09/06/2026,"+52.65","Direct Credit 428226 Pet Insurance 9202320","+2102.35"
09/06/2026,"-645.00","Transfer To Castle Property Managers CommBank App 102701","+2049.70"
09/06/2026,"+1000.00","Transfer from xx9058 CommBank app","+2694.70"
09/06/2026,"-400.00","Transfer to xx1300 CommBank app","+1694.70"
09/06/2026,"+2000.00","Fast Transfer From MICHEL EDUBAS To joint","+2094.70"
09/06/2026,"-6.04","The Coffee Club Pacifi Broadbeach QL AUS Card xx8935 Value Date: 04/06/2026","+94.70"
09/06/2026,"-13.00","ZARRAFAS COFFEE NERANG NERANG AUS Card xx8935 Value Date: 05/06/2026","+100.74"
09/06/2026,"-0.50","TRANSLINK TICKETING QLD AUS Card xx8935 Value Date: 05/06/2026","+113.74"
09/06/2026,"-47.73","PIADA CO - BURLEIGH GOLD COAST QL AUS Card xx8935 Value Date: 06/06/2026","+114.24"
09/06/2026,"-30.52","Afterpay afterpay.com AU AUS Card xx8935 Value Date: 07/06/2026","+161.97"
09/06/2026,"-5.45","ZARRAFAS COFFEE NERANG NERANG AUS Card xx8935 Value Date: 07/06/2026","+192.49"
09/06/2026,"-65.77","SQ *CASA BRASIL Surfers Parad QL AUS Card xx5231 Value Date: 05/06/2026","+197.94"
09/06/2026,"-6.54","SQ *CAFFEINATION BURLE Burleigh Head QL AUS Card xx5231 Value Date: 05/06/2026","+263.71"
09/06/2026,"-7.10","QUEST COFFEE ROASTERS Burleigh Head QL AUS Card xx5231 Value Date: 06/06/2026","+270.25"
09/06/2026,"-38.30","BUNNINGS 431000 HIGHLAND PARK AUS Card xx5231 Value Date: 05/06/2026","+277.35"
07/06/2026,"-5.35","EasyPark","+315.65"
06/06/2026,"-11.04","Yo-ChiBurleighHeads Burleigh HeadAU","+321.00"
06/06/2026,"-365.00","Transfer To MS MELITA DANINE KIRKPATRICK PayID Phone from CommBank App Anastasia","+332.04"
06/06/2026,"+350.00","Transfer from xx1300 CommBank app","+697.04"
06/06/2026,"-9.10","Vish Fruit & Veg Nerang QL AUS Card xx8935 Value Date: 03/06/2026","+347.04"
06/06/2026,"-77.45","BUDGET DIRECT TOOWONG QL AUS Card xx5231 Value Date: 04/06/2026","+356.14"
06/06/2026,"-30.29","Yumcha Noodle Haus BROADBEACH W AUS Card xx5231 Value Date: 04/06/2026","+433.59"
05/06/2026,"-60.00","WOOLWORTHS 2764 NERANG QL AUS Card xx5231 Value Date: 03/06/2026","+463.88"
05/06/2026,"-62.28","THAIGER DINE IN & TAK Oxenford QL AUS Card xx5231 Value Date: 03/06/2026","+523.88"
05/06/2026,"-32.10","AMPOL NERANG N 11263F NERANG AUS Card xx5231 Value Date: 03/06/2026","+586.16"
05/06/2026,"-35.70","GUZMAN Y GOMEZ SURRY HILLS NS AUS Card xx8935 Value Date: 03/06/2026","+618.26"
04/06/2026,"-50.03","Direct Debit 389998 Pet Insurance 97623704","+653.96"
04/06/2026,"-7.25","YOMG Pacific Fair Broadbeach WaAU","+703.99"
04/06/2026,"-31.10","GUZMAN Y GOMEZ SURRY HILLS NS AUS Card xx8935 Value Date: 02/06/2026","+711.24"
04/06/2026,"-12.60","ZARRAFAS COFFEE NERANG NERANG AUS Card xx5231 Value Date: 02/06/2026","+742.34"
03/06/2026,"-98.29","Optus Billing MacquariePark NS AUS Card xx8935 Value Date: 01/06/2026","+754.94"
03/06/2026,"-13.40","GUZMAN Y GOMEZ SURRY HILLS NS AUS Card xx8935 Value Date: 30/05/2026","+853.23"
03/06/2026,"-21.55","DIGITALOCEAN.COM GROSVENOR PLA NS AUS Card xx5231 Value Date: 01/06/2026","+866.63"
03/06/2026,"-6.04","SQ *CAFFEINATION BURLE Burleigh Head QL AUS Card xx5231 Value Date: 01/06/2026","+888.18"
03/06/2026,"-19.55","IGA LOCAL GROCER MON HELENSVALE QL AUS Card xx5231 Value Date: 30/05/2026","+894.22"
03/06/2026,"-159.79","PETBARN OXENFORD AUS Card xx5231 Value Date: 31/05/2026","+913.77"
03/06/2026,"-38.25","MONTEREY KEYS HELENSVALE AUS Card xx5231 Value Date: 30/05/2026","+1073.56"
02/06/2026,"-175.00","Loan Repayment LN REPAY 472766573","+1111.81"
02/06/2026,"-90.00","Transfer To Mariana Groth da silva PayID Phone from CommBank App Anastasia","+1286.81"
02/06/2026,"+1000.00","Transfer from xx9058 CommBank app","+1376.81"
02/06/2026,"-20.00","Transfer to xx1300 CommBank app","+376.81"
02/06/2026,"-645.00","Transfer To Castle Property Managers CommBank App 102701","+396.81"
02/06/2026,"-14.36","Sushi Jiro Pa Broadbeach QL AUS Card xx8935 Value Date: 29/05/2026","+1041.81"
02/06/2026,"-19.95","VSFA Pacific Fair GOLD COAST AU AUS Card xx8935 Value Date: 29/05/2026","+1056.17"
02/06/2026,"-33.41","UBER *TRIP HELP.UBER.C Sydney AU AUS Card xx8935 Value Date: 29/05/2026","+1076.12"
02/06/2026,"-18.00","GUZMAN Y GOMEZ SURRY HILLS NS AUS Card xx8935 Value Date: 29/05/2026","+1109.53"
02/06/2026,"-35.00","WOOLWORTHS 2764 NERANG QL AUS Card xx8935 Value Date: 30/05/2026","+1127.53"
02/06/2026,"-21.37","Afterpay afterpay.com AU AUS Card xx8935 Value Date: 31/05/2026","+1162.53"
02/06/2026,"-44.99","DAN MURPHY'S 2419 NERANG QL AUS Card xx5231 Value Date: 29/05/2026","+1183.90"
02/06/2026,"-14.50","ZARRAFAS COFFEE NERANG NERANG AUS Card xx5231 Value Date: 29/05/2026","+1228.89"
02/06/2026,"-3.50","VIETNAM VETERANS NERANG AU AUS Card xx5231 Value Date: 30/05/2026","+1243.39"
02/06/2026,"-31.01","PREMIER ENERGY HOPE ISLAND QL AUS Card xx5231 Value Date: 30/05/2026","+1246.89"
02/06/2026,"-29.89","HELENSVALEDFB L0851 HELENSVALE QL AUS Card xx5231 Value Date: 31/05/2026","+1277.90"
02/06/2026,"-66.43","WOOLWORTHS 2713 HELENSVALE QL AUS Card xx5231 Value Date: 31/05/2026","+1307.79"
02/06/2026,"-14.95","KFC Helensvale FC Helensvale FC AU AUS Card xx5231 Value Date: 31/05/2026","+1374.22"
02/06/2026,"-53.44","Rise Bakery Sanctuary Cov AU AUS Card xx5231 Value Date: 31/05/2026","+1389.17"
02/06/2026,"-27.33","THAIGER DINE IN & TAK Oxenford QL AUS Card xx5231 Value Date: 31/05/2026","+1442.61"
02/06/2026,"-8.45","BUNNINGS 431000 HIGHLAND PARK AUS Card xx5231 Value Date: 30/05/2026","+1469.94"
31/05/2026,"-13.10","MCDONALDS HELNSVLE W HELENSVALE QLDAU","+1478.39"
30/05/2026,"-17.00","STAN.COM.AU","+1491.49"
30/05/2026,"-9.95","COSMETIC PLUS ROBINA AUS Card xx8935 Value Date: 27/05/2026","+1508.49"
30/05/2026,"-14.60","COLES 4501 NERANG QL AUS Card xx5231 Value Date: 28/05/2026","+1518.44"
30/05/2026,"-6.54","SQ *CAFFEINATION BURLE Burleigh Head QL AUS Card xx5231 Value Date: 28/05/2026","+1533.04"
29/05/2026,"-30.95","Direct Debit 010758 AHM 52803464","+1539.58"
29/05/2026,"-60.00","Transfer To Mariia Kartuzova CommBank App Soak _","+1570.53"
29/05/2026,"-5.70","YOMG Pacific Fair Broadbeach WaAU","+1630.53"
29/05/2026,"-75.33","WOOLWORTHS 2645 ROBINA QL AUS Card xx8935 Value Date: 27/05/2026","+1636.23"
29/05/2026,"-39.70","GUZMAN Y GOMEZ SURRY HILLS NS AUS Card xx8935 Value Date: 27/05/2026","+1711.56"
29/05/2026,"-13.60","ZARRAFAS COFFEE NERANG NERANG AUS Card xx8935 Value Date: 27/05/2026","+1751.26"
29/05/2026,"-69.00","SP SAGUARO US TUEN MUN NT HKG Card xx5231 AUD 69.00 Value Date: 27/05/2026","+1764.86"
28/05/2026,"-10.70","GUZMAN Y GOMEZ SURRY HILLS NS AUS Card xx8935 Value Date: 26/05/2026","+1833.86"
28/05/2026,"-17.30","GUZMAN Y GOMEZ SURRY HILLS NS AUS Card xx8935 Value Date: 26/05/2026","+1844.56"
28/05/2026,"-170.00","Afterpay afterpay.com AU AUS Card xx8935 Value Date: 26/05/2026","+1861.86"
28/05/2026,"-45.07","Afterpay afterpay.com AU AUS Card xx8935 Value Date: 26/05/2026","+2031.86"
28/05/2026,"-59.00","Optus Billing MacquariePark NS AUS Card xx5231 Value Date: 25/05/2026","+2076.93"
27/05/2026,"-86.20","Direct Debit 613602 QP EMF RobinaHom DT.5h7zvj QKP_QP E","+2135.93"
27/05/2026,"-16.00","Bras N Things Robina AU","+2222.13"
27/05/2026,"-10.00","KMART 1148 ROBINA AU","+2238.13"
27/05/2026,"-16.01","Rise Bakery Sanctuary Cov AU AUS Card xx8935 Value Date: 25/05/2026","+2248.13"
27/05/2026,"-9.70","GUZMAN Y GOMEZ SURRY HILLS NS AUS Card xx8935 Value Date: 25/05/2026","+2264.14"
27/05/2026,"-19.90","GUZMAN Y GOMEZ SURRY HILLS NS AUS Card xx8935 Value Date: 23/05/2026","+2273.84"
27/05/2026,"-14.99","APPLE.COM/BILL SYDNEY AU AUS Card xx8935 Value Date: 24/05/2026","+2293.74"
27/05/2026,"-20.70","COLES 4501 NERANG QL AUS Card xx5231 Value Date: 25/05/2026","+2308.73"
27/05/2026,"-50.17","UNITED SUNNYBANKHILL SUNNYBANK HIL QL AUS Card xx5231 Value Date: 23/05/2026","+2329.43"
27/05/2026,"-25.70","MCDONALDS BENOWA BENOWA QL AUS Card xx5231 Value Date: 23/05/2026","+2379.60"
26/05/2026,"-175.00","Loan Repayment LN REPAY 472766573","+2405.30"
26/05/2026,"-630.00","Transfer To Castle Property Managers CommBank App 102701","+2580.30"
26/05/2026,"+1100.00","Transfer from xx9058 CommBank app","+3210.30"
26/05/2026,"-207.60","Transfer to xx8243 CommBank app","+2110.30"
26/05/2026,"+2100.00","Fast Transfer From MICHEL EDUBAS To joint","+2317.90"
26/05/2026,"-13.99","DAN MURPHY'S 2419 NERANG QL AUS Card xx5231 Value Date: 22/05/2026","+217.90"
26/05/2026,"-24.00","COLES 4501 NERANG QL AUS Card xx5231 Value Date: 22/05/2026","+231.89"
26/05/2026,"-40.60","ZLR*Maru Grill House Brisbane AU AUS Card xx5231 Value Date: 23/05/2026","+255.89"
26/05/2026,"-27.90","DAN MURPHY'S 2419 NERANG QL AUS Card xx5231 Value Date: 23/05/2026","+296.49"
26/05/2026,"-63.65","COLES 4501 NERANG QL AUS Card xx5231 Value Date: 23/05/2026","+324.39"
26/05/2026,"-2.50","IKEA LOGAN SLACKS CREEK QL AUS Card xx5231 Value Date: 23/05/2026","+388.04"
26/05/2026,"-49.99","IKEA LOGAN SLACKS CREEK QL AUS Card xx5231 Value Date: 23/05/2026","+390.54"
26/05/2026,"-25.28","HOLY HAND EXPRESS HAIR NERANG AUS Card xx5231 Value Date: 23/05/2026","+440.53"
26/05/2026,"-22.99","DAN MURPHY'S 2419 NERANG QL AUS Card xx5231 Value Date: 24/05/2026","+465.81"
26/05/2026,"-0.50","TRANSLINK TICKETING QLD AUS Card xx5231 Value Date: 24/05/2026","+488.80"
26/05/2026,"-1.00","ALTANDI STATION SUNNYBANK AUS Card xx5231 Value Date: 23/05/2026","+489.30"
26/05/2026,"-11.55","ZARRAFAS COFFEE NERANG NERANG AUS Card xx8935 Value Date: 22/05/2026","+490.30"
26/05/2026,"-15.03","Afterpay afterpay.com AU AUS Card xx8935 Value Date: 24/05/2026","+501.85"
24/05/2026,"-30.61","Transfer To Wise Australia Pty Ltd PayID Email from CommBank App medicine","+516.88"
23/05/2026,"-75.00","Transfer to xx9058 CommBank app","+547.49"
23/05/2026,"-20.00","Wdl ATM CBA ATM MY CTR NERANG QLD 445096 AUS","+622.49"
23/05/2026,"-180.00","Transfer to xx8243 CommBank app","+642.49"
23/05/2026,"+180.00","Fast Transfer From AGEING WITH GRACE LTD Ageing with Grace","+822.49"
23/05/2026,"-23.10","GUZMAN Y GOMEZ SURRY HILLS NS AUS Card xx8935 Value Date: 21/05/2026","+642.49"
23/05/2026,"-6.54","SQ *CAFFEINATION BURLE Burleigh Head QL AUS Card xx5231 Value Date: 21/05/2026","+665.59"
23/05/2026,"-6.54","SQ *CAFFEINATION BURLE Burleigh Head QL AUS Card xx5231 Value Date: 22/05/2026","+672.13"
22/05/2026,"-6.00","SQ *EAST COAST ROAST Nerang AU","+678.67"
22/05/2026,"-31.00","GUZMAN Y GOMEZ SURRY HILLS NS AUS Card xx8935 Value Date: 20/05/2026","+684.67"
22/05/2026,"-0.50","TRANSLINK TICKETING QLD AUS Card xx8935 Value Date: 20/05/2026","+715.67"
22/05/2026,"-40.83","CC TO GC PTY LTD Nerang AU AUS Card xx5231 Value Date: 20/05/2026","+716.17"
22/05/2026,"-9.80","SUSHI HUB ROBINA ROBINA TOWN C QL AUS Card xx5231 Value Date: 19/05/2026","+757.00"
22/05/2026,"+37.97","Return AMAZON AU MARKETPLACE SYDNEY AUS Card xx5231 Value Date: 20/05/2026","+766.80"
21/05/2026,"-30.95","Direct Debit 010758 AHM 51150161","+728.83"
21/05/2026,"-50.03","Direct Debit 389998 Pet Insurance 97235532","+759.78"
21/05/2026,"-6.95","SP SHOP.EMFPC.COM.AU NERANG AU","+809.81"
21/05/2026,"-2.20","CIRCUM VENDING MENTONE VI AUS Card xx8935 Value Date: 19/05/2026","+816.76"
21/05/2026,"-12.20","ZARRAFAS COFFEE NERANG NERANG AUS Card xx8935 Value Date: 19/05/2026","+818.96"
21/05/2026,"-70.25","WOOLWORTHS 2645 ROBINA QL AUS Card xx5231 Value Date: 19/05/2026","+831.16"
21/05/2026,"-12.00","LIQUORLAND 6471 ROBINA QL AUS Card xx5231 Value Date: 19/05/2026","+901.41"
20/05/2026,"-4.75","OFFICEWORKS 0422 NERANG AU","+913.41"
20/05/2026,"-25.00","Transfer To Karen Kahu CommBank App Gift for Wendy _","+918.16"
20/05/2026,"-17.30","GUZMAN Y GOMEZ SURRY HILLS NS AUS Card xx8935 Value Date: 16/05/2026","+943.16"
20/05/2026,"-43.50","PETBARN NERANG AUS Card xx5231 Value Date: 16/05/2026","+960.46"
20/05/2026,"-14.10","SALTWATER OXENFORD OXENFORD AUS Card xx5231 Value Date: 15/05/2026","+1003.96"
20/05/2026,"-22.70","MCDONALDS HELENSVALE HELENSVALE QL AUS Card xx5231 Value Date: 16/05/2026","+1018.06"
20/05/2026,"-50.97","PEARL ENERGY ROBINA ROBINA QL AUS Card xx5231 Value Date: 17/05/2026","+1040.76"
19/05/2026,"-175.00","Loan Repayment LN REPAY 472766573","+1091.73"
19/05/2026,"-90.00","Transfer To Mariana Groth da silva PayID Phone from CommBank App Anastasia","+1266.73"
19/05/2026,"+1100.00","Transfer from xx9058 CommBank app","+1356.73"
19/05/2026,"-630.00","Transfer To Castle Property Managers CommBank App 102701","+256.73"
19/05/2026,"-2.26","International Transaction Fee Value Date: 15/05/2026","+886.73"
19/05/2026,"-64.46","TRBT/tribute.tg Paphos CY CYP Card xx8935 EUR 39.80 Value Date: 15/05/2026","+888.99"
19/05/2026,"-13.56","HELENSVALEDFB L0851 HELENSVALE QL AUS Card xx8935 Value Date: 16/05/2026","+953.45"
19/05/2026,"-0.80","WOOLWORTHS 2713 HELENSVALE QL AUS Card xx8935 Value Date: 16/05/2026","+967.01"
19/05/2026,"-12.00","ZARRAFAS COFFEE NERANG NERANG AUS Card xx8935 Value Date: 16/05/2026","+967.81"
19/05/2026,"-40.00","TARGET 5198 HELENSVALE QL AUS Card xx8935 Value Date: 17/05/2026","+979.81"
19/05/2026,"-7.45","ZARRAFAS COFFEE NERANG NERANG AUS Card xx8935 Value Date: 17/05/2026","+1019.81"
19/05/2026,"-7.95","ZLR*Cinnabon Robina Robina AU AUS Card xx5231 Value Date: 14/05/2026","+1027.26"
19/05/2026,"-62.79","THAIGER DINE IN & TAK Oxenford QL AUS Card xx5231 Value Date: 15/05/2026","+1035.21"
19/05/2026,"-28.04","HELENSVALEDFB L0851 HELENSVALE QL AUS Card xx5231 Value Date: 17/05/2026","+1098.00"
19/05/2026,"-96.17","WOOLWORTHS 2713 HELENSVALE QL AUS Card xx5231 Value Date: 17/05/2026","+1126.04"
19/05/2026,"-23.43","BUNNINGS 431000 HIGHLAND PARK AUS Card xx5231 Value Date: 16/05/2026","+1222.21"
18/05/2026,"-25.00","Transfer To Wise Australia Pty Ltd PayID Email from CommBank App help jonald","+1245.64"
17/05/2026,"-33.80","ZLR*Hidden Gem cafe tug tugun AU","+1270.64"
16/05/2026,"-25.91","SUNNY DOLL JAPANESE ASCOT AU","+1304.44"
16/05/2026,"-14.30","MCDONALDS OXENFORD OXENFORD QLDAU","+1330.35"
16/05/2026,"-3.50","COLES 4584 HELENSVALE AU","+1344.65"
16/05/2026,"-28.00","GUZMAN Y GOMEZ SURRY HILLS NS AUS Card xx8935 Value Date: 14/05/2026","+1348.15"
16/05/2026,"-44.61","WOOLWORTHS 2645 ROBINA QL AUS Card xx5231 Value Date: 14/05/2026","+1376.15"
16/05/2026,"-20.13","7-ELEVEN 4212 WORONG CARRARA QL AUS Card xx5231 Value Date: 14/05/2026","+1420.76"
15/05/2026,"-420.00","Transfer to xx1300 CommBank app","+1440.89"
15/05/2026,"-200.00","Transfer to xx6573 CommBank app","+1860.89"
15/05/2026,"+620.00","Fast Transfer From MR JACOB WISSA TAWFIK CREDIT TO ACCOUNT INV-5BD2C576","+2060.89"
15/05/2026,"-4.90","COLES 4501 NERANG QL AUS Card xx5231 Value Date: 13/05/2026","+1440.89"
15/05/2026,"-19.35","COLES 4501 NERANG QL AUS Card xx5231 Value Date: 13/05/2026","+1445.79"
15/05/2026,"-37.97","AMAZON AU MARKETPLACE SYDNEY AUS Card xx5231 Value Date: 12/05/2026","+1465.14"
15/05/2026,"-29.90","GUZMAN Y GOMEZ SURRY HILLS NS AUS Card xx8935 Value Date: 13/05/2026","+1503.11"
15/05/2026,"-98.00","Fresha Sydney AU AUS Card xx8935 Value Date: 13/05/2026","+1533.01"
14/05/2026,"-4.50","SQ *EAST COAST ROAST Nerang AU","+1631.01"
14/05/2026,"-13.95","DAN MURPHY'S 2419 NERANG QL AUS Card xx5231 Value Date: 12/05/2026","+1635.51"
14/05/2026,"-77.45","BUDGET DIRECT TOOWONG QL AUS Card xx5231 Value Date: 12/05/2026","+1649.46"
14/05/2026,"-12.20","ZARRAFAS COFFEE NERANG NERANG AUS Card xx5231 Value Date: 12/05/2026","+1726.91"
13/05/2026,"-86.20","Direct Debit 613602 QP EMF RobinaHom DT.5fa1ze QKP_QP E","+1739.11"
13/05/2026,"-14.10","BROADBEACH DAY AND N BROADBEACH QLDAU","+1825.31"
13/05/2026,"-13.00","SALVOS STORES ROBINA QL AUS Card xx5231 Value Date: 09/05/2026","+1839.41"
13/05/2026,"-213.39","ALINTA ENERGY SYDNEY NS AUS Card xx5231 Value Date: 12/05/2026","+1852.41"
13/05/2026,"-24.80","GUZMAN Y GOMEZ SURRY HILLS NS AUS Card xx8935 Value Date: 10/05/2026","+2065.80"
12/05/2026,"-175.00","Loan Repayment LN REPAY 472766573","+2090.60"
12/05/2026,"-400.00","Transfer To Wise Australia Pty Ltd PayID Email from CommBank App car","+2265.60"
12/05/2026,"-300.00","Transfer to xx1300 CommBank app","+2665.60"
12/05/2026,"-630.00","Transfer To Castle Property Managers CommBank App 102701","+2965.60"
12/05/2026,"+1000.00","Transfer from xx9058 CommBank app","+3595.60"
12/05/2026,"-45.00","HEALTHY PETS PLUS","+2595.60"
12/05/2026,"-21.70","GUZMAN Y GOMEZ SURRY HILLS NS AUS Card xx8935 Value Date: 08/05/2026","+2640.60"
12/05/2026,"-59.90","TEMU.COM PARRAMATTA NS AUS Card xx8935 Value Date: 08/05/2026","+2662.30"
12/05/2026,"-105.70","WOOLWORTHS 2764 NERANG QL AUS Card xx8935 Value Date: 10/05/2026","+2722.20"
12/05/2026,"-7.10","ZARRAFAS COFFEE NERANG NERANG AUS Card xx8935 Value Date: 10/05/2026","+2827.90"
12/05/2026,"+34.15","Return TEMU.COM PARRAMATTA NS AUS Card xx8935 Value Date: 09/05/2026","+2835.00"
12/05/2026,"+25.75","Return TEMU.COM PARRAMATTA NS AUS Card xx8935 Value Date: 08/05/2026","+2800.85"
12/05/2026,"-22.00","LIQUORLAND 6599 NERANG QL AUS Card xx5231 Value Date: 08/05/2026","+2775.10"
12/05/2026,"-6.80","COLES 4501 NERANG QL AUS Card xx5231 Value Date: 08/05/2026","+2797.10"
12/05/2026,"-13.95","DAN MURPHY'S 2419 NERANG QL AUS Card xx5231 Value Date: 09/05/2026","+2803.90"
12/05/2026,"-9.51","Yo-Chi Robina Robina QL AUS Card xx5231 Value Date: 09/05/2026","+2817.85"
12/05/2026,"-12.60","ZARRAFAS COFFEE NERANG NERANG AUS Card xx5231 Value Date: 09/05/2026","+2827.36"
12/05/2026,"+2500.00","Fast Transfer From MICHEL EDUBAS To joint","+2839.96"
10/05/2026,"-45.00","HEALTHY PETS PLUS","+339.96"
10/05/2026,"+150.00","Transfer from xx1300 CommBank app","+384.96"
09/05/2026,"+40.00","Transfer from xx9058 CommBank app","+234.96"
09/05/2026,"-160.00","Transfer To Mariia Kartuzova CommBank App Anastasia","+194.96"
09/05/2026,"+100.00","Transfer from xx1300 CommBank app","+354.96"
09/05/2026,"-10.72","Sushi Jiro Pa Broadbeach QL AUS Card xx8935 Value Date: 07/05/2026","+254.96"
09/05/2026,"-29.20","COLES 4368 BROADBEACH QL AUS Card xx8935 Value Date: 07/05/2026","+265.68"
09/05/2026,"-79.30","GOEATALIANO OXENFORD QL AUS Card xx5231 Value Date: 06/05/2026","+294.88"
08/05/2026,"-86.89","DODO SERVICES PTY LTD MELBOURNE VI AUS Card xx5231 Value Date: 06/05/2026","+374.18"
07/05/2026,"-50.03","Direct Debit 389998 Pet Insurance 96836885","+461.07"
07/05/2026,"-4.96","YOMG Pacific Fair Broadbeach WaAU","+511.10"
07/05/2026,"-59.55","WOOLWORTHS 2534 ROBINA QL AUS Card xx5231 Value Date: 05/05/2026","+516.06"
07/05/2026,"-55.54","HOPE ENERGY MOLENDINAR MOLENDINAR QL AUS Card xx5231 Value Date: 04/05/2026","+575.61"
07/05/2026,"-23.00","MCDONALDS NERANG NERANG QL AUS Card xx5231 Value Date: 04/05/2026","+631.15"
07/05/2026,"-11.10","HANARO TRADING PTY LTD ROBINA AUS Card xx5231 Value Date: 05/05/2026","+654.15"
07/05/2026,"-10.00","GUZMAN Y GOMEZ SURRY HILLS NS AUS Card xx8935 Value Date: 05/05/2026","+665.25"
06/05/2026,"-80.00","Transfer to xx9058 CommBank app","+675.25"
06/05/2026,"-29.00","GUZMAN Y GOMEZ SURRY HILLS NS AUS Card xx8935 Value Date: 03/05/2026","+755.25"
06/05/2026,"-21.70","GUZMAN Y GOMEZ SURRY HILLS NS AUS Card xx8935 Value Date: 02/05/2026","+784.25"
06/05/2026,"-21.88","CW SOUTHPORT BRICK SOUTHPORT QL AUS Card xx5231 Value Date: 02/05/2026","+805.95"
05/05/2026,"-150.00","Loan Repayment LN REPAY 472766573","+827.83"
05/05/2026,"-15.00","Transfer To D REYES ORELLANA PayID Phone from CommBank App Cinema","+977.83"
05/05/2026,"-4.60","DAITO QUEENSLAND PTY LTDDROBINA AU","+992.83"
05/05/2026,"-90.00","Transfer To Mariana Groth da silva PayID Phone from CommBank App Anastasia","+997.43"
05/05/2026,"-630.00","Transfer To Castle Property Managers CommBank App 102701","+1087.43"
05/05/2026,"+1000.00","Transfer from xx9058 CommBank app","+1717.43"
05/05/2026,"-6.00","SQ *EAST COAST ROAST Nerang AU","+717.43"
05/05/2026,"-15.99","DAN MURPHY'S 2419 NERANG QL AUS Card xx5231 Value Date: 01/05/2026","+723.43"
05/05/2026,"-21.69","DIGITALOCEAN.COM GROSVENOR PLA NS AUS Card xx5231 Value Date: 01/05/2026","+739.42"
05/05/2026,"-6.54","SQ *CAFFEINATION BURLE Burleigh Head QL AUS Card xx5231 Value Date: 01/05/2026","+761.11"
05/05/2026,"-11.85","COLES 4501 NERANG QL AUS Card xx5231 Value Date: 02/05/2026","+767.65"
05/05/2026,"-13.85","WOOLWORTHS 2078 PACIFIC FAIR QL AUS Card xx5231 Value Date: 02/05/2026","+779.50"
05/05/2026,"-38.19","COLES 4368 BROADBEACH QL AUS Card xx5231 Value Date: 02/05/2026","+793.35"
05/05/2026,"-5.50","AMPOL NERANG N 11263F NERANG AUS Card xx5231 Value Date: 02/05/2026","+831.54"
05/05/2026,"-39.50","EVENT ROBINA 0293736600 AU AUS Card xx8935 Value Date: 02/05/2026","+837.04"
02/05/2026,"-25.00","Transfer To Wise Australia Pty Ltd PayID Email from CommBank App wise","+876.54"
02/05/2026,"+20.00","Fast Transfer From DIANA REYES ORELLANA Devil wears Prada","+901.54"
02/05/2026,"-34.80","GUZMAN Y GOMEZ SURRY HILLS NS AUS Card xx8935 Value Date: 30/04/2026","+881.54"
02/05/2026,"-27.09","LeBon Choix Ferry Road Southport AU AUS Card xx8935 Value Date: 30/04/2026","+916.34"
02/05/2026,"-17.99","Google Udemy Online C Barangaroo AU AUS Card xx5231 Value Date: 30/04/2026","+943.43"
02/05/2026,"-29.47","COLES 4653 SOUTHPORT QL AUS Card xx5231 Value Date: 30/04/2026","+961.42"
02/05/2026,"-62.60","SQ *HUMBLE CAFE Southport QL AUS Card xx5231 Value Date: 30/04/2026","+990.89"
02/05/2026,"-12.95","PET DESTINATION PARKWOOD QL AUS Card xx5231 Value Date: 30/04/2026","+1053.49"
02/05/2026,"-16.00","THE STANDARD MARKET C SOUTHPORT AUS Card xx5231 Value Date: 30/04/2026","+1066.44"
01/05/2026,"-2.20","CIRCUM VENDING MENTONE VI AUS Card xx8935 Value Date: 29/04/2026","+1082.44"
01/05/2026,"-12.60","ZARRAFAS COFFEE NERANG NERANG AUS Card xx5231 Value Date: 29/04/2026","+1084.64"
01/05/2026,"-25.00","DAN MURPHY'S 2419 NERANG QL AUS Card xx5231 Value Date: 29/04/2026","+1097.24"
01/05/2026,"-24.86","COLES 4501 NERANG QL AUS Card xx5231 Value Date: 29/04/2026","+1122.24"
30/04/2026,"-17.00","STAN.COM.AU","+1147.10"
30/04/2026,"-59.00","Optus Billing MacquariePark NS AUS Card xx5231 Value Date: 28/04/2026","+1164.10"
30/04/2026,"-77.45","BUDGET DIRECT TOOWONG QL AUS Card xx5231 Value Date: 28/04/2026","+1223.10"
30/04/2026,"-10.70","GUZMAN Y GOMEZ SURRY HILLS NS AUS Card xx8935 Value Date: 28/04/2026","+1300.55"
30/04/2026,"-0.57","International Transaction Fee Value Date: 27/04/2026","+1311.25"
30/04/2026,"-16.40","Revolut**6164* Dublin D IRL Card xx8935 EUR 10.00 Value Date: 28/04/2026","+1311.82"
29/04/2026,"-30.95","Direct Debit 010758 AHM 52803464","+1328.22"
29/04/2026,"-172.40","Direct Debit 613602 QP EMF RobinaHom DT.5dbkdq QKP_QP E","+1359.17"
28/04/2026,"-150.00","Loan Repayment LN REPAY 472766573","+1531.57"
28/04/2026,"+900.00","Transfer from xx9058 CommBank app","+1681.57"
28/04/2026,"-6.00","SQ *EAST COAST ROAST Nerang AU","+781.57"
28/04/2026,"-630.00","Transfer To Castle Property Managers CommBank App 102701","+787.57"
28/04/2026,"-150.00","Transfer to xx1300 CommBank app","+1417.57"
28/04/2026,"-456.54","Transfer to xx8243 CommBank app","+1567.57"
28/04/2026,"+2000.00","Fast Transfer From MICHEL EDUBAS To join","+2024.11"
25/04/2026,"-12.50","Transfer To Bela Toth CommBank App change from movies. than...","+24.11"
25/04/2026,"+35.00","Transfer from xx1300 CommBank app","+36.61"
25/04/2026,"-109.00","PETBARN NERANG AUS Card xx5231 Value Date: 22/04/2026","+1.61"
24/04/2026,"-9.60","GUZMAN Y GOMEZ SURRY HILLS NS AUS Card xx8935 Value Date: 22/04/2026","+110.61"
24/04/2026,"-13.00","ZARRAFAS COFFEE NERANG NERANG AUS Card xx5231 Value Date: 22/04/2026","+120.21"
23/04/2026,"-50.03","Direct Debit 389998 Pet Insurance 96438676","+133.21"
23/04/2026,"-43.80","WOOLWORTHS 2764 NERANG QL AUS Card xx5231 Value Date: 21/04/2026","+183.24"
22/04/2026,"-25.00","Transfer To Karen Kahu CommBank App Debbie gift _","+227.04"
22/04/2026,"-630.00","Transfer to other Bank NetBank 102701","+252.04"
22/04/2026,"-25.10","GUZMAN Y GOMEZ SURRY HILLS NS AUS Card xx8935 Value Date: 20/04/2026","+882.04"
22/04/2026,"-11.97","LBC PACIFIC FAIR BROADBEACH WA QL AUS Card xx8935 Value Date: 19/04/2026","+907.14"
21/04/2026,"-30.95","Direct Debit 010758 AHM 51150161","+919.11"
21/04/2026,"-150.00","Loan Repayment LN REPAY 472766573","+950.06"
21/04/2026,"+1000.00","Transfer from xx9058 CommBank app","+1100.06"
21/04/2026,"-16.00","SQ *EAST COAST ROAST Nerang AU","+100.06"
21/04/2026,"-99.54","COLES 4390 BENOWA QL AUS Card xx8935 Value Date: 17/04/2026","+116.06"
21/04/2026,"-19.16","LeBon Choix Ferry Road Southport AU AUS Card xx8935 Value Date: 17/04/2026","+215.60"
21/04/2026,"-69.15","WOOLWORTHS 2764 NERANG QL AUS Card xx8935 Value Date: 18/04/2026","+234.76"
21/04/2026,"-48.00","GUZMAN Y GOMEZ SURRY HILLS NS AUS Card xx8935 Value Date: 17/04/2026","+303.91"
21/04/2026,"-28.37","WOOLWORTHS 2078 PACIFIC FAIR QL AUS Card xx8935 Value Date: 19/04/2026","+351.91"
21/04/2026,"-24.00","DAN MURPHY'S 2419 NERANG QL AUS Card xx5231 Value Date: 17/04/2026","+380.28"
21/04/2026,"-6.75","COLES 4501 NERANG QL AUS Card xx5231 Value Date: 17/04/2026","+404.28"
21/04/2026,"-8.50","SQ *BAKERZONE NERANG Nerang QL AUS Card xx5231 Value Date: 18/04/2026","+411.03"
21/04/2026,"-21.99","DAN MURPHY'S 2419 NERANG QL AUS Card xx5231 Value Date: 18/04/2026","+419.53"
21/04/2026,"-21.49","EUROFOOD SHOP NERANG AUS Card xx5231 Value Date: 17/04/2026","+441.52"
21/04/2026,"-2.99","DOLLAR STRETCHER NERANG QL AUS Card xx5231 Value Date: 18/04/2026","+463.01"
19/04/2026,"-19.95","ZaraAU_Pos GOLD COAST AU","+466.00"
18/04/2026,"-77.45","BUDGET DIRECT TOOWONG QL AUS Card xx5231 Value Date: 16/04/2026","+485.95"
18/04/2026,"-28.04","WOOLWORTHS 2645 ROBINA QL AUS Card xx8935 Value Date: 16/04/2026","+563.40"
18/04/2026,"-15.80","GUZMAN Y GOMEZ SURRY HILLS NS AUS Card xx8935 Value Date: 16/04/2026","+591.44"
17/04/2026,"-90.00","Transfer To Mariana Groth da silva PayID Phone from CommBank App Anastasia","+607.24"
17/04/2026,"-58.88","SUSHI TREE PTY LTD BURLEIGH WATE AU AUS Card xx5231 Value Date: 15/04/2026","+697.24"
17/04/2026,"-26.86","WOOLWORTHS 2764 NERANG QL AUS Card xx5231 Value Date: 15/04/2026","+756.12"
17/04/2026,"-13.00","ZARRAFAS COFFEE NERANG NERANG AUS Card xx5231 Value Date: 15/04/2026","+782.98"
16/04/2026,"-2.13","Vish Fruit & Veg Nerang QL AUS Card xx8935 Value Date: 13/04/2026","+795.98"
15/04/2026,"-172.40","Direct Debit 613602 QP EMF RobinaHom DT.5bd5w8 QKP_QP E","+798.11"
15/04/2026,"-630.00","Transfer to other Bank NetBank 102701","+970.51"
15/04/2026,"-44.27","WOOLWORTHS 2764 NERANG QL AUS Card xx8935 Value Date: 13/04/2026","+1600.51"
14/04/2026,"-150.00","Loan Repayment LN REPAY 472766573","+1644.78"
14/04/2026,"+1000.00","Transfer from xx9058 CommBank app","+1794.78"
14/04/2026,"-8.00","TARGET 5126 ROBINA AU","+794.78"
14/04/2026,"-20.00","Transfer To D REYES ORELLANA PayID Phone from CommBank App Movies","+802.78"
14/04/2026,"-25.00","Transfer To D REYES ORELLANA PayID Phone from CommBank App Cinema","+822.78"
14/04/2026,"-21.70","GUZMAN Y GOMEZ SURRY HILLS NS AUS Card xx8935 Value Date: 10/04/2026","+847.78"
14/04/2026,"-2.20","CIRCUM VENDING MENTONE VI AUS Card xx8935 Value Date: 10/04/2026","+869.48"
14/04/2026,"-15.12","ANIMAL KINGDOM PL NERANG AUS Card xx8935 Value Date: 10/04/2026","+871.68"
14/04/2026,"-3.74","OFFICEWORKS 0422 NERAN HIGHLAND PARK QL AUS Card xx8935 Value Date: 11/04/2026","+886.80"
14/04/2026,"-50.00","Transfer to xx6573 CommBank app","+890.54"
14/04/2026,"+150.00","Fast Transfer From MICHEL EDUBAS To joint","+940.54"
14/04/2026,"-1320.95","Transfer to xx8243 CommBank app","+790.54"
14/04/2026,"+2000.00","Fast Transfer From MICHEL EDUBAS To joint","+2111.49"
13/04/2026,"-5.00","Unpaid Payment Fee","+111.49"
13/04/2026,"+77.45","Return 13/04/26 Direct Debit 142038 BUDGET DIRECT 120249620153397807","+116.49"
13/04/2026,"-77.45","Direct Debit 142038 BUDGET DIRECT 120249620153397807","+39.04"
13/04/2026,"+50.00","Transfer from xx1300 CommBank app","+116.49"
11/04/2026,"-25.00","DAN MURPHY'S 2419 NERANG QL AUS Card xx5231 Value Date: 09/04/2026","+66.49"
11/04/2026,"-45.95","COLES 4501 NERANG QL AUS Card xx5231 Value Date: 09/04/2026","+91.49"
10/04/2026,"-5.20","GYG Nerang Nerang QL AUS Card xx8935 Value Date: 08/04/2026","+137.44"
10/04/2026,"-6.54","SQ *CAFFEINATION BURLE Burleigh Head QL AUS Card xx5231 Value Date: 09/04/2026","+142.64"
09/04/2026,"-50.03","Direct Debit 389998 Pet Insurance 96036460","+149.18"
09/04/2026,"-51.18","PEARL ENERGY ROBINA ROBINA QL AUS Card xx5231 Value Date: 04/04/2026","+199.21"
09/04/2026,"-86.89","DODO SERVICES PTY LTD MELBOURNE VI AUS Card xx5231 Value Date: 07/04/2026","+250.39"
08/04/2026,"-31.30","Direct Debit 010758 AHM 51150161","+337.28"
08/04/2026,"-2.00","Transfer to xx8243 CommBank app","+368.58"
08/04/2026,"-293.50","Transfer to xx8243 CommBank app","+370.58"
08/04/2026,"+240.00","Fast Transfer From AGEING WITH GRACE LTD Inv 5A654F15 Video for ageing with grace","+664.08"
08/04/2026,"-3.88","International Transaction Fee Value Date: 02/04/2026","+424.08"
08/04/2026,"-110.97","Revolut**6164* Dublin D IRL Card xx8935 EUR 66.00 Value Date: 02/04/2026","+427.96"
08/04/2026,"-25.99","TERRY WHITE CHEMMART R ROBINA AUS Card xx8935 Value Date: 04/04/2026","+538.93"
08/04/2026,"-30.13","GUZMAN Y GOMEZ SURRY HILLS NS AUS Card xx8935 Value Date: 04/04/2026","+564.92"
08/04/2026,"-2.75","WOOLWORTHS 2764 NERANG QL AUS Card xx5231 Value Date: 02/04/2026","+595.05"
08/04/2026,"-52.95","WOOLWORTHS 2764 NERANG QL AUS Card xx5231 Value Date: 02/04/2026","+597.80"
08/04/2026,"-27.99","DAN MURPHY'S 2419 NERANG QL AUS Card xx5231 Value Date: 02/04/2026","+650.75"
08/04/2026,"-45.87","COLES 4501 NERANG QL AUS Card xx5231 Value Date: 02/04/2026","+678.74"
08/04/2026,"-15.00","DAITO QUEENSLAND PTY L ROBINA AU AUS Card xx5231 Value Date: 04/04/2026","+724.61"
08/04/2026,"-10.03","ZLR*crema espresso Robina AU AUS Card xx5231 Value Date: 04/04/2026","+739.61"
08/04/2026,"-8.60","WOOLWORTHS 2645 ROBINA QL AUS Card xx5231 Value Date: 04/04/2026","+749.64"
08/04/2026,"-59.90","UNIQLO ROBINA Robina AU AUS Card xx5231 Value Date: 04/04/2026","+758.24"
08/04/2026,"-3.00","SALVOS STORES ROBINA QL AUS Card xx5231 Value Date: 04/04/2026","+818.14"
08/04/2026,"-8.24","EARTH MARKETS ROBINA ROBINA QL AUS Card xx5231 Value Date: 04/04/2026","+821.14"
08/04/2026,"-630.00","Transfer to other Bank NetBank 102701","+829.38"
07/04/2026,"-150.00","Loan Repayment LN REPAY 472766573","+1459.38"
07/04/2026,"+1150.00","Transfer from xx9058 CommBank app","+1609.38"
06/04/2026,"-8.94","Yo-Chi Robina Robina AU","+459.38"
06/04/2026,"-90.00","Transfer To Mariana Groth da silva PayID Phone from CommBank App Anastasia","+468.32"
06/04/2026,"+50.00","Transfer from xx9058 CommBank app","+558.32"
06/04/2026,"+50.00","Fast Transfer From MICHEL EDUBAS Joint","+508.32"
04/04/2026,"-20.00","KMART 1148 ROBINA AU","+458.32"
03/04/2026,"-350.00","Transfer to xx1300 CommBank app","+478.32"
03/04/2026,"-98.29","Optus Billing MacquariePark NS AUS Card xx8935 Value Date: 01/04/2026","+828.32"
03/04/2026,"-29.08","DIGITALOCEAN.COM GROSVENOR PLA NS AUS Card xx5231 Value Date: 01/04/2026","+926.61"
03/04/2026,"-40.54","THAIGER DINE IN & TAK Oxenford QL AUS Card xx5231 Value Date: 01/04/2026","+955.69"
02/04/2026,"-6.80","ATO Payment Adelaide AU AUS Card xx5231 Value Date: 31/03/2026","+996.23"
02/04/2026,"-50.03","PET INSURANCE PAYMENT CHATSWOOD AUS Card xx5231 Value Date: 31/03/2026","+1003.03"
01/04/2026,"-172.40","Direct Debit 613602 QP EMF RobinaHom DT.59gava QKP_QP E","+1053.06"
01/04/2026,"-630.00","Transfer to other Bank NetBank 102701","+1225.46"
31/03/2026,"-150.00","Loan Repayment LN REPAY 472766573","+1855.46"
31/03/2026,"+1100.00","Transfer from xx9058 CommBank app","+2005.46"
31/03/2026,"-21.50","SQ *EAST COAST ROAST Nerang AU","+905.46"
31/03/2026,"-1213.49","Transfer to xx8243 CommBank app","+926.96"
31/03/2026,"+2100.00","Fast Transfer From MICHEL EDUBAS To joint","+2140.45"
31/03/2026,"-49.00","Fresha Beauty Studio Cabarita AU AUS Card xx8935 Value Date: 27/03/2026","+40.45"
30/03/2026,"-78.38","Direct Debit 142038 BUDGET DIRECT 120249620152516618","+89.45"
30/03/2026,"-29.90","Direct Debit 010758 AHM 52803464","+167.83"
29/03/2026,"+120.00","Fast Transfer From AGEING WITH GRACE LTD Ageing with Grace Ageing with Grace","+197.73"
28/03/2026,"-59.00","Optus Billing MacquariePark NS AUS Card xx5231 Value Date: 26/03/2026","+77.73"
28/03/2026,"-15.00","KITCHEN WAREHOUSE NORTH FREMANT WA AUS Card xx5231 Value Date: 26/03/2026","+136.73"
27/03/2026,"+50.00","Transfer from xx9058 CommBank app","+151.73"
27/03/2026,"-30.00","Transfer To Michel Philippe Edubas CommBank App am negative","+101.73"
27/03/2026,"+50.00","Transfer from xx1300 CommBank app","+131.73"
27/03/2026,"-2.20","CIRCUM VENDING MENTONE VI AUS Card xx8935 Value Date: 25/03/2026","+81.73"
27/03/2026,"-26.15","COLES 4584 HELENSVALE QL AUS Card xx5231 Value Date: 25/03/2026","+83.93"
27/03/2026,"-25.00","KMART 1179 HELENSVALE QL AUS Card xx5231 Value Date: 25/03/2026","+110.08"
27/03/2026,"-18.00","SQ *EAST COAST ROAST Nerang QL AUS Card xx5231 Value Date: 25/03/2026","+135.08"
27/03/2026,"-5.04","AWLQ NERANG OP SHOP NERANG QL AUS Card xx5231 Value Date: 25/03/2026","+153.08"
27/03/2026,"-28.99","NERANG BOTTLESHOP NERANG AUS Card xx5231 Value Date: 24/03/2026","+158.12"
27/03/2026,"-55.30","PEARL ENERGY ROBINA ROBINA QL AUS Card xx5231 Value Date: 24/03/2026","+187.11"
27/03/2026,"-34.44","HANARO HELENSVALE PTY HELENSVALE AUS Card xx5231 Value Date: 25/03/2026","+242.41"
26/03/2026,"-5.00","Unpaid Payment Fee","+276.85"
26/03/2026,"+50.03","Return 26/03/26 Direct Debit 389998 Pet Insurance 95648543","+281.85"
26/03/2026,"-50.03","Direct Debit 389998 Pet Insurance 95648543","+231.82"
26/03/2026,"-3.20","FORTUNATELYFORTUNATELY PTNERANG AU","+281.85"
26/03/2026,"-14.99","APPLE.COM/BILL SYDNEY NS AUS Card xx8935 Value Date: 24/03/2026","+285.05"
26/03/2026,"-27.99","DAN MURPHY'S 2419 NERANG QL AUS Card xx5231 Value Date: 24/03/2026","+300.04"
26/03/2026,"-6.54","SQ *CAFFEINATION BURLE Burleigh Head QL AUS Card xx5231 Value Date: 24/03/2026","+328.03"
25/03/2026,"-10.00","XRO: XERO CUSTOM CONNE","+334.57"
25/03/2026,"-100.00","Transfer To Mariia Kartuzova CommBank App Anastasia","+344.57"
25/03/2026,"-630.00","Transfer to other Bank NetBank 102701","+444.57"
25/03/2026,"-15.00","HARBOR TWN GOLD CO BIGGERA WATER QL AUS Card xx8935 Value Date: 21/03/2026","+1074.57"
25/03/2026,"-2.23","EARTH MARKETS ROBINA QL AUS Card xx5231 Value Date: 22/03/2026","+1089.57"
24/03/2026,"-150.00","Loan Repayment LN REPAY 472766573","+1091.80"
24/03/2026,"+1200.00","Transfer from xx9058 CommBank app","+1241.80"
24/03/2026,"-5.00","Unpaid Payment Fee Value Date: 23/03/2026","+41.80"
24/03/2026,"+29.90","Return 23/03/26 Direct Debit 010758 AHM 51150161 Value Date: 23/03/2026","+46.80"
24/03/2026,"-21.99","DAN MURPHY'S 2419 NERANG QL AUS Card xx5231 Value Date: 20/03/2026","+16.90"
24/03/2026,"-77.80","COLES 4501 NERANG QL AUS Card xx5231 Value Date: 20/03/2026","+38.89"
24/03/2026,"-32.20","GYG Nerang Nerang QL AUS Card xx5231 Value Date: 20/03/2026","+116.69"
24/03/2026,"-2.55","WOOLWORTHS 2759 BIGGERA WTRS QL AUS Card xx5231 Value Date: 21/03/2026","+148.89"
24/03/2026,"-74.62","WOOLWORTHS 2764 NERANG QL AUS Card xx5231 Value Date: 21/03/2026","+151.44"
24/03/2026,"-2.00","LR Robina Robina QL AUS Card xx5231 Value Date: 21/03/2026","+226.06"
24/03/2026,"-18.30","SMP*Basak Chicken And1 Biggera Water QL AUS Card xx5231 Value Date: 21/03/2026","+228.06"
24/03/2026,"-15.25","SMP*Basak Chicken And1 Biggera Water QL AUS Card xx5231 Value Date: 21/03/2026","+246.36"
24/03/2026,"-25.91","WOOLWORTHS 2534 ROBINA QL AUS Card xx5231 Value Date: 22/03/2026","+261.61"
24/03/2026,"-26.00","KMART 1148 ROBINA QL AUS Card xx5231 Value Date: 22/03/2026","+287.52"
24/03/2026,"-8.60","MOON AUSTRALIA PTY LT Carina QL AUS Card xx5231 Value Date: 22/03/2026","+313.52"
24/03/2026,"-60.27","SQ *SUNNYBOY ESPRESSO Mermaid Beach QL AUS Card xx5231 Value Date: 22/03/2026","+322.12"
24/03/2026,"-18.05","HANARO TRADING PTY LTD ROBINA AUS Card xx5231 Value Date: 22/03/2026","+382.39"
24/03/2026,"-2.99","CW SOUTHPORT BRICK SOUTHPORT QL AUS Card xx8935 Value Date: 20/03/2026","+400.44"
24/03/2026,"-11.13","LeBon Choix Ferry Road Southport AU AUS Card xx8935 Value Date: 20/03/2026","+403.43"
24/03/2026,"-67.00","READING CINEMAS SOUTH MELBOUR VI AUS Card xx8935 Value Date: 20/03/2026","+414.56"
24/03/2026,"-5.99","EUROFOOD SHOP NERANG AUS Card xx8935 Value Date: 20/03/2026","+481.56"
24/03/2026,"-0.50","TRANSLINK TICKETING QLD AUS Card xx8935 Value Date: 20/03/2026","+487.55"
24/03/2026,"-6.50","RACV Royal Pines SPI Benowa QL AUS Card xx8935 Value Date: 20/03/2026","+488.05"
24/03/2026,"-15.50","RACV Royal Pines FB Gold Coast QL AUS Card xx8935 Value Date: 20/03/2026","+494.55"
24/03/2026,"-4.50","RACV Royal Pines FB Gold Coast QL AUS Card xx8935 Value Date: 20/03/2026","+510.05"
24/03/2026,"-30.95","DAN MURPHY'S 2419 NERANG QL AUS Card xx8935 Value Date: 22/03/2026","+514.55"
24/03/2026,"-7.37","SURF N CRAFT PTY LTD Robina QL AUS Card xx8935 Value Date: 22/03/2026","+545.50"
23/03/2026,"-29.90","Direct Debit 010758 AHM 51150161","+552.87"
21/03/2026,"-10.95","Australia Post Go Onli MELBOURNE AU AUS Card xx8935 Value Date: 18/03/2026","+582.77"
21/03/2026,"-12.22","Yo-Chi Robina Robina QL AUS Card xx5231 Value Date: 19/03/2026","+593.72"
21/03/2026,"-72.23","TSG ROBINA PTY LTD Robina QL AUS Card xx5231 Value Date: 19/03/2026","+605.94"
21/03/2026,"-20.00","AMAZON AU MARKETPLACE SYDNEY AUS Card xx5231 Value Date: 18/03/2026","+678.17"
20/03/2026,"-49.45","WOOLWORTHS 2764 NERANG QL AUS Card xx5231 Value Date: 18/03/2026","+698.17"
20/03/2026,"-6.54","SQ *CAFFEINATION BURLE Burleigh Head QL AUS Card xx5231 Value Date: 19/03/2026","+747.62"
20/03/2026,"-57.49","PEARL ENERGY ROBINA ROBINA QL AUS Card xx5231 Value Date: 17/03/2026","+754.16"
19/03/2026,"+2.20","Fast Transfer From KAREN KAHU I can play that too","+811.65"
19/03/2026,"-70.00","Transfer To Michel Philippe Edubas CommBank App budget direct","+809.45"
19/03/2026,"-12.00","DAN MURPHY'S 2419 NERANG QL AUS Card xx5231 Value Date: 17/03/2026","+879.45"
18/03/2026,"-172.40","Direct Debit 613602 QP EMF RobinaHom DT.57kc6u QKP_QP E","+891.45"
18/03/2026,"-6.00","SALVOS STORES NERANG QL AUS Card xx5231 Value Date: 14/03/2026","+1063.85"
18/03/2026,"-40.00","BOB JANE T MARTS NER NERANG QL AUS Card xx5231 Value Date: 14/03/2026","+1069.85"
18/03/2026,"-147.00","PETBARN NERANG AUS Card xx5231 Value Date: 14/03/2026","+1109.85"
18/03/2026,"-23.25","WOOLWORTHS 2764 NERANG QL AUS Card xx8935 Value Date: 16/03/2026","+1256.85"
17/03/2026,"-123.00","Loan Repayment LN REPAY 472766573","+1280.10"
17/03/2026,"-200.00","Transfer to xx8243 CommBank app","+1403.10"
17/03/2026,"-630.00","Transfer To Castle Property Managers CommBank App 102701","+1603.10"
17/03/2026,"+1000.00","Transfer from xx9058 CommBank app","+2233.10"
17/03/2026,"-14.13","LeBon Choix Ferry Road Southport AU AUS Card xx5231 Value Date: 13/03/2026","+1233.10"
17/03/2026,"-14.07","BURLEIGH TOWN TAVERN Burleigh Head QL AUS Card xx5231 Value Date: 13/03/2026","+1247.23"
17/03/2026,"-15.79","BURLEIGH TOWN TAVERN Burleigh Head QL AUS Card xx5231 Value Date: 13/03/2026","+1261.30"
17/03/2026,"-182.92","WOOLWORTHS 2764 NERANG QL AUS Card xx5231 Value Date: 14/03/2026","+1277.09"
17/03/2026,"-51.50","GYG Nerang Nerang QL AUS Card xx5231 Value Date: 14/03/2026","+1460.01"
17/03/2026,"+650.00","Fast Transfer From MICHEL EDUBAS To joint","+1511.51"
17/03/2026,"-5.90","LeBon Choix Ferry Road Southport AU AUS Card xx8935 Value Date: 13/03/2026","+861.51"
17/03/2026,"-23.18","LeBon Choix Ferry Road Southport AU AUS Card xx8935 Value Date: 13/03/2026","+867.41"
17/03/2026,"-5.04","ANIMAL KINGDOM PL NERANG AUS Card xx8935 Value Date: 13/03/2026","+890.59"
17/03/2026,"-77.76","Afterpay afterpay.com AU AUS Card xx8935 Value Date: 15/03/2026","+895.63"
16/03/2026,"-97.13","Direct Debit 142038 BUDGET DIRECT 120249620151578009","+973.39"
16/03/2026,"-90.00","Transfer To Mariana Groth da silva PayID Phone from CommBank App Anastasia","+1070.52"
15/03/2026,"-59.50","SP CHARCOAL Wantirna SoutAU","+1160.52"
15/03/2026,"-16.04","SQ *KOOCO ESPRESSO BAR ROBINA TOWN C AU","+1220.02"
14/03/2026,"-26.98","Apple APPLE.COM/BILL ML7WQT4KYVa0","+1236.06"
14/03/2026,"-200.00","SOL Elements Tamborine Mou AU AUS Card xx8935 Value Date: 12/03/2026","+1263.04"
14/03/2026,"-57.98","LOVISA PTY LTD BROADBEACH WA AUS Card xx8935 Value Date: 12/03/2026","+1463.04"
14/03/2026,"-17.99","BUNDALL AMCAL CHEMPR BUNDALL AUS Card xx8935 Value Date: 12/03/2026","+1521.02"
14/03/2026,"-34.00","CLAUDE.AI SUBSCRIPTION SAN FRANCISCO CA USA Card xx5231 AUD 34.00 Value Date: 12/03/2026","+1539.01"
14/03/2026,"-31.29","COLES 4368 BROADBEACH 04 AUS Card xx5231 Value Date: 12/03/2026","+1573.01"
14/03/2026,"-18.72","Roll'd Pacific Fair Broadbeach QL AUS Card xx5231 Value Date: 12/03/2026","+1604.30"
14/03/2026,"-79.95","PROUDS JEWELLERS PTY BROADBEACH QL AUS Card xx5231 Value Date: 12/03/2026","+1623.02"
14/03/2026,"-6.54","SQ *CAFFEINATION BURLE Burleigh Head QL AUS Card xx5231 Value Date: 12/03/2026","+1702.97"
14/03/2026,"-11.55","ZARRAFAS COFFEE NERANG NERANG AUS Card xx5231 Value Date: 12/03/2026","+1709.51"
13/03/2026,"+100.00","Transfer from xx1300 CommBank app","+1721.06"
13/03/2026,"-12.00","Transfer To Karen Kahu CommBank App Nail polish","+1621.06"
13/03/2026,"+1000.00","Fast Transfer From MICHEL EDUBAS To joint","+1633.06"
13/03/2026,"-17.81","UBER *EATS HELP.UBER.C Sydney AU AUS Card xx8935 Value Date: 11/03/2026","+633.06"
13/03/2026,"-44.00","SQ *BURGER'D BENOWA Benowa QL AUS Card xx5231 Value Date: 11/03/2026","+650.87"
13/03/2026,"-23.47","COLES 4390 BENOWA 04 AUS Card xx5231 Value Date: 11/03/2026","+694.87"
12/03/2026,"-50.03","Direct Debit 389998 Pet Insurance 95244701","+718.34"
12/03/2026,"-4.00","KMART 1032 BROADBEACH AU","+768.37"
12/03/2026,"-45.00","HEALTHY PETS PLUS","+772.37"
12/03/2026,"-4.50","SQ *EAST COAST ROAST Nerang AU","+817.37"
12/03/2026,"-77.62","CHEMIST WAREHOUSE NERANG QL AUS Card xx8935 Value Date: 10/03/2026","+821.87"
12/03/2026,"-71.00","SP KOOKAI AUSTRALIA HAWTHORN EAST VI AUS Card xx8935 Value Date: 11/03/2026","+899.49"
12/03/2026,"-5.53","SQ *CAFFEINATION BURLE Burleigh Head QL AUS Card xx5231 Value Date: 10/03/2026","+970.49"
11/03/2026,"-1573.21","Transfer To Wise Australia Pty Ltd PayID Email from CommBank App mamang","+976.02"
11/03/2026,"-1172.00","Transfer To Wise Australia Pty Ltd PayID Email from CommBank App mamang","+2549.23"
11/03/2026,"+2782.07","Return of funds requested Michel Philippe Barutel","+3721.23"
11/03/2026,"-2.20","CIRCUM VENDING MENTONE VI AUS Card xx8935 Value Date: 09/03/2026","+939.16"
11/03/2026,"-26.10","GUZMAN Y GOMEZ SURRY HILLS NS AUS Card xx8935 Value Date: 08/03/2026","+941.36"
11/03/2026,"-27.00","BWS 2391 NERANG QL AUS Card xx5231 Value Date: 09/03/2026","+967.46"
11/03/2026,"-35.40","WOOLWORTHS 2764 NERANG QL AUS Card xx5231 Value Date: 09/03/2026","+994.46"
11/03/2026,"-8.08","Goldsteins Bake ShopGo Nerang AU AUS Card xx5231 Value Date: 09/03/2026","+1029.86"
11/03/2026,"-6.00","SALVOS STORES NERANG QL AUS Card xx5231 Value Date: 09/03/2026","+1037.94"
11/03/2026,"-18.31","COLES 4501 NERANG 04 AUS Card xx5231 Value Date: 09/03/2026","+1043.94"
11/03/2026,"-20.70","GUZMAN Y GOMEZ SURRY HILLS NS AUS Card xx5231 Value Date: 07/03/2026","+1062.25"
11/03/2026,"-80.92","HOPE ENERGY SOUTHPORT SOUTHPORT QL AUS Card xx5231 Value Date: 07/03/2026","+1082.95"
11/03/2026,"-31.15","MCDONALDS NERANG NERANG QL AUS Card xx5231 Value Date: 07/03/2026","+1163.87"
11/03/2026,"-25.28","HOLY HAND EXPRESS HAIR NERANG AUS Card xx5231 Value Date: 09/03/2026","+1195.02"
11/03/2026,"-18.95","ZARRAFAS COFFEE NERANG NERANG AUS Card xx5231 Value Date: 09/03/2026","+1220.30"
10/03/2026,"-123.00","Loan Repayment LN REPAY 472766573","+1239.25"
10/03/2026,"+1000.00","Transfer from xx9058 CommBank app","+1362.25"
10/03/2026,"-50.00","Transfer to xx9058 CommBank app","+362.25"
10/03/2026,"-39.99","DAN MURPHY'S 2419 NERANG QL AUS Card xx5231 Value Date: 06/03/2026","+412.25"
10/03/2026,"-39.91","STAR OF THE SEA TUCK MERRIMAC QL AUS Card xx5231 Value Date: 06/03/2026","+452.24"
10/03/2026,"-12.00","GUZMAN Y GOMEZ SURRY HILLS NS AUS Card xx5231 Value Date: 06/03/2026","+492.15"
10/03/2026,"-86.89","DODO SERVICES PTY LTD MELBOURNE VI AUS Card xx5231 Value Date: 06/03/2026","+504.15"
10/03/2026,"-5.00","LR Robina Robina QL AUS Card xx5231 Value Date: 06/03/2026","+591.04"
10/03/2026,"-2.89","GOOD PRICE PHARMACY ROBINA AUS Card xx5231 Value Date: 06/03/2026","+596.04"
10/03/2026,"-79.88","COLES 4390 BENOWA 04 AUS Card xx5231 Value Date: 07/03/2026","+598.93"
10/03/2026,"-0.50","International Transaction Fee Value Date: 07/03/2026","+678.81"
10/03/2026,"-14.34","QUANTCONNECT.COM LEWES DE USA Card xx5231 USD 10.00 Value Date: 07/03/2026","+679.31"
10/03/2026,"-44.36","W RETAIL GROUP PTY LTD WERRIBEE AUS Card xx8935 Value Date: 08/03/2026","+693.65"
10/03/2026,"-630.00","Transfer to other Bank NetBank 102701","+738.01"
09/03/2026,"-395.51","Transfer to xx8243 CommBank app","+1368.01"
09/03/2026,"-2782.07","Transfer To Wise Australia Pty Ltd PayID Email from CommBank App mamng yuta","+1763.52"
09/03/2026,"+900.00","Transfer from xx9058 CommBank app","+4545.59"
08/03/2026,"-3.26","Transfer To Wise Australia Pty Ltd PayID Email from CommBank App mamang","+3645.59"
08/03/2026,"-5.99","HOUSE ROBINA ROBINA AU","+3648.85"
08/03/2026,"-6.84","Yo-Chi Robina Robina AU","+3654.84"
08/03/2026,"-11.00","KMART 1148 ROBINA AU","+3661.68"
08/03/2026,"-19.28","SQ *KOOCO ESPRESSO BAR ROBINA TOWN C AU","+3672.68"
08/03/2026,"-2.53","EasyPark","+3691.96"
07/03/2026,"-5.90","CE GUO PTY LTDCE GUO PTY SOUTHPORT AU","+3694.49"
07/03/2026,"-23.50","SQ *SHIRO GELATO & SNA Southport AU","+3700.39"
07/03/2026,"-98.31","WOOLWORTHS 2764 NERANG QL AUS Card xx8935 Value Date: 05/03/2026","+3723.89"
07/03/2026,"-54.66","THAIGER DINE IN & TAK Oxenford QL AUS Card xx5231 Value Date: 05/03/2026","+3822.20"
07/03/2026,"-13.85","ZARRAFAS COFFEE NERANG NERANG AUS Card xx5231 Value Date: 05/03/2026","+3876.86"
06/03/2026,"-20.00","Transfer To Wise Australia Pty Ltd PayID Email from CommBank App wise","+3890.71"
06/03/2026,"-28.10","ALH VENUES 8356 NERANG QL AUS Card xx5231 Value Date: 04/03/2026","+3910.71"
06/03/2026,"-24.90","VANANI GROUP PTY LTD HELENSVALE AUS Card xx5231 Value Date: 04/03/2026","+3938.81"
05/03/2026,"-853.92","Transfer To Wise Australia Pty Ltd PayID Email from CommBank App mamang","+3963.71"
05/03/2026,"-22.90","GUZMAN Y GOMEZ SURRY HILLS NS AUS Card xx8935 Value Date: 03/03/2026","+4817.63"
04/03/2026,"-172.40","Direct Debit 613602 QP EMF RobinaHom DT.55n5q0 QKP_QP E","+4840.53"
04/03/2026,"-72.00","MEDICII LABORATORIES","+5012.93"
04/03/2026,"-8.08","ZLR*Pitstop Smokehouse Nerang AU","+5084.93"
04/03/2026,"-15.04","WOOLWORTHS 2645 ROBINA QL AUS Card xx5231 Value Date: 02/03/2026","+5093.01"
04/03/2026,"-5.00","SALVOS STORES ROBINA QL AUS Card xx5231 Value Date: 02/03/2026","+5108.05"
04/03/2026,"-16.00","SALVOS STORES OXENFORD QL AUS Card xx5231 Value Date: 28/02/2026","+5113.05"
04/03/2026,"-27.27","SMP*Hero Sushi Robina1 Robina QL AUS Card xx5231 Value Date: 02/03/2026","+5129.05"
04/03/2026,"-23.25","MCDONALDS HELENSV ST HELENSVALE QL AUS Card xx5231 Value Date: 27/02/2026","+5156.32"
04/03/2026,"-59.99","TERRY WHITE CHEMMART R ROBINA AUS Card xx5231 Value Date: 02/03/2026","+5179.57"
03/03/2026,"-123.00","Loan Repayment LN REPAY 472766573","+5239.56"
03/03/2026,"-9.44","UBER *TRIP HELP.UBER.C 14518236738 AU AUS Card xx8935 Value Date: 27/02/2026","+5362.56"
03/03/2026,"-77.78","AFTERPAY MELBOURNE VI AUS Card xx8935 Value Date: 01/03/2026","+5372.00"
03/03/2026,"-16.50","WOOLWORTHS 2712 OXENFORD QL AUS Card xx5231 Value Date: 27/02/2026","+5449.78"
03/03/2026,"-14.20","GUZMAN Y GOMEZ SURRY HILLS NS AUS Card xx5231 Value Date: 27/02/2026","+5466.28"
03/03/2026,"-43.99","THAIGER DINE IN & TAK Oxenford QL AUS Card xx5231 Value Date: 27/02/2026","+5480.48"
03/03/2026,"-25.20","SQ *WELLNESS AUSTRALIA Hope Island QL AUS Card xx5231 Value Date: 28/02/2026","+5524.47"
03/03/2026,"-43.55","DIGITALOCEAN.COM GROSVENOR PLA NS AUS Card xx5231 Value Date: 01/03/2026","+5549.67"
03/03/2026,"-70.11","COLES 4501 NERANG 04 AUS Card xx5231 Value Date: 28/02/2026","+5593.22"
03/03/2026,"-630.00","Transfer to other Bank NetBank 102701","+5663.33"
02/03/2026,"+5760.00","Direct Credit 123079 Maria Liza Acabo Car Motorbike Phil","+6293.33"
02/03/2026,"-80.39","Direct Debit 142038 BUDGET DIRECT 120249620150597875","+533.33"
02/03/2026,"-29.90","Direct Debit 010758 AHM 52803464","+613.72"
02/03/2026,"-9.00","EMF ROBINA TOWN CEN ROBINA AU","+643.62"
02/03/2026,"-3.28","Transfer To Wise Australia Pty Ltd PayID Email from CommBank App mamang","+652.62"
02/03/2026,"+3.28","Return of funds requested Michel Philippe Barutel","+655.90"
02/03/2026,"-3.28","Transfer To Wise Australia Pty Ltd PayID Email from CommBank App mamang","+652.62"
02/03/2026,"-2451.03","Transfer To Wise Australia Pty Ltd PayID Email from CommBank App to mamang","+655.90"
01/03/2026,"+2700.00","Fast Transfer From Maria Liza Acabo Edub YUTA SURSUR","+3106.93"
01/03/2026,"-0.01","Debit Excess Interest","+406.93"
28/02/2026,"-34.97","WOOLWORTHS 2764 NERANG QL AUS Card xx5231 Value Date: 26/02/2026","+406.94"
28/02/2026,"-29.65","COLES 4501 NERANG 04 AUS Card xx5231 Value Date: 26/02/2026","+441.91"
28/02/2026,"-50.81","PEARL ENERGY ROBINA ROBINA QL AUS Card xx5231 Value Date: 25/02/2026","+471.56"
28/02/2026,"-3.50","WOOLWORTHS 2645 ROBINA QL AUS Card xx8935 Value Date: 26/02/2026","+522.37"
28/02/2026,"-11.50","GUZMAN Y GOMEZ SURRY HILLS NS AUS Card xx8935 Value Date: 26/02/2026","+525.87"
28/02/2026,"-0.50","TRANSLINK TICKETING QLD AUS Card xx8935 Value Date: 26/02/2026","+537.37"
27/02/2026,"-14.00","KMART 1179 HELENSVALE AU","+537.87"
27/02/2026,"-100.00","Transfer To Mariia Kartuzova CommBank App Anastasia","+551.87"
27/02/2026,"-98.29","Optus Billing MacquariePark NS AUS Card xx8935 Value Date: 24/02/2026","+651.87"
27/02/2026,"-9.04","WOOLWORTHS 2078 PACIFIC FAIR QL AUS Card xx5231 Value Date: 25/02/2026","+750.16"
27/02/2026,"-59.00","Optus Billing MacquariePark NS AUS Card xx5231 Value Date: 25/02/2026","+759.20"
27/02/2026,"-149.95","JO MERCER BROADBEACH QL AUS Card xx5231 Value Date: 25/02/2026","+818.20"
26/02/2026,"-50.03","Direct Debit 389998 Pet Insurance 94828935","+968.15"
26/02/2026,"-13.95","THE TRUSTEE FOR NOURIS NERANG AU","+1018.18"
26/02/2026,"-14.99","APPLE.COM/BILL SYDNEY NS AUS Card xx8935 Value Date: 24/02/2026","+1032.13"
26/02/2026,"-50.00","LIQUORLAND 6599 NERANG 04 AUS Card xx5231 Value Date: 24/02/2026","+1047.12"
26/02/2026,"-20.80","COLES 4501 NERANG 04 AUS Card xx5231 Value Date: 24/02/2026","+1097.12"
26/02/2026,"-20.50","GUZMAN Y GOMEZ SURRY HILLS NS AUS Card xx5231 Value Date: 24/02/2026","+1117.92"
26/02/2026,"-16.14","SQ *GOLD COAST KEBABS Nerang QL AUS Card xx5231 Value Date: 24/02/2026","+1138.42"
26/02/2026,"-6.10","ZARRAFAS COFFEE NERANG NERANG AUS Card xx5231 Value Date: 24/02/2026","+1154.56"
26/02/2026,"-23.96","EUROFOOD SHOP NERANG AUS Card xx5231 Value Date: 24/02/2026","+1160.66"
25/02/2026,"-10.00","XRO: XERO CUSTOM CONNE","+1184.62"
25/02/2026,"-15.00","Overdraw Fee For exceeding available funds on 24 Feb","+1194.62"
25/02/2026,"-25.42","Transfer To Wise Australia Pty Ltd PayID Email from CommBank App wise","+1209.62"
25/02/2026,"-7.10","YOMG Pacific Fair Broadbeach WaAU","+1235.04"
25/02/2026,"-9.00","SQ *EAST COAST ROAST Nerang AU","+1242.14"
25/02/2026,"+14.00","Fast Transfer From KAREN KAHU Buckwheat","+1251.14"
25/02/2026,"+1000.00","Transfer from xx9058 CommBank app","+1237.14"
25/02/2026,"-10.00","SALVOS STORES MERMAID BEACH QL AUS Card xx5231 Value Date: 21/02/2026","+237.14"
25/02/2026,"-20.50","SALVOS STORES BUNDALL QL AUS Card xx5231 Value Date: 21/02/2026","+247.14"
25/02/2026,"-46.82","EARTH MARKETS ROBINA QL AUS Card xx5231 Value Date: 22/02/2026","+267.64"
25/02/2026,"-97.44","CHARCOAL CHARCOAL YA ROBINA QL AUS Card xx5231 Value Date: 20/02/2026","+314.46"
25/02/2026,"-2.20","CIRCUM VENDING MENTONE VI AUS Card xx8935 Value Date: 23/02/2026","+411.90"
25/02/2026,"-29.50","GUZMAN Y GOMEZ SURRY HILLS NS AUS Card xx8935 Value Date: 23/02/2026","+414.10"
25/02/2026,"-21.50","GUZMAN Y GOMEZ SURRY HILLS NS AUS Card xx8935 Value Date: 22/02/2026","+443.60"
24/02/2026,"-123.00","Loan Repayment LN REPAY 472766573","+465.10"
24/02/2026,"-27.99","DAN MURPHY'S 2997 ROBINA QL AUS Card xx5231 Value Date: 20/02/2026","+588.10"
24/02/2026,"-59.15","PEARL ENERGY ROBINA ROBINA QL AUS Card xx5231 Value Date: 19/02/2026","+616.09"
24/02/2026,"-162.00","MEDICII LABORATORIES ANNERLEY QL AUS Card xx5231 Value Date: 20/02/2026","+675.24"
24/02/2026,"-4.00","Lifeline Retail - Pa Palm Beach QL AUS Card xx5231 Value Date: 21/02/2026","+837.24"
24/02/2026,"-12.68","Usok Filipino Grill x Surfers Parad QL AUS Card xx5231 Value Date: 21/02/2026","+841.24"
24/02/2026,"-37.46","Cali Beach Club Surfers Parad QL AUS Card xx5231 Value Date: 21/02/2026","+853.92"
24/02/2026,"-14.20","GYG Nerang Nerang QL AUS Card xx5231 Value Date: 21/02/2026","+891.38"
24/02/2026,"-21.99","DAN MURPHY'S 2419 NERANG QL AUS Card xx5231 Value Date: 22/02/2026","+905.58"
24/02/2026,"-34.99","HOUSE ROBINA ROBINA QL AUS Card xx5231 Value Date: 22/02/2026","+927.57"
24/02/2026,"-97.67","WOOLWORTHS 2534 ROBINA QL AUS Card xx5231 Value Date: 22/02/2026","+962.56"
24/02/2026,"-5.20","GOLD COAST CITY 3350 SURFERS PARAD AUS Card xx5231 Value Date: 21/02/2026","+1060.23"
24/02/2026,"-6.79","HANARO TRADING PTY LTD ROBINA AUS Card xx5231 Value Date: 22/02/2026","+1065.43"
24/02/2026,"-20.80","HANARO TRADING PTY LTD ROBINA AUS Card xx5231 Value Date: 22/02/2026","+1072.22"
24/02/2026,"-58.75","BUNNINGS 431000 HIGHLAND PARK AUS Card xx5231 Value Date: 21/02/2026","+1093.02"
24/02/2026,"-17.77","UBER *TRIP HELP.UBER.C 14518236738 AU AUS Card xx8935 Value Date: 20/02/2026","+1151.77"
24/02/2026,"-23.35","Kin Burleigh Heads Burleigh Head QL AUS Card xx8935 Value Date: 21/02/2026","+1169.54"
24/02/2026,"-14.00","ST VINCENT DE PAUL S PALM BEACH AUS Card xx8935 Value Date: 21/02/2026","+1192.89"
24/02/2026,"-36.90","PARIS BREST PTY LTD PALM BEACH AUS Card xx8935 Value Date: 21/02/2026","+1206.89"
24/02/2026,"-630.00","Transfer to other Bank NetBank 102701","+1243.79"
23/02/2026,"-29.90","Direct Debit 010758 AHM 51150161","+1873.79"
23/02/2026,"-90.00","Transfer To Mariana Groth da silva PayID Phone from CommBank App Anastasia","+1903.69"
23/02/2026,"+1000.00","Transfer from xx9058 CommBank app","+1993.69"
22/02/2026,"-8.50","THE REJECT SHOP 4485 ROBINA AU","+993.69"
21/02/2026,"-12.16","SQ *PINK MONKEY BAR & Burleigh Head AU","+1002.19"
21/02/2026,"-8.15","Yo-ChiBurleighHeads Burleigh HeadAU","+1014.35"
21/02/2026,"-19.80","SUSHI TREE PTY LTD BURLEIGH WATEAU","+1022.50"
21/02/2026,"-15.90","Grilld Pty Ltd 27","+1042.30"
21/02/2026,"-21.50","GUZMAN Y GOMEZ SURRY HILLS NS AUS Card xx8935 Value Date: 19/02/2026","+1058.20"
21/02/2026,"-82.00","MASSAGE AROMA PTY LTD ROBINA AUS Card xx8935 Value Date: 19/02/2026","+1079.70"
21/02/2026,"-100.24","DOTTI ROBINA TOWN C AUS Card xx8935 Value Date: 19/02/2026","+1161.70"
21/02/2026,"-11.35","WOOLWORTHS 2645 ROBINA QL AUS Card xx5231 Value Date: 19/02/2026","+1261.94"
21/02/2026,"-17.90","SQ *THE KEBAB SHOP Robina QL AUS Card xx5231 Value Date: 19/02/2026","+1273.29"
20/02/2026,"+13.50","Fast Transfer From DIANA REYES ORELLANA Aperol","+1291.19"
20/02/2026,"-15.56","COLES 4560 NERANG 04 AUS Card xx5231 Value Date: 18/02/2026","+1277.69"
20/02/2026,"-442.08","ALINTA ENERGY SYDNEY NS AUS Card xx5231 Value Date: 18/02/2026","+1293.25"
20/02/2026,"-1.00","TRANSLINK TICKETING QLD AUS Card xx8935 Value Date: 18/02/2026","+1735.33"
19/02/2026,"-27.20","GUZMAN Y GOMEZ SURRY HILLS NS AUS Card xx8935 Value Date: 17/02/2026","+1736.33"
19/02/2026,"-82.75","ROBINA DENTAL PTY LTD ROBINA QL AUS Card xx8935 Value Date: 17/02/2026","+1763.53"
19/02/2026,"-5.50","7-ELEVEN 4211 ROBINA QL AUS Card xx5231 Value Date: 17/02/2026","+1846.28"
19/02/2026,"-11.55","ZARRAFAS COFFEE NERANG NERANG AUS Card xx5231 Value Date: 17/02/2026","+1851.78"
18/02/2026,"-172.40","Direct Debit 613602 QP EMF RobinaHom DT.53ru97 QKP_QP E","+1863.33"
18/02/2026,"-15.15","ZLR*Pitstop Smokehouse Nerang AU","+2035.73"
18/02/2026,"-7.00","WOOLWORTHS 2645 ROBINA QL AUS Card xx5231 Value Date: 16/02/2026","+2050.88"
18/02/2026,"-15.08","EM MW MERMAID WATER QL AUS Card xx5231 Value Date: 15/02/2026","+2057.88"
17/02/2026,"-123.00","Loan Repayment LN REPAY 472766573","+2072.96"
17/02/2026,"-73.30","SQ *PADRE BREWING CO Miami QL AUS Card xx5231 Value Date: 13/02/2026","+2195.96"
17/02/2026,"-90.00","PETBARN ROBINAHOME ROBINA AUS Card xx5231 Value Date: 12/02/2026","+2269.26"
17/02/2026,"-1.00","OFFICEWORKS 0440 ROBIN ROBINA 04 AUS Card xx5231 Value Date: 14/02/2026","+2359.26"
17/02/2026,"-36.19","Awesome Organics ROCKLEA QL AUS Card xx5231 Value Date: 15/02/2026","+2360.26"
17/02/2026,"-7.10","ZARRAFAS COFFEE NERANG NERANG AUS Card xx5231 Value Date: 14/02/2026","+2396.45"
17/02/2026,"-9.64","BOOST JUICE ROBINA ROBINA TOWN C AUS Card xx5231 Value Date: 14/02/2026","+2403.55"
17/02/2026,"-44.15","COLES 8741 MERMAID WTRS 04 AUS Card xx5231 Value Date: 15/02/2026","+2413.19"
17/02/2026,"-2.00","THE REJECT SHOP 4485 ROBINA QL AUS Card xx5231 Value Date: 14/02/2026","+2457.34"
17/02/2026,"-13.25","SQ *OM MY WAY Miami QL AUS Card xx5231 Value Date: 15/02/2026","+2459.34"
17/02/2026,"-50.51","WOOLWORTHS 2515 MERMAID WTRS QL AUS Card xx5231 Value Date: 15/02/2026","+2472.59"
17/02/2026,"-13.21","SMP*SUMMIT ORGANICS TYALGUM CREEK NS AUS Card xx5231 Value Date: 15/02/2026","+2523.10"
17/02/2026,"-11.55","ZARRAFAS COFFEE NERANG NERANG AUS Card xx5231 Value Date: 15/02/2026","+2536.31"
17/02/2026,"-5.05","FLOR DO LUAR PTY LTD MERMAID WTRS AUS Card xx5231 Value Date: 15/02/2026","+2547.86"
17/02/2026,"-80.00","SQ *THE BATHHOUSE AT G Currumbin Val QL AUS Card xx8935 Value Date: 14/02/2026","+2552.91"
17/02/2026,"-59.00","KMART 1148 ROBINA 04 AUS Card xx8935 Value Date: 14/02/2026","+2632.91"
17/02/2026,"-54.66","THAIGER DINE IN & TAK Oxenford QL AUS Card xx8935 Value Date: 15/02/2026","+2691.91"
17/02/2026,"-77.78","Afterpay afterpay.com AU AUS Card xx8935 Value Date: 15/02/2026","+2746.57"
17/02/2026,"-630.00","Transfer to other Bank NetBank 102701","+2824.35"
16/02/2026,"-80.39","Direct Debit 142038 BUDGET DIRECT 120249620149643555","+3454.35"
16/02/2026,"+52.65","Direct Credit 428226 Pet Insurance 8746276","+3534.74"
16/02/2026,"-90.00","Transfer To Mariana Groth da silva PayID Phone from CommBank App Anastasia","+3482.09"
14/02/2026,"-373.97","Transfer to xx8243 CommBank app","+3572.09"
14/02/2026,"-14.00","IKEA LOGAN SLACKS CREEK AU","+3946.06"
14/02/2026,"-21.50","GUZMAN Y GOMEZ SURRY HILLS NS AUS Card xx8935 Value Date: 12/02/2026","+3960.06"
14/02/2026,"-140.70","SP OZ HAIR BEAUTY MIRANDA NS AUS Card xx8935 Value Date: 12/02/2026","+3981.56"
13/02/2026,"-239.15","Transfer to xx8243 CommBank app","+4122.26"
13/02/2026,"+4100.00","Fast Transfer From MICHEL EDUBAS To joint","+4361.41"
13/02/2026,"+20.00","Transfer from xx1300 CommBank app","+261.41"
13/02/2026,"-30.70","GUZMAN Y GOMEZ SURRY HILLS NS AUS Card xx8935 Value Date: 11/02/2026","+241.41"
13/02/2026,"-63.26","CHEMIST WAREHOUSE NERANG QL AUS Card xx5231 Value Date: 11/02/2026","+272.11"
13/02/2026,"-54.73","PEARL ENERGY ROBINA ROBINA QL AUS Card xx5231 Value Date: 10/02/2026","+335.37"
12/02/2026,"-50.03","Direct Debit 389998 Pet Insurance 94427887","+390.10"
12/02/2026,"-11.16","SQ *KOOCO ESPRESSO BAR ROBINA TOWN C AU","+440.13"
12/02/2026,"-45.00","HEALTHY PETS PLUS","+451.29"
12/02/2026,"-2.00","FORTUNATELYFORTUNATELY PTNERANG AU","+496.29"
12/02/2026,"-17.17","ZLR*Pitstop Smokehouse Nerang AU","+498.29"
12/02/2026,"-1286.39","Transfer to xx8243 CommBank app","+515.46"
12/02/2026,"-12.07","LSP*Oasis Dental Studi Broadbeach AU AUS Card xx8935 Value Date: 10/02/2026","+1801.85"
12/02/2026,"-32.94","UBER *EATS HELP.UBER.C Sydney AU AUS Card xx8935 Value Date: 11/02/2026","+1813.92"
12/02/2026,"-25.00","SQ *FIGHT ACADEMY AUST Nerang QL AUS Card xx5231 Value Date: 10/02/2026","+1846.86"
11/02/2026,"-630.00","Transfer to other Bank NetBank 102701","+1871.86"
11/02/2026,"-104.33","WOOLWORTHS 2764 NERANG QL AUS Card xx5231 Value Date: 09/02/2026","+2501.86"
11/02/2026,"-8.00","7-ELEVEN 4211 ROBINA QL AUS Card xx5231 Value Date: 09/02/2026","+2606.19"
11/02/2026,"-1.50","GUZMAN Y GOMEZ SURRY HILLS NS AUS Card xx5231 Value Date: 07/02/2026","+2614.19"
11/02/2026,"-122.00","SPOTLIGHT 039 ASHMORE QL AUS Card xx5231 Value Date: 07/02/2026","+2615.69"
11/02/2026,"-3.63","OFFICEWORKS 0422 NERAN HIGHLAND PARK 04 AUS Card xx8935 Value Date: 09/02/2026","+2737.69"
11/02/2026,"-36.70","GUZMAN Y GOMEZ SURRY HILLS NS AUS Card xx8935 Value Date: 09/02/2026","+2741.32"
11/02/2026,"-19.74","Shein AUS Melbourne AUS Card xx8935 Value Date: 09/02/2026","+2778.02"
11/02/2026,"-38.37","PACIFIC FAIR PHARM P BROADBEACH WA AUS Card xx8935 Value Date: 08/02/2026","+2797.76"
10/02/2026,"-123.00","Loan Repayment LN REPAY 472766573","+2836.13"
10/02/2026,"+1500.00","Direct Credit 123079 Maria Liza Acabo WebnBirthday Dine","+2959.13"
10/02/2026,"+1000.00","Transfer from xx9058 CommBank app","+1459.13"
10/02/2026,"+100.00","Transfer from xx1300 CommBank app","+459.13"
10/02/2026,"-21.50","GUZMAN Y GOMEZ SURRY HILLS NS AUS Card xx8935 Value Date: 06/02/2026","+359.13"
10/02/2026,"-46.20","WWW.ROBINAPAVILION.COM ROBINA QL AUS Card xx8935 Value Date: 06/02/2026","+380.63"
10/02/2026,"-47.55","UBER *EATS HELP.UBER.C Sydney AU AUS Card xx8935 Value Date: 05/02/2026","+426.83"
10/02/2026,"-11.55","ZARRAFAS COFFEE NERANG NERANG AUS Card xx8935 Value Date: 08/02/2026","+474.38"
10/02/2026,"-35.98","DAN MURPHY'S 2419 NERANG QL AUS Card xx5231 Value Date: 06/02/2026","+485.93"
10/02/2026,"-54.78","WOOLWORTHS 2764 NERANG QL AUS Card xx5231 Value Date: 06/02/2026","+521.91"
10/02/2026,"-16.00","SALVOS STORES ROBINA QL AUS Card xx5231 Value Date: 06/02/2026","+576.69"
10/02/2026,"-86.89","DODO SERVICES PTY LTD MELBOURNE VI AUS Card xx5231 Value Date: 06/02/2026","+592.69"
10/02/2026,"-31.57","ROBINA TAVERN ROBINA QL AUS Card xx5231 Value Date: 06/02/2026","+679.58"
10/02/2026,"-12.18","PACFRESHFRUIT L0967 BROADBEACH WA QL AUS Card xx5231 Value Date: 08/02/2026","+711.15"
10/02/2026,"-48.60","COLES 4368 BROADBEACH 04 AUS Card xx5231 Value Date: 08/02/2026","+723.33"
10/02/2026,"-3.75","COLES 4368 BROADBEACH 04 AUS Card xx5231 Value Date: 08/02/2026","+771.93"
10/02/2026,"-20.00","KMART 1032 BROADBEACH 04 AUS Card xx5231 Value Date: 08/02/2026","+775.68"
10/02/2026,"-0.51","International Transaction Fee Value Date: 08/02/2026","+795.68"
10/02/2026,"-14.50","QUANTCONNECT.COM LEWES DE USA Card xx5231 USD 10.00 Value Date: 08/02/2026","+796.19"
08/02/2026,"+80.00","Fast Transfer From SCOTT WHAN to PayID Phone Mikes kitchen","+810.69"
08/02/2026,"+120.00","Fast Transfer From BELA TOTH to PayID Phone birthday dinner","+730.69"
08/02/2026,"+135.00","Fast Transfer From Yung-chi Chang to PayID Phone Dinner for Iris and Justan","+610.69"
07/02/2026,"-8.50","7-ELEVEN 4211 ROBINA QL AUS Card xx5231 Value Date: 05/02/2026","+475.69"
07/02/2026,"-1.00","TRANSLINK TICKETING QLD AUS Card xx5231 Value Date: 05/02/2026","+484.19"
06/02/2026,"+22.88","Direct Credit 428226 Pet Insurance 8710626","+485.19"
06/02/2026,"+200.00","Fast Transfer From MICHEL EDUBAS To joint","+462.31"
06/02/2026,"+200.00","Transfer from xx1300 CommBank app","+262.31"
06/02/2026,"-26.82","UBER *TRIP HELP.UBER.C 14518236738 AU AUS Card xx8935 Value Date: 04/02/2026","+62.31"
06/02/2026,"-27.99","DAN MURPHY'S 2419 NERANG QL AUS Card xx5231 Value Date: 04/02/2026","+89.13"
06/02/2026,"-43.88","COLES 4501 NERANG 04 AUS Card xx5231 Value Date: 04/02/2026","+117.12"
05/02/2026,"+40.00","Transfer from xx9058 CommBank app","+161.00"
05/02/2026,"-32.40","WOOLWORTHS 2764 NERANG QL AUS Card xx8935 Value Date: 03/02/2026","+121.00"
05/02/2026,"-36.96","EUROFOOD SHOP NERANG AUS Card xx8935 Value Date: 03/02/2026","+153.40"
05/02/2026,"-30.50","GREENCROSS VETS NERANG QL AUS Card xx5231 Value Date: 02/02/2026","+190.36"
05/02/2026,"-16.14","SQ *GOLD COAST KEBABS Nerang QL AUS Card xx5231 Value Date: 03/02/2026","+220.86"
05/02/2026,"-8.00","7-ELEVEN 4211 ROBINA QL AUS Card xx5231 Value Date: 03/02/2026","+237.00"
05/02/2026,"-18.75","Subway Benowa Benowa QL AUS Card xx5231 Value Date: 02/02/2026","+245.00"
05/02/2026,"-5.45","ZARRAFAS COFFEE NERANG NERANG AUS Card xx5231 Value Date: 03/02/2026","+263.75"
05/02/2026,"-6.10","ZARRAFAS COFFEE NERANG NERANG AUS Card xx5231 Value Date: 03/02/2026","+269.20"
04/02/2026,"-172.40","Direct Debit 613602 QP EMF RobinaHom DT.51wbd7 QKP_QP E","+275.30"
04/02/2026,"-630.00","Transfer to other Bank NetBank 102701","+447.70"
04/02/2026,"-21.84","UBER *TRIP HELP.UBER.C 14518236738 AU AUS Card xx8935 Value Date: 02/02/2026","+1077.70"
04/02/2026,"-28.00","GUZMAN Y GOMEZ SURRY HILLS NS AUS Card xx8935 Value Date: 01/02/2026","+1099.54"
04/02/2026,"-71.98","BUNDALL AMCAL CHEMPR BUNDALL AUS Card xx8935 Value Date: 02/02/2026","+1127.54"
04/02/2026,"-34.56","HOPE ENERGY MOLENDINAR MOLENDINAR QL AUS Card xx5231 Value Date: 01/02/2026","+1199.52"
04/02/2026,"-120.00","PETBARN NERANG AUS Card xx5231 Value Date: 01/02/2026","+1234.08"
04/02/2026,"-5.00","SUSHI HUB ROBINA ROBINA TOWN C QL AUS Card xx5231 Value Date: 30/01/2026","+1354.08"
03/02/2026,"-123.00","Loan Repayment LN REPAY 472766573","+1359.08"
03/02/2026,"+1100.00","Transfer from xx9058 CommBank app","+1482.08"
03/02/2026,"-10.00","SQ *EAST COAST ROAST Nerang AU","+382.08"
03/02/2026,"-149.00","Fresha Beauty Studio Cabarita AU AUS Card xx8935 Value Date: 30/01/2026","+392.08"
03/02/2026,"-18.00","GUZMAN Y GOMEZ SURRY HILLS NS AUS Card xx8935 Value Date: 30/01/2026","+541.08"
03/02/2026,"-77.78","Afterpay afterpay.com AU AUS Card xx8935 Value Date: 31/01/2026","+559.08"
03/02/2026,"-12.12","CURRUMBINRSL B0445 CURRUMBIN QL AUS Card xx8935 Value Date: 31/01/2026","+636.86"
03/02/2026,"-62.21","COLES 4501 NERANG 04 AUS Card xx8935 Value Date: 01/02/2026","+648.98"
03/02/2026,"-4.35","WOOLWORTHS 2592 BROADBEACH QL AUS Card xx5231 Value Date: 30/01/2026","+711.19"
03/02/2026,"-5.00","SALVOS STORES ROBINA QL AUS Card xx5231 Value Date: 30/01/2026","+715.54"
03/02/2026,"-29.36","SP The Oasis Broadbeach QL AUS Card xx5231 Value Date: 30/01/2026","+720.54"
03/02/2026,"-8.80","STARBUCKS COFFEE D00 BROADBEACH QL AUS Card xx5231 Value Date: 30/01/2026","+749.90"
03/02/2026,"-6.60","STARBUCKS COFFEE D00 BROADBEACH QL AUS Card xx5231 Value Date: 30/01/2026","+758.70"
03/02/2026,"-5.04","AWLQ NERANG OP SHOP NERANG QL AUS Card xx5231 Value Date: 31/01/2026","+765.30"
03/02/2026,"-26.34","DIGITALOCEAN.COM GROSVENOR PLA NS AUS Card xx5231 Value Date: 01/02/2026","+770.34"
03/02/2026,"-45.00","IKEA LOGAN SLACKS CREEK QL AUS Card xx5231 Value Date: 01/02/2026","+796.68"
03/02/2026,"-10.00","99 Bikes Ashmore Ashmore QL AUS Card xx5231 Value Date: 01/02/2026","+841.68"
02/02/2026,"-80.39","Direct Debit 142038 BUDGET DIRECT 120249620148736233","+851.68"
02/02/2026,"+43.90","Refund Purchase Medicare Benefit","+932.07"
02/02/2026,"-98.49","Bundall Medical Centr Bundall AU","+888.17"
02/02/2026,"-90.00","Transfer To Mariana Groth da silva PayID Phone from CommBank App Anastasia","+986.66"
02/02/2026,"+112.35","Direct Credit 441774 AHM 52803464","+1076.66"
01/02/2026,"-117.98","IKEA LOGAN SLACKS CREEK AU","+964.31"
01/02/2026,"-20.00","Transfer to xx9058 CommBank app","+1082.29"
31/01/2026,"+21.00","Fast Transfer From DANIEL WHAN to PayID Phone hehe","+1102.29"
31/01/2026,"+21.00","Fast Transfer From SCOTT WHAN to PayID Phone Koch","+1081.29"
31/01/2026,"+21.00","Fast Transfer From DIANA REYES ORELLANA to PayID Phone EXTREMEEE","+1060.29"
31/01/2026,"-50.00","Transfer to xx9058 CommBank app","+1039.29"
31/01/2026,"-22.00","KMART 1148 ROBINA AU","+1089.29"
31/01/2026,"-9.34","Yo-Chi Robina Robina AU","+1111.29"
31/01/2026,"-25.14","H&M HENNES & MAURITZ QLD AU","+1120.63"
31/01/2026,"-14.75","Niche & Co Tugun AU","+1145.77"
31/01/2026,"-6.90","BP TUGUN 1507 TUGUN AU","+1160.52"
31/01/2026,"-22.60","GUZMAN Y GOMEZ SURRY HILLS NS AUS Card xx8935 Value Date: 29/01/2026","+1167.42"
31/01/2026,"-22.99","APPLE.COM/BILL SYDNEY NS AUS Card xx8935 Value Date: 29/01/2026","+1190.02"
31/01/2026,"-26.50","BWS 2391 NERANG QL AUS Card xx5231 Value Date: 29/01/2026","+1213.01"
31/01/2026,"-98.10","WOOLWORTHS 2764 NERANG QL AUS Card xx5231 Value Date: 29/01/2026","+1239.51"
31/01/2026,"-18.00","WOOLWORTHS 2764 NERANG QL AUS Card xx5231 Value Date: 29/01/2026","+1337.61"
31/01/2026,"-5.50","7-ELEVEN 4211 ROBINA QL AUS Card xx5231 Value Date: 29/01/2026","+1355.61"
30/01/2026,"-30.00","Transfer To Fabiana Nishimura CommBank App Anastasia","+1361.11"
30/01/2026,"-54.84","PEARL ENERGY ROBINA ROBINA QL AUS Card xx5231 Value Date: 27/01/2026","+1391.11"
29/01/2026,"-29.90","Direct Debit 010758 AHM 52803464","+1445.95"
29/01/2026,"-50.03","Direct Debit 389998 Pet Insurance 94036167","+1475.85"
29/01/2026,"-40.04","WOOLWORTHS 2645 ROBINA QL AUS Card xx5231 Value Date: 27/01/2026","+1525.88"
29/01/2026,"-8.86","STARBUCKS COFFEE D03 ROBINA QL AUS Card xx5231 Value Date: 26/01/2026","+1565.92"
29/01/2026,"-6.35","MCDONALDS MOBYS VICS COOCHIN CREEK QL AUS Card xx5231 Value Date: 25/01/2026","+1574.78"
29/01/2026,"-30.85","PEARL ENERGY KAWUNGA KAWUNGAN QL AUS Card xx5231 Value Date: 25/01/2026","+1581.13"
29/01/2026,"-7.50","TUGUN MARKET TUGUN AUS Card xx5231 Value Date: 26/01/2026","+1611.98"
29/01/2026,"-210.95","SCR CORPORATE PTY LT ROBINA QL AUS Card xx8935 Value Date: 23/01/2026","+1619.48"
28/01/2026,"+1200.00","Transfer from xx9058 CommBank app","+1830.43"
28/01/2026,"-74.60","GUZMAN Y GOMEZ SURRY HILLS NS AUS Card xx8935 Value Date: 23/01/2026","+630.43"
28/01/2026,"-15.12","ANIMAL KINGDOM PL NERANG AUS Card xx8935 Value Date: 23/01/2026","+705.03"
28/01/2026,"-38.30","SQ *ENZO'S ON THE BEAC Scarness QL AUS Card xx8935 Value Date: 25/01/2026","+720.15"
28/01/2026,"-14.99","APPLE.COM/BILL SYDNEY AU AUS Card xx8935 Value Date: 24/01/2026","+758.45"
28/01/2026,"-10.50","BETTY'S BURGERS AUSTRA ROBINA TOWN C AUS Card xx8935 Value Date: 23/01/2026","+773.44"
28/01/2026,"-98.29","Optus Billing MacquariePark NS AUS Card xx8935 Value Date: 24/01/2026","+783.94"
28/01/2026,"-24.50","GUZMAN Y GOMEZ SURRY HILLS NS AUS Card xx8935 Value Date: 24/01/2026","+882.23"
28/01/2026,"-49.90","DAN MURPHY'S 2419 NERANG QL AUS Card xx5231 Value Date: 23/01/2026","+906.73"
28/01/2026,"-21.99","NERANG BOTTLESHOP NERANG AUS Card xx5231 Value Date: 22/01/2026","+956.63"
28/01/2026,"-75.82","SQ *ENZO'S ON THE BEAC Scarness QL AUS Card xx5231 Value Date: 24/01/2026","+978.62"
28/01/2026,"-7.00","Lifeline Retail - Ba Pialba QL AUS Card xx5231 Value Date: 25/01/2026","+1054.44"
28/01/2026,"-14.15","The Beach House Hotel Scarness QL AUS Card xx5231 Value Date: 25/01/2026","+1061.44"
28/01/2026,"-54.59","The Beach House Hotel Scarness QL AUS Card xx5231 Value Date: 25/01/2026","+1075.59"
28/01/2026,"-23.56","The Beach House Hotel Scarness QL AUS Card xx5231 Value Date: 25/01/2026","+1130.18"
28/01/2026,"-10.00","NIGHTOWL HERVEY BAY PT HERVEY BAY AUS Card xx5231 Value Date: 24/01/2026","+1153.74"
28/01/2026,"-16.99","KING KONG SALES HERVEY BAY AUS Card xx5231 Value Date: 25/01/2026","+1163.74"
28/01/2026,"-59.00","Optus Billing MacquariePark NS AUS Card xx5231 Value Date: 25/01/2026","+1180.73"
28/01/2026,"-47.00","LIQUORLAND 6599 NERANG 04 AUS Card xx5231 Value Date: 26/01/2026","+1239.73"
28/01/2026,"-82.13","COLES 4501 NERANG 04 AUS Card xx5231 Value Date: 26/01/2026","+1286.73"
28/01/2026,"-22.63","Tugun SLSC Tugun QL AUS Card xx5231 Value Date: 26/01/2026","+1368.86"
28/01/2026,"-42.81","UNITED GUNALDA GUNALDA QL AUS Card xx5231 Value Date: 24/01/2026","+1391.49"
28/01/2026,"-37.13","SQ *GOLD COAST KEBABS Nerang QL AUS Card xx5231 Value Date: 26/01/2026","+1434.30"
28/01/2026,"-630.00","Transfer to other Bank NetBank 102701","+1471.43"
27/01/2026,"-123.00","Loan Repayment LN REPAY 472766573","+2101.43"
27/01/2026,"+1000.00","Transfer from xx9058 CommBank app","+2224.43"
26/01/2026,"-11.11","Transfer To D REYES ORELLANA PayID Phone from CommBank App Thank you","+1224.43"
26/01/2026,"-54.06","ALDI STORES NERANG QLDAU","+1235.54"
26/01/2026,"-90.00","Transfer To Mariana Groth da silva PayID Phone from CommBank App Anastasia","+1289.60"
25/01/2026,"-10.00","XRO: XERO CUSTOM CONNE","+1379.60"
25/01/2026,"-17.17","BEEFYS GLASS HOUSE GLASS HOUSE MO QLD AU","+1389.60"
25/01/2026,"-11.98","SQ *CREME DE LA CREME Rainbow Beach AU","+1406.77"
24/01/2026,"-17.17","BEEFYS MORAYFIELD MORAYFIELD QLD AU","+1418.75"
24/01/2026,"-13.80","STARBUCKS COFFEE D05 MORAYFIELD AU","+1435.92"
24/01/2026,"-60.98","AMAZON AU MARKETPLACE SYDNEY AUS Card xx5231 Value Date: 22/01/2026","+1449.72"
23/01/2026,"+20.00","Fast Transfer From SCOTT WHAN to PayID Phone Gyg","+1510.70"
23/01/2026,"+24.00","Fast Transfer From DIANA REYES ORELLANA Aperol","+1490.70"
23/01/2026,"-101.45","HAIRHOUSE ROBINA ROBINA AU","+1466.70"
23/01/2026,"-7.70","STARBUCKS COFFEE D03 ROBINA AU","+1568.15"
23/01/2026,"-40.18","COLES 4501 NERANG 04 AUS Card xx5231 Value Date: 21/01/2026","+1575.85"
23/01/2026,"-43.15","PEARL ENERGY ROBINA ROBINA QL AUS Card xx5231 Value Date: 20/01/2026","+1616.03"
23/01/2026,"-16.14","SQ *GOLD COAST KEBABS Nerang QL AUS Card xx5231 Value Date: 21/01/2026","+1659.18"
23/01/2026,"-33.99","LIQUOR LEGENDS CARRARA CARRARA QL AUS Card xx5231 Value Date: 20/01/2026","+1675.32"
22/01/2026,"-17.60","COLES 4501 NERANG 04 AUS Card xx5231 Value Date: 20/01/2026","+1709.31"
22/01/2026,"-5.90","MCDONALDS NERANG NERANG QL AUS Card xx5231 Value Date: 19/01/2026","+1726.91"
22/01/2026,"-21.50","GUZMAN Y GOMEZ SURRY HILLS NS AUS Card xx8935 Value Date: 20/01/2026","+1732.81"
21/01/2026,"-29.90","Direct Debit 010758 AHM 51150161","+1754.31"
21/01/2026,"-172.40","Direct Debit 613602 QP EMF RobinaHom DT.501xpt QKP_QP E","+1784.21"
21/01/2026,"-56.76","ALDI STORES NERANG QLDAU","+1956.61"
21/01/2026,"-6.50","FORTUNATELYFORTUNATELY PTNERANG AU","+2013.37"
21/01/2026,"-24.50","GUZMAN Y GOMEZ SURRY HILLS NS AUS Card xx8935 Value Date: 18/01/2026","+2019.87"
21/01/2026,"-10.95","JUST HEALTHY ROBINA QL AUS Card xx5231 Value Date: 18/01/2026","+2044.37"
21/01/2026,"-9.80","SUSHI HUB ROBINA ROBINA TOWN C QL AUS Card xx5231 Value Date: 16/01/2026","+2055.32"
20/01/2026,"-123.00","Loan Repayment LN REPAY 472766573","+2065.12"
20/01/2026,"-36.30","COLES 4501 NERANG 04 AUS Card xx5231 Value Date: 16/01/2026","+2188.12"
20/01/2026,"-7.00","COLES 4501 NERANG 04 AUS Card xx5231 Value Date: 15/01/2026","+2224.42"
20/01/2026,"-84.47","MyHealth Robina Robina QL AUS Card xx5231 Value Date: 16/01/2026","+2231.42"
20/01/2026,"-27.87","WOOLWORTHS 2534 ROBINA QL AUS Card xx5231 Value Date: 18/01/2026","+2315.89"
20/01/2026,"-6.90","SQ *KOOCO ESPRESSO BAR Robina QL AUS Card xx5231 Value Date: 18/01/2026","+2343.76"
20/01/2026,"-60.00","Mecca Brands Pty Ltd Brisbane AU AUS Card xx5231 Value Date: 18/01/2026","+2350.66"
20/01/2026,"-17.75","HANARO TRADING PTY LTD ROBINA AUS Card xx5231 Value Date: 18/01/2026","+2410.66"
20/01/2026,"-4.95","EG GROUP 2296 ROBINA QL AUS Card xx8935 Value Date: 16/01/2026","+2428.41"
20/01/2026,"-12.50","GUZMAN Y GOMEZ SURRY HILLS NS AUS Card xx8935 Value Date: 16/01/2026","+2433.36"
20/01/2026,"-6.10","ZARRAFAS COFFEE NERANG NERANG AUS Card xx8935 Value Date: 16/01/2026","+2445.86"
20/01/2026,"-27.90","GRILLD PTY LTD - PAQPS BROADBEACH AUS Card xx8935 Value Date: 15/01/2026","+2451.96"
20/01/2026,"-22.00","LIQUORLAND 6599 NERANG 04 AUS Card xx8935 Value Date: 17/01/2026","+2479.86"
20/01/2026,"-10.00","COLES 4663 PACIFIC PINES 04 AUS Card xx8935 Value Date: 17/01/2026","+2501.86"
20/01/2026,"-6.50","COLES 4501 NERANG 04 AUS Card xx8935 Value Date: 17/01/2026","+2511.86"
20/01/2026,"-46.70","UBER *EATS HELP.UBER.C Sydney AU AUS Card xx8935 Value Date: 17/01/2026","+2518.36"
20/01/2026,"-630.00","Transfer to other Bank NetBank 102701","+2565.06"
19/01/2026,"-80.39","Direct Debit 142038 BUDGET DIRECT 120249620147817958","+3195.06"
19/01/2026,"-90.00","Transfer To Mariana Groth da silva PayID Phone from CommBank App Anastasia","+3275.45"
18/01/2026,"-218.65","Transfer to xx8243 CommBank app","+3365.45"
17/01/2026,"+40.00","Fast Transfer From SCOTT WHAN to PayID Phone GYG+Cinema","+3584.10"
17/01/2026,"-17.73","UBER *TRIP HELP.UBER.C 14518236738 AU AUS Card xx8935 Value Date: 15/01/2026","+3544.10"
17/01/2026,"-1.00","CIRCUM VENDING MENTONE VI AUS Card xx8935 Value Date: 15/01/2026","+3561.83"
17/01/2026,"-149.00","Fresha Beauty Studio Cabarita AU AUS Card xx8935 Value Date: 15/01/2026","+3562.83"
17/01/2026,"-33.27","UBER *TRIP HELP.UBER.C 14518236738 AU AUS Card xx8935 Value Date: 15/01/2026","+3711.83"
17/01/2026,"-2.20","CIRCUM VENDING MENTONE VI AUS Card xx8935 Value Date: 15/01/2026","+3745.10"
17/01/2026,"-16.14","SQ *GOLD COAST KEBABS Nerang QL AUS Card xx5231 Value Date: 15/01/2026","+3747.30"
17/01/2026,"-8.48","Vish Fruit & Veg Nerang QL AUS Card xx5231 Value Date: 14/01/2026","+3763.44"
17/01/2026,"-25.28","HOLY HAND EXPRESS HAIR NERANG AUS Card xx5231 Value Date: 15/01/2026","+3771.92"
16/01/2026,"-46.82","WOOLWORTHS 2764 NERANG QL AUS Card xx5231 Value Date: 14/01/2026","+3797.20"
16/01/2026,"-7.10","ZARRAFAS COFFEE NERANG NERANG AUS Card xx5231 Value Date: 14/01/2026","+3844.02"
15/01/2026,"-50.03","Direct Debit 389998 Pet Insurance 93632643","+3851.12"
15/01/2026,"-60.10","Uniqlo Australia Pty Ltd Broadbeach AU","+3901.15"
15/01/2026,"-22.00","KMART 1032 BROADBEACH AU","+3961.25"
15/01/2026,"-200.00","Transfer to xx9058 CommBank app","+3983.25"
15/01/2026,"-16.50","SQ *EAST COAST ROAST Nerang AU","+4183.25"
15/01/2026,"-125.18","COLES 4501 NERANG 04 AUS Card xx8935 Value Date: 13/01/2026","+4199.75"
15/01/2026,"-4.50","CIRCUM VENDING MENTONE VI AUS Card xx8935 Value Date: 13/01/2026","+4324.93"
15/01/2026,"-1.00","CIRCUM VENDING MENTONE VI AUS Card xx8935 Value Date: 13/01/2026","+4329.43"
15/01/2026,"-2.20","CIRCUM VENDING MENTONE VI AUS Card xx8935 Value Date: 13/01/2026","+4330.43"
15/01/2026,"-20.00","LIQUORLAND 6599 NERANG 04 AUS Card xx5231 Value Date: 13/01/2026","+4332.63"
15/01/2026,"-49.35","PEARL ENERGY ROBINA ROBINA QL AUS Card xx5231 Value Date: 12/01/2026","+4352.63"
15/01/2026,"-1.00","SALVOS STORES NERANG QL AUS Card xx5231 Value Date: 13/01/2026","+4401.98"
15/01/2026,"-31.50","GUZMAN Y GOMEZ SURRY HILLS NS AUS Card xx5231 Value Date: 13/01/2026","+4402.98"
14/01/2026,"+4000.00","Fast Transfer From MICHEL EDUBAS To joint","+4434.48"
14/01/2026,"-8.08","ZLR*Pitstop Smokehouse Nerang AU","+434.48"
14/01/2026,"-1.00","CIRCUM VENDING MENTONE VI AUS Card xx8935 Value Date: 12/01/2026","+442.56"
14/01/2026,"-1.00","CIRCUM VENDING MENTONE VI AUS Card xx8935 Value Date: 12/01/2026","+443.56"
14/01/2026,"-33.70","GUZMAN Y GOMEZ SURRY HILLS NS AUS Card xx8935 Value Date: 10/01/2026","+444.56"
14/01/2026,"-10.60","EVENT CINEMAS ROBINA ROBINA AUS Card xx8935 Value Date: 11/01/2026","+478.26"
13/01/2026,"-123.00","Loan Repayment LN REPAY 472766573","+488.86"
13/01/2026,"-630.00","Transfer To Castle Property Managers CommBank App 102701","+611.86"
13/01/2026,"+1100.00","Transfer from xx9058 CommBank app","+1241.86"
13/01/2026,"+25.00","Fast Transfer From DANIEL WHAN to PayID Phone cine maid","+141.86"
13/01/2026,"-2.50","TRANSLINK TICKETING QLD AUS Card xx8935 Value Date: 11/01/2026","+116.86"
13/01/2026,"-22.16","COLES 4501 NERANG 04 AUS Card xx8935 Value Date: 10/01/2026","+119.36"
13/01/2026,"-114.50","WOOLWORTHS 2764 NERANG QL AUS Card xx8935 Value Date: 11/01/2026","+141.52"
13/01/2026,"-14.20","GUZMAN Y GOMEZ SURRY HILLS NS AUS Card xx5231 Value Date: 09/01/2026","+256.02"
13/01/2026,"-10.00","SQ *SALTY PLUM JAPANES Robina QL AUS Card xx5231 Value Date: 09/01/2026","+270.22"
13/01/2026,"-5.45","ZARRAFAS COFFEE NERANG NERANG AUS Card xx5231 Value Date: 09/01/2026","+280.22"
13/01/2026,"-12.00","LIQUORLAND 6599 NERANG 04 AUS Card xx5231 Value Date: 10/01/2026","+285.67"
13/01/2026,"-22.56","COLES 4584 HELENSVALE 04 AUS Card xx5231 Value Date: 10/01/2026","+297.67"
13/01/2026,"-3.00","KMART 1179 HELENSVALE 04 AUS Card xx5231 Value Date: 10/01/2026","+320.23"
13/01/2026,"-8.36","WESKIM & CO PTY LTD NERANG AUS Card xx5231 Value Date: 10/01/2026","+323.23"
13/01/2026,"-7.90","WOOLWORTHS 2534 ROBINA QL AUS Card xx5231 Value Date: 11/01/2026","+331.59"
13/01/2026,"-19.79","LS Earth Beer Company Cudgen AU AUS Card xx5231 Value Date: 11/01/2026","+339.49"
13/01/2026,"-36.99","SQ *CHARCOAL BAY PTY L Ballina NS AUS Card xx5231 Value Date: 11/01/2026","+359.28"
12/01/2026,"-45.00","HEALTHY PETS PLUS","+396.27"
11/01/2026,"+25.00","Fast Transfer From DIANA REYES ORELLANA Movie","+441.27"
11/01/2026,"-90.00","Transfer To Mariana Groth da silva PayID Phone from CommBank App Anastasia","+416.27"
11/01/2026,"-12.18","LS Earth Beer Company Cudgen AU","+506.27"
10/01/2026,"-69.52","ALDI STORES HELENSVALE QLDAU","+518.45"
10/01/2026,"-1.00","CIRCUM VENDING MENTONE VI AUS Card xx8935 Value Date: 08/01/2026","+587.97"
10/01/2026,"-58.00","DAN MURPHY'S 2419 NERANG QL AUS Card xx5231 Value Date: 08/01/2026","+588.97"
10/01/2026,"-4.00","GYG Robina Drive Thru Robina QL AUS Card xx5231 Value Date: 08/01/2026","+646.97"
10/01/2026,"-10.00","7-ELEVEN 4211 ROBINA QL AUS Card xx5231 Value Date: 08/01/2026","+650.97"
09/01/2026,"-21.00","SQ *SHIRO GELATO & SNA Southport AU","+660.97"
09/01/2026,"-32.00","Transfer To Karen Kahu CommBank App Papa Macros _","+681.97"
09/01/2026,"-50.00","Transfer to xx9058 CommBank app","+713.97"
09/01/2026,"-2.52","CHOICE DISCOUNTS ROBINA QL AUS Card xx8935 Value Date: 07/01/2026","+763.97"
09/01/2026,"-0.52","International Transaction Fee Value Date: 07/01/2026","+766.49"
09/01/2026,"-14.92","QUANTCONNECT.COM LEWES DE USA Card xx5231 USD 10.00 Value Date: 07/01/2026","+767.01"
09/01/2026,"-26.23","COLES 8741 MERMAID WTRS 04 AUS Card xx5231 Value Date: 07/01/2026","+781.93"
09/01/2026,"-9.12","EM MW MERMAID WATER QL AUS Card xx5231 Value Date: 07/01/2026","+808.16"
09/01/2026,"-20.33","SQ *Q KEBAB HOUSE Mermaid water QL AUS Card xx5231 Value Date: 07/01/2026","+817.28"
09/01/2026,"-8.00","7-ELEVEN 4211 ROBINA QL AUS Card xx5231 Value Date: 07/01/2026","+837.61"
09/01/2026,"-24.80","BUNNINGS 431000 HIGHLAND PARK AUS Card xx5231 Value Date: 06/01/2026","+845.61"
08/01/2026,"-49.00","INSTANTSCRIPTS PTY LTD DOCKLANDS AU AUS Card xx8935 Value Date: 06/01/2026","+870.41"
08/01/2026,"-15.99","NERANG MY CENTRE CHEMP NERANG AUS Card xx8935 Value Date: 06/01/2026","+919.41"
08/01/2026,"-16.16","ZLR*Pitstop Smokehouse Nerang AU AUS Card xx5231 Value Date: 06/01/2026","+935.40"
08/01/2026,"-70.00","DAN MURPHY'S 2419 NERANG QL AUS Card xx5231 Value Date: 06/01/2026","+951.56"
08/01/2026,"-13.00","COLES 4501 NERANG 04 AUS Card xx5231 Value Date: 06/01/2026","+1021.56"
08/01/2026,"-64.74","COLES 4501 NERANG 04 AUS Card xx5231 Value Date: 06/01/2026","+1034.56"
08/01/2026,"-27.00","SALVOS STORES NERANG QL AUS Card xx5231 Value Date: 06/01/2026","+1099.30"
08/01/2026,"-86.89","DODO SERVICES PTY LTD MELBOURNE VI AUS Card xx5231 Value Date: 06/01/2026","+1126.30"
08/01/2026,"-14.50","SQ *EAST COAST ROAST Nerang QL AUS Card xx5231 Value Date: 06/01/2026","+1213.19"
08/01/2026,"-16.49","DOLLAR STRETCHER NERANG QL AUS Card xx5231 Value Date: 06/01/2026","+1227.69"
08/01/2026,"-43.35","ANIMAL KINGDOM PL NERANG AUS Card xx5231 Value Date: 06/01/2026","+1244.18"
08/01/2026,"-5.61","WESKIM & CO PTY LTD NERANG AUS Card xx5231 Value Date: 06/01/2026","+1287.53"
08/01/2026,"-12.39","BUNNINGS 431000 HIGHLAND PARK AUS Card xx5231 Value Date: 05/01/2026","+1293.14"
08/01/2026,"+0.67","Direct Credit 012721 ATO ATO006000022517120","+1305.53"
07/01/2026,"-171.80","Direct Debit 613602 QP EMF RobinaHom DT.4y779p QKP_QP E","+1304.86"
07/01/2026,"-17.15","SQ *KOOCO ESPRESSO BAR ROBINA TOWN C AU","+1476.66"
07/01/2026,"-9.49","CHEMIST WAREHOUSE NERANG QL AUS Card xx5231 Value Date: 05/01/2026","+1493.81"
07/01/2026,"-72.30","GUZMAN Y GOMEZ SURRY HILLS NS AUS Card xx5231 Value Date: 03/01/2026","+1503.30"
07/01/2026,"-19.74","Family Farm Meat Mark NERANG AUS Card xx5231 Value Date: 05/01/2026","+1575.60"
07/01/2026,"-11.55","ZARRAFAS COFFEE NERANG NERANG AUS Card xx5231 Value Date: 05/01/2026","+1595.34"
06/01/2026,"-123.00","Loan Repayment LN REPAY 472766573","+1606.89"
06/01/2026,"+400.00","Transfer from xx9058 CommBank app","+1729.89"
06/01/2026,"-5.00","Optus Billing MacquariePark NS AUS Card xx5231 Value Date: 01/01/2026","+1329.89"
06/01/2026,"-169.60","WOOLWORTHS 2764 NERANG QL AUS Card xx5231 Value Date: 03/01/2026","+1334.89"
06/01/2026,"-11.55","ZARRAFAS COFFEE NERANG NERANG AUS Card xx5231 Value Date: 03/01/2026","+1504.49"
06/01/2026,"-45.14","H&M HENNES & MAURITZ QLD AU AUS Card xx5231 Value Date: 04/01/2026","+1516.04"
06/01/2026,"-5.46","International Transaction Fee Value Date: 03/01/2026","+1561.18"
06/01/2026,"-155.89","EXPRESSVPN.COM GIBRALTAR GI GIB Card xx5231 USD 103.90 Value Date: 04/01/2026","+1566.64"
06/01/2026,"-70.89","WOOLWORTHS 2534 ROBINA QL AUS Card xx8935 Value Date: 04/01/2026","+1722.53"
06/01/2026,"-630.00","Transfer to other Bank NetBank 102701","+1793.42"
05/01/2026,"-80.39","Direct Debit 142038 BUDGET DIRECT 120249620146906572","+2423.42"
05/01/2026,"-11.80","Yo-Chi Robina Robina AU","+2503.81"
05/01/2026,"-20.60","MY TELEHEALTH CLINIC","+2515.61"
05/01/2026,"-51.94","Transfer To Wise Australia Pty Ltd PayID Email from CommBank App to jonald","+2536.21"
04/01/2026,"-7.50","KMART 1148 ROBINA AU","+2588.15"
03/01/2026,"-213.17","Transfer to xx8243 CommBank app","+2595.65"
03/01/2026,"-4000.00","Transfer To Wise Australia Pty Ltd PayID Email from CommBank App transfer to mum","+2808.82"
03/01/2026,"+4000.00","Fast Transfer From Maria Liza Acabo Edub PNB","+6808.82"
03/01/2026,"-13.23","DIGITALOCEAN.COM GROSVENOR PLA NS AUS Card xx5231 Value Date: 01/01/2026","+2808.82"
02/01/2026,"-50.03","Direct Debit 389998 Pet Insurance 93234499","+2822.05"
02/01/2026,"+2000.00","Transfer from xx9058 CommBank app","+2872.08"
01/01/2026,"-5.00","Optus Billing MacquariePark NS AUS Card xx5231 Value Date: 29/12/2025","+872.08"
31/12/2025,"-5.00","Optus Billing MacquariePark NS AUS Card xx5231 Value Date: 28/12/2025","+877.08"
31/12/2025,"-5.00","Optus Billing MacquariePark NS AUS Card xx8935 Value Date: 28/12/2025","+882.08"
31/12/2025,"-30.00","RSL Art Union 130-0775888 QL AUS Card xx8935 Value Date: 27/12/2025","+887.08"
30/12/2025,"-123.00","Loan Repayment LN REPAY 472766573","+917.08"
30/12/2025,"-14.99","APPLE.COM/BILL SYDNEY NS AUS Card xx8935 Value Date: 24/12/2025","+1040.08"
30/12/2025,"-98.29","Optus Billing MacquariePark NS AUS Card xx8935 Value Date: 24/12/2025","+1055.07"
30/12/2025,"-5.00","Optus Billing MacquariePark NS AUS Card xx5231 Value Date: 24/12/2025","+1153.36"
30/12/2025,"-5.00","Optus Billing MacquariePark NS AUS Card xx5231 Value Date: 26/12/2025","+1158.36"
30/12/2025,"-59.00","Optus Billing MacquariePark NS AUS Card xx5231 Value Date: 25/12/2025","+1163.36"
30/12/2025,"-630.00","Transfer to other Bank NetBank 102701","+1222.36"
29/12/2025,"-29.90","Direct Debit 010758 AHM 52803464","+1852.36"
25/12/2025,"-10.00","XRO: XERO CUSTOM CONNE","+1882.26"
25/12/2025,"-500.00","Transfer To D LITVINOV PayID Phone from CommBank App Transfer","+1892.26"
25/12/2025,"+1000.00","Fast Transfer From Maria Liza Acabo Edub Christmas Gift","+2392.26"
24/12/2025,"-28.00","Direct Debit 613602 QP EMF RobinaHom DT.4wizjg QKP_QP E","+1392.26"
24/12/2025,"-1000.00","Transfer To D LITVINOV PayID Phone from CommBank App Transfer","+1420.26"
23/12/2025,"-123.00","Loan Repayment LN REPAY 472766573","+2420.26"
23/12/2025,"-630.00","Transfer to other Bank NetBank 102701","+2543.26"
22/12/2025,"-80.39","Direct Debit 142038 BUDGET DIRECT 120249620146083448","+3173.26"
22/12/2025,"-29.90","Direct Debit 010758 AHM 51150161","+3253.65"
19/12/2025,"-500.00","Transfer To Evgenii Sukhodoev CommBank App Transfer","+3283.55"
18/12/2025,"-50.03","Direct Debit 389998 Pet Insurance 92843819","+3783.55"
18/12/2025,"-694.00","Transfer To Kristina Smirnova PayID Phone from CommBank App Transfer","+3833.58"
17/12/2025,"-1.02","International Transaction Fee Value Date: 13/12/2025","+4527.58"
17/12/2025,"-29.00","QDF F AND B Doha QAT Card xx5231 QAR 70.00 Value Date: 13/12/2025","+4528.60"
17/12/2025,"-1.12","International Transaction Fee Value Date: 13/12/2025","+4557.60"
17/12/2025,"-31.90","QDF SN LTF DOHA QAT Card xx5231 QAR 77.00 Value Date: 13/12/2025","+4558.72"
17/12/2025,"-0.98","International Transaction Fee Value Date: 13/12/2025","+4590.62"
17/12/2025,"-28.13","COSTA COFFEE HIA Doha QAT Card xx5231 AUD 28.13 Value Date: 13/12/2025","+4591.60"
17/12/2025,"-1.67","International Transaction Fee Value Date: 13/12/2025","+4619.73"
17/12/2025,"-47.64","F AND B FOR RESTAURANT DOHA QAT Card xx8935 QAR 115.00 Value Date: 13/12/2025","+4621.40"
17/12/2025,"-751.96","Transfer to xx8243 CommBank app","+4669.04"
16/12/2025,"+1000.00","Transfer from xx9058 CommBank app","+5421.00"
16/12/2025,"-123.00","Loan Repayment LN REPAY 472766573","+4421.00"
16/12/2025,"-57.71","THAIGER DINE IN & TAK Oxenford QL AUS Card xx5231 Value Date: 12/12/2025","+4544.00"
16/12/2025,"-7.00","OXENFORD ASIAN FOOD & Oxenford QL AUS Card xx5231 Value Date: 12/12/2025","+4601.71"
16/12/2025,"-0.75","International Transaction Fee Value Date: 11/12/2025","+4608.71"
16/12/2025,"-21.57","EXPRESSVPN.COM GIBRALTAR GI GIB Card xx5231 USD 14.29 Value Date: 12/12/2025","+4609.46"
16/12/2025,"-20.80","COLES 4501 NERANG 04 AUS Card xx5231 Value Date: 12/12/2025","+4631.03"
16/12/2025,"-8.92","TREASURES MANAGEMENT MUDGEERABA QL AUS Card xx5231 Value Date: 12/12/2025","+4651.83"
16/12/2025,"-2.80","POST NERANG POST SHOP NERANG AUS Card xx5231 Value Date: 12/12/2025","+4660.75"
16/12/2025,"-68.92","AIRPORT RETAIL GROUP A BRISBANE AIRP AU AUS Card xx5231 Value Date: 12/12/2025","+4663.55"
16/12/2025,"-22.30","AIRPORT RETAIL GROUP A BRISBANE AIRP AU AUS Card xx5231 Value Date: 12/12/2025","+4732.47"
16/12/2025,"-8.10","News Travels Int Airsi Eagle Farm QL AUS Card xx5231 Value Date: 12/12/2025","+4754.77"
16/12/2025,"-22.80","TRANSLINK TICKETING QLD AUS Card xx5231 Value Date: 13/12/2025","+4762.87"
16/12/2025,"-5.00","Optus Billing MacquariePark NS AUS Card xx5231 Value Date: 14/12/2025","+4785.67"
16/12/2025,"-630.00","Transfer to other Bank NetBank 102701","+4790.67"
13/12/2025,"-7.11","SQ *MILLERS ESPRESSO Mudgeeraba QL AUS Card xx5231 Value Date: 12/12/2025","+5420.67"
13/12/2025,"-33.56","ALDI STORES NERANG AUS Card xx5231 Value Date: 10/12/2025","+5427.78"
13/12/2025,"-33.60","Guzman Y Gomez Surry Hills AU AUS Card xx8935 Value Date: 11/12/2025","+5461.34"
12/12/2025,"-3550.00","Transfer To Wise Australia Pty Ltd PayID Email from CommBank App to mum","+5494.94"
12/12/2025,"-45.00","HEALTHY PETS PLUS","+9044.94"
12/12/2025,"+6000.00","Direct Credit 123079 Maria Liza Acabo Mike wage PNB","+9089.94"
12/12/2025,"+3000.00","Fast Transfer From MICHEL PHILIPPE EDUBA To joint","+3089.94"
12/12/2025,"-2.20","CIRCUM VENDING MENTONE VI AUS Card xx8935 Value Date: 10/12/2025","+89.94"
12/12/2025,"-22.00","Guzman Y Gomez Surry Hills AU AUS Card xx8935 Value Date: 10/12/2025","+92.14"
12/12/2025,"-12.50","ALH VENUES 8356 NERANG QL AUS Card xx5231 Value Date: 10/12/2025","+114.14"
12/12/2025,"-36.99","CHEMIST WAREHOUSE NERANG QL AUS Card xx5231 Value Date: 10/12/2025","+126.64"
12/12/2025,"-8.00","7-ELEVEN 4211 ROBINA QL AUS Card xx5231 Value Date: 10/12/2025","+163.63"
12/12/2025,"-8.00","7-ELEVEN 4211 ROBINA QL AUS Card xx5231 Value Date: 09/12/2025","+171.63"
12/12/2025,"-10.00","SQ *SALTY PLUM JAPANES Robina QL AUS Card xx5231 Value Date: 10/12/2025","+179.63"
12/12/2025,"-60.00","SPER QLD TREASURY BRISBANE AUS Card xx5231 Value Date: 10/12/2025","+189.63"
11/12/2025,"-1.00","CIRCUM VENDING MENTONE VI AUS Card xx8935 Value Date: 09/12/2025","+249.63"
11/12/2025,"-13.50","SQ *ZERO LATENCY GOLD Southport QL AUS Card xx5231 Value Date: 09/12/2025","+250.63"
10/12/2025,"-28.00","Direct Debit 613602 QP EMF RobinaHom DT.4up0d8 QKP_QP E","+264.13"
10/12/2025,"-600.00","Transfer to xx9058 CommBank app","+292.13"
10/12/2025,"+500.00","Transfer from xx1300 CommBank app","+892.13"
10/12/2025,"-14.65","ZLR*Pitstop Smokehouse Nerang AU","+392.13"
10/12/2025,"-630.00","Transfer To Castle Property Managers CommBank App 102701","+406.78"
10/12/2025,"+1000.00","Transfer from xx9058 CommBank app","+1036.78"
10/12/2025,"-86.89","DODO SERVICES PTY LTD MELBOURNE VI AUS Card xx5231 Value Date: 07/12/2025","+36.78"
10/12/2025,"-5.18","GOOD PRICE PHARMACY ROBINA AUS Card xx5231 Value Date: 06/12/2025","+123.67"
10/12/2025,"-63.18","ALDI STORES ROBINA AUS Card xx5231 Value Date: 07/12/2025","+128.85"
10/12/2025,"-24.00","Guzman Y Gomez Surry Hills AU AUS Card xx8935 Value Date: 08/12/2025","+192.03"
09/12/2025,"-123.00","Loan Repayment LN REPAY 472766573","+216.03"
09/12/2025,"-70.41","THAIGER DINE IN & TAK Oxenford QL AUS Card xx5231 Value Date: 05/12/2025","+339.03"
09/12/2025,"-8.00","7-ELEVEN 4211 ROBINA QL AUS Card xx5231 Value Date: 05/12/2025","+409.44"
09/12/2025,"-29.12","PEARL ENERGY ROBINA ROBINA QL AUS Card xx5231 Value Date: 04/12/2025","+417.44"
09/12/2025,"-17.70","DAITO QUEENSLAND PTY L ROBINA AU AUS Card xx5231 Value Date: 06/12/2025","+446.56"
09/12/2025,"-24.00","DAN MURPHY'S 2419 NERANG QL AUS Card xx5231 Value Date: 06/12/2025","+464.26"
09/12/2025,"-61.10","WOOLWORTHS 2534 ROBINA QL AUS Card xx5231 Value Date: 06/12/2025","+488.26"
09/12/2025,"-0.80","WOOLWORTHS 2534 ROBINA QL AUS Card xx5231 Value Date: 06/12/2025","+549.36"
09/12/2025,"-7.75","BIG W 0243 ROBINA QL AUS Card xx5231 Value Date: 06/12/2025","+550.16"
09/12/2025,"-100.00","UNIQLO ROBINA Robina AU AUS Card xx5231 Value Date: 06/12/2025","+557.91"
09/12/2025,"-15.00","CARON ELIZABETH MACDON ARUNDEL AUS Card xx5231 Value Date: 06/12/2025","+657.91"
09/12/2025,"-18.58","WOOLWORTHS 2764 NERANG QL AUS Card xx5231 Value Date: 07/12/2025","+672.91"
09/12/2025,"-52.68","BAM BAM BAKEHOUSE MERMAID BEACH QL AUS Card xx5231 Value Date: 07/12/2025","+691.49"
09/12/2025,"-37.13","AMPOL ROBINA 17088F ROBINA AUS Card xx5231 Value Date: 07/12/2025","+744.17"
09/12/2025,"+20.00","Return OFFICEWORKS 0422 NERANG 04 AUS Card xx5231 Value Date: 06/12/2025","+781.30"
09/12/2025,"-16.00","COLES 4584 HELENSVALE 04 AUS Card xx8935 Value Date: 05/12/2025","+761.30"
09/12/2025,"-55.65","TARGET 5198 HELENSVALE 04 AUS Card xx8935 Value Date: 05/12/2025","+777.30"
09/12/2025,"-2.20","CIRCUM VENDING MENTONE VI AUS Card xx8935 Value Date: 05/12/2025","+832.95"
09/12/2025,"-39.50","Guzman Y Gomez Surry Hills AU AUS Card xx8935 Value Date: 05/12/2025","+835.15"
09/12/2025,"-32.44","BAM BAM BAKEHOUSE MERMAID BEACH QL AUS Card xx8935 Value Date: 07/12/2025","+874.65"
09/12/2025,"-21.50","Guzman Y Gomez Surry Hills AU AUS Card xx8935 Value Date: 06/12/2025","+907.09"
09/12/2025,"+50.00","Return TARGET 5126 ROBINA 04 AUS Card xx8935 Value Date: 07/12/2025","+928.59"
08/12/2025,"-80.39","Direct Debit 142038 BUDGET DIRECT 120249620145125803","+878.59"
08/12/2025,"-7.20","Nerang Aquatic Centre Nerang AU","+958.98"
08/12/2025,"+86.48","Direct Credit 428226 Pet Insurance 8469860","+966.18"
07/12/2025,"-134.95","Transfer to xx8243 CommBank app","+879.70"
07/12/2025,"+500.00","Transfer from xx1300 CommBank app","+1014.65"
06/12/2025,"-25.55","HAIRHOUSE ROBINA ROBINA AU","+514.65"
06/12/2025,"-49.90","UNIQLO ROBINA Robina AU","+540.20"
06/12/2025,"-6.09","SQ *KOOCO ESPRESSO BAR ROBINA TOWN C AU","+590.10"
06/12/2025,"-14.90","UNIQLO ROBINA Robina AU","+596.19"
06/12/2025,"-12.49","Yo-Chi Robina Robina AU","+611.09"
06/12/2025,"-2.20","CIRCUM VENDING MENTONE VI AUS Card xx8935 Value Date: 04/12/2025","+623.58"
06/12/2025,"-31.20","Guzman Y Gomez Surry Hills AU AUS Card xx8935 Value Date: 04/12/2025","+625.78"
06/12/2025,"-0.80","COLES 4501 NERANG 04 AUS Card xx5231 Value Date: 04/12/2025","+656.98"
06/12/2025,"-20.00","A S A P SHOE REPAIRS NERANG AUS Card xx5231 Value Date: 04/12/2025","+657.78"
05/12/2025,"-7.68","GONG CHA HELENSVALE Upper Mount GAU","+677.78"
05/12/2025,"+500.00","Transfer from xx1300 CommBank app","+685.46"
05/12/2025,"-2.20","CIRCUM VENDING MENTONE VI AUS Card xx8935 Value Date: 03/12/2025","+185.46"
05/12/2025,"-33.25","WOOLWORTHS 2645 ROBINA QL AUS Card xx5231 Value Date: 03/12/2025","+187.66"
05/12/2025,"-63.98","TSG ROBINA PTY LTD Robina QL AUS Card xx5231 Value Date: 03/12/2025","+220.91"
05/12/2025,"-3.02","METRO NERANG - INSTORE NERANG QL AUS Card xx5231 Value Date: 04/12/2025","+284.89"
04/12/2025,"-50.03","Direct Debit 389998 Pet Insurance 92445644","+287.91"
04/12/2025,"-17.68","ZLR*Pitstop Smokehouse Nerang AU","+337.94"
04/12/2025,"-1.00","CIRCUM VENDING MENTONE VI AUS Card xx8935 Value Date: 02/12/2025","+355.62"
04/12/2025,"-18.20","Guzman Y Gomez Surry Hills AU AUS Card xx8935 Value Date: 02/12/2025","+356.62"
04/12/2025,"-8.00","7-ELEVEN 4211 ROBINA QL AUS Card xx5231 Value Date: 01/12/2025","+374.82"
03/12/2025,"-57.50","SP OZ HAIR BEAUTY Miranda AU","+382.82"
03/12/2025,"-110.00","Kookai Robina 19 Robina TowAU","+440.32"
03/12/2025,"-30.00","Transfer To Wise Australia Pty Ltd PayID Email from CommBank App to Philippines family","+550.32"
03/12/2025,"-16.00","SQ *EAST COAST ROAST Nerang AU","+580.32"
03/12/2025,"-23.80","COLES 4390 BENOWA 04 AUS Card xx5231 Value Date: 01/12/2025","+596.32"
03/12/2025,"-8.00","BP TUGUN 1507 TUGUN QL AUS Card xx5231 Value Date: 28/11/2025","+620.12"
03/12/2025,"-630.00","Transfer to other Bank NetBank 102701","+628.12"
02/12/2025,"-123.00","Loan Repayment LN REPAY 472766573","+1258.12"
02/12/2025,"-3152.35","Transfer To Wise Australia Pty Ltd PayID Email from CommBank App transferwise","+1381.12"
02/12/2025,"+1000.00","Transfer from xx9058 CommBank app","+4533.47"
02/12/2025,"+3300.00","Fast Transfer From Maria Liza Acabo Edub Alege Freddie Rental1yr","+3533.47"
02/12/2025,"-7.90","FORTUNATELYFORTUNATELY PTNERANG AU","+233.47"
02/12/2025,"-6.02","EDEN KITCHEN AND BAR Surfers Parad AU AUS Card xx5231 Value Date: 28/11/2025","+241.37"
02/12/2025,"-30.56","HOPE ENERGY SOUTHPORT SOUTHPORT QL AUS Card xx5231 Value Date: 27/11/2025","+247.39"
02/12/2025,"-12.18","Tugun SLSC Tugun QL AUS Card xx5231 Value Date: 28/11/2025","+277.95"
02/12/2025,"-5.20","GOLD COAST CITY 3350 SURFERS PARAD AUS Card xx5231 Value Date: 28/11/2025","+290.13"
02/12/2025,"-9.64","IRIS ENVY PTY LTD BROADBEACH AUS Card xx5231 Value Date: 27/11/2025","+295.33"
02/12/2025,"-3.20","AMPOL NERANG NERANG AUS Card xx5231 Value Date: 28/11/2025","+304.97"
02/12/2025,"-129.96","WOOLWORTHS 2764 NERANG QL AUS Card xx5231 Value Date: 30/11/2025","+308.17"
02/12/2025,"-35.11","OFFICEWORKS 0422 NERANG 04 AUS Card xx5231 Value Date: 30/11/2025","+438.13"
02/12/2025,"-26.80","Tugun SLSC Tugun QL AUS Card xx8935 Value Date: 28/11/2025","+473.24"
02/12/2025,"-39.05","APPLE.COM/BILL SYDNEY NS AUS Card xx8935 Value Date: 29/11/2025","+500.04"
02/12/2025,"-42.26","UBER *TRIP HELP.UBER.C 14518236738 AU AUS Card xx8935 Value Date: 30/11/2025","+539.09"
01/12/2025,"-29.90","Direct Debit 010758 AHM 52803464","+581.35"
01/12/2025,"-9.00","SQ *EAST COAST ROAST Nerang AU","+611.25"
01/12/2025,"-90.00","Transfer To Mariana Groth da silva PayID Phone from CommBank App Anastasia","+620.25"
01/12/2025,"-0.03","Debit Excess Interest","+710.25"
30/11/2025,"-416.15","Transfer to xx8243 CommBank app","+710.28"
30/11/2025,"+900.00","Transfer from xx1300 CommBank app","+1126.43"
30/11/2025,"-50.00","Transfer to xx9058 CommBank app","+226.43"
30/11/2025,"+100.00","Transfer from xx1300 CommBank app","+276.43"
29/11/2025,"-49.00","Fresha Sydney AU AUS Card xx8935 Value Date: 27/11/2025","+176.43"
29/11/2025,"-24.47","BROADBEACH DAY AND N BROADBEACH QL AUS Card xx8935 Value Date: 27/11/2025","+225.43"
29/11/2025,"-30.00","RSL Art Union 130-0775888 QL AUS Card xx8935 Value Date: 27/11/2025","+249.90"
29/11/2025,"-1.00","CIRCUM VENDING MENTONE VI AUS Card xx8935 Value Date: 27/11/2025","+279.90"
29/11/2025,"-73.65","SP OZ HAIR BEAUTY MIRANDA NS AUS Card xx8935 Value Date: 28/11/2025","+280.90"
29/11/2025,"+27.99","Return H M Hennes Mauritz NSW, Sydney AU AUS Card xx8935 Value Date: 27/11/2025","+354.55"
29/11/2025,"+34.99","Return H M Hennes Mauritz NSW, Sydney AU AUS Card xx8935 Value Date: 27/11/2025","+326.56"
29/11/2025,"-30.32","WOOLWORTHS 2592 BROADBEACH QL AUS Card xx5231 Value Date: 27/11/2025","+291.57"
29/11/2025,"-60.00","SPER QLD TREASURY BRISBANE AUS Card xx5231 Value Date: 27/11/2025","+321.89"
28/11/2025,"+9.00","Fast Transfer From DIANA REYES ORELLANA Beer","+381.89"
28/11/2025,"-18.00","Transfer To Karen Kahu CommBank App Anastasia","+372.89"
28/11/2025,"+100.00","Transfer from xx1300 CommBank app","+390.89"
28/11/2025,"-18.88","International Transaction Fee Value Date: 25/11/2025","+290.89"
28/11/2025,"-539.49","Revolut**6164* Dublin IR IRL Card xx8935 EUR 300.00 Value Date: 26/11/2025","+309.77"
28/11/2025,"-17.08","TERRYWHITE CHEMMART NE NERANG AUS Card xx8935 Value Date: 26/11/2025","+849.26"
28/11/2025,"-59.00","Optus Billing MacquariePark NS AUS Card xx5231 Value Date: 25/11/2025","+866.34"
28/11/2025,"-0.66","EasyPark","+925.34"
27/11/2025,"-60.96","SQ *HANAKYO Nerang AU","+926.00"
27/11/2025,"+200.00","Transfer from xx1300 CommBank app","+986.96"
27/11/2025,"-8.08","ZLR*Pitstop Smokehouse Nerang AU","+786.96"
27/11/2025,"+100.00","Transfer from xx1300 CommBank app","+795.04"
27/11/2025,"-12.05","COLES 4501 NERANG 04 AUS Card xx5231 Value Date: 25/11/2025","+695.04"
27/11/2025,"-11.99","PLINE PH ROBINA LOWER ROBINA AUS Card xx5231 Value Date: 24/11/2025","+707.09"
27/11/2025,"-11.55","ZARRAFAS COFFEE NERANG NERANG AUS Card xx5231 Value Date: 25/11/2025","+719.08"
27/11/2025,"-98.29","Optus Billing MacquariePark NS AUS Card xx8935 Value Date: 24/11/2025","+730.63"
27/11/2025,"-24.30","GUZMAN Y GOMEZ SURRY HILLS NS AUS Card xx8935 Value Date: 25/11/2025","+828.92"
26/11/2025,"-171.80","Direct Debit 613602 QP EMF RobinaHom DT.4svdwr QKP_QP E","+853.22"
26/11/2025,"-62.07","WOOLWORTHS 2534 ROBINA QL AUS Card xx5231 Value Date: 24/11/2025","+1025.02"
26/11/2025,"-8.00","7-ELEVEN 4211 ROBINA QL AUS Card xx5231 Value Date: 24/11/2025","+1087.09"
26/11/2025,"-69.64","HOPE ENERGY BIGGERA ARUNDEL QL AUS Card xx5231 Value Date: 22/11/2025","+1095.09"
26/11/2025,"-19.41","ROBINA FRESH FRUIT MAR ROBINA AUS Card xx5231 Value Date: 24/11/2025","+1164.73"
26/11/2025,"-29.00","5G TECHNOLOGIES PTY LT ROBINA AU AUS Card xx8935 Value Date: 24/11/2025","+1184.14"
26/11/2025,"-105.00","SEPHORA AUSTRALIA P/ BROADBEACH QL AUS Card xx8935 Value Date: 23/11/2025","+1213.14"
26/11/2025,"-14.99","APPLE.COM/BILL SYDNEY NS AUS Card xx8935 Value Date: 24/11/2025","+1318.14"
26/11/2025,"-29.50","GUZMAN Y GOMEZ SURRY HILLS NS AUS Card xx8935 Value Date: 23/11/2025","+1333.13"
26/11/2025,"-10.00","SQ *EAST COAST ROAST Nerang QL AUS Card xx8935 Value Date: 24/11/2025","+1362.63"
26/11/2025,"-11.50","SQ *EAST COAST ROAST Nerang QL AUS Card xx8935 Value Date: 24/11/2025","+1372.63"
26/11/2025,"-42.62","BUNNINGS 431000 HIGHLAND PARK AUS Card xx8935 Value Date: 23/11/2025","+1384.13"
25/11/2025,"-10.00","XRO: XERO CUSTOM CONNE","+1426.75"
25/11/2025,"-123.00","Loan Repayment LN REPAY 472766573","+1436.75"
25/11/2025,"-46.07","ALDI STORES NERANG QLDAU","+1559.75"
25/11/2025,"+1000.00","Transfer from xx9058 CommBank app","+1605.82"
25/11/2025,"-7.90","FORTUNATELY NERANG AU AUS Card xx8935 Value Date: 21/11/2025","+605.82"
25/11/2025,"-32.83","UBER *TRIP HELP.UBER.C 14518236738 AU AUS Card xx8935 Value Date: 21/11/2025","+613.72"
25/11/2025,"-10.50","UNCLE TOMS PET AND POU NERANG AUS Card xx8935 Value Date: 21/11/2025","+646.55"
25/11/2025,"-18.00","ALH VENUES 8068 BROADBEACH QL AUS Card xx8935 Value Date: 22/11/2025","+657.05"
25/11/2025,"-18.38","WWW.ALHGROUP.COM* ME&U SURRY HILLS NS AUS Card xx8935 Value Date: 22/11/2025","+675.05"
25/11/2025,"-11.89","Yo-Chi Broadbeac Broadbeach QL AUS Card xx8935 Value Date: 22/11/2025","+693.43"
25/11/2025,"-62.70","SQ *HUMBLE CAFE Southport QL AUS Card xx8935 Value Date: 22/11/2025","+705.32"
25/11/2025,"-29.95","BIG W 0261 BROADBEACH QL AUS Card xx8935 Value Date: 23/11/2025","+768.02"
25/11/2025,"-70.00","Mecca Brands Pty Ltd Brisbane AU AUS Card xx8935 Value Date: 23/11/2025","+797.97"
25/11/2025,"-139.99","Thrills Broadbeach AU AUS Card xx8935 Value Date: 23/11/2025","+867.97"
25/11/2025,"-43.20","T2 - Pacific Fair Broadbeach AU AUS Card xx8935 Value Date: 23/11/2025","+1007.96"
25/11/2025,"-12.57","Yo-Chi Robina Robina QL AUS Card xx8935 Value Date: 23/11/2025","+1051.16"
25/11/2025,"-12.99","STRANDBAGS 163 BIGGERA WATER AU AUS Card xx8935 Value Date: 22/11/2025","+1063.73"
25/11/2025,"-105.47","www.swapped.com Brabrand DN DNK Card xx5231 AUD 105.47 Value Date: 21/11/2025","+1076.72"
25/11/2025,"-20.22","REENA MEHTA ROBINA AUS Card xx5231 Value Date: 21/11/2025","+1182.19"
25/11/2025,"-2.95","WOOLWORTHS 2759 BIGGERA WTRS QL AUS Card xx5231 Value Date: 22/11/2025","+1202.41"
25/11/2025,"-15.84","LS LEMON GINGER KITCH BIGGERA WATER QL AUS Card xx5231 Value Date: 22/11/2025","+1205.36"
25/11/2025,"-19.99","Thrills Biggera Water AU AUS Card xx5231 Value Date: 22/11/2025","+1221.20"
25/11/2025,"-42.30","T2 Harbour Town DFO Biggera Water AU AUS Card xx5231 Value Date: 22/11/2025","+1241.19"
25/11/2025,"-101.85","WOOLWORTHS 2078 PACIFIC FAIR QL AUS Card xx5231 Value Date: 23/11/2025","+1283.49"
25/11/2025,"-49.00","KMART 1032 BROADBEACH 04 AUS Card xx5231 Value Date: 23/11/2025","+1385.34"
25/11/2025,"-56.86","Papparich Pacific Fai Coopers Plain QL AUS Card xx5231 Value Date: 23/11/2025","+1434.34"
25/11/2025,"-40.00","TheUGGShop-PacificFa Broadbeach Wa QL AUS Card xx5231 Value Date: 23/11/2025","+1491.20"
25/11/2025,"+25.00","Fast Transfer From DANIEL WHAN to PayID Phone bounty in 3 2 1","+1531.20"
25/11/2025,"-630.00","Transfer to other Bank NetBank 102701","+1506.20"
24/11/2025,"+25.00","Fast Transfer From DIANA REYES ORELLANA to PayID Phone Running Mike in 3,2,1_","+2136.20"
24/11/2025,"-80.39","Direct Debit 142038 BUDGET DIRECT 120249620144253018","+2111.20"
24/11/2025,"+25.00","Fast Transfer From WHAN S G S to PayID Phone Cinema","+2191.59"
24/11/2025,"-90.00","Transfer To Mariana Groth da silva PayID Phone from CommBank App Anastasia","+2166.59"
22/11/2025,"-10.00","MIND & BODY: REFORMED","+2256.59"
22/11/2025,"-20.55","SP CHARCOAL WANTIRNA SOUT VI AUS Card xx8935 Value Date: 20/11/2025","+2266.59"
22/11/2025,"-6.95","THE TRUSTEE FOR NOURIS NERANG AU AUS Card xx8935 Value Date: 20/11/2025","+2287.14"
22/11/2025,"-1.00","CIRCUM VENDING MENTONE VI AUS Card xx8935 Value Date: 20/11/2025","+2294.09"
22/11/2025,"-27.00","GUZMAN Y GOMEZ SURRY HILLS NS AUS Card xx8935 Value Date: 20/11/2025","+2295.09"
22/11/2025,"-27.99","H M Hennes Mauritz NSW, Sydney AU AUS Card xx8935 Value Date: 20/11/2025","+2322.09"
22/11/2025,"-152.78","WOOLWORTHS 2764 NERANG QL AUS Card xx5231 Value Date: 20/11/2025","+2350.08"
22/11/2025,"-7.00","SQ *SALTY PLUM JAPANES Robina QL AUS Card xx5231 Value Date: 20/11/2025","+2502.86"
21/11/2025,"-29.90","Direct Debit 010758 AHM 51150161","+2509.86"
21/11/2025,"-5.00","Transfer To Jason Szabo CommBank App Anastasia","+2539.76"
21/11/2025,"-20.00","PERFECT BROWS","+2544.76"
21/11/2025,"-57.65","WOOLWORTHS 2246 SOUTHPORT QL AUS Card xx8935 Value Date: 19/11/2025","+2564.76"
21/11/2025,"-1.00","CIRCUM VENDING MENTONE VI AUS Card xx8935 Value Date: 19/11/2025","+2622.41"
21/11/2025,"-6.50","SQ *PITSTOP SMOKEHOUSE Nerang QL AUS Card xx8935 Value Date: 19/11/2025","+2623.41"
21/11/2025,"-15.00","SQ *PITSTOP SMOKEHOUSE Nerang QL AUS Card xx8935 Value Date: 19/11/2025","+2629.91"
21/11/2025,"-60.66","REENA MEHTA ROBINA AUS Card xx8935 Value Date: 19/11/2025","+2644.91"
21/11/2025,"+10.00","Return HUBBL - BINGE 131999 AU AUS Card xx8935 Value Date: 18/11/2025","+2705.57"
21/11/2025,"-27.39","CYCHO'S BUFFALO WINGS Southport QL AUS Card xx5231 Value Date: 19/11/2025","+2695.57"
20/11/2025,"-50.03","Direct Debit 389998 Pet Insurance 92036880","+2722.96"
20/11/2025,"-5.50","7-ELEVEN 4211 ROBINA QL AUS Card xx5231 Value Date: 17/11/2025","+2772.99"
20/11/2025,"-6.10","ZARRAFAS COFFEE NERANG NERANG AUS Card xx5231 Value Date: 18/11/2025","+2778.49"
19/11/2025,"+10.00","Fast Transfer From MISS AISLING LOUISE M to PayID Phone mirror change","+2784.59"
19/11/2025,"+1000.00","Transfer from xx9058 CommBank app","+2774.59"
19/11/2025,"-30.00","PERFECT BROWS","+1774.59"
19/11/2025,"-8.00","Transfer To Karen Kahu CommBank App Christmas shirt","+1804.59"
19/11/2025,"-3.50","SQ *SALTY PLUM JAPANES Robina QL AUS Card xx5231 Value Date: 17/11/2025","+1812.59"
19/11/2025,"-124.00","PETBARN NERANG AUS Card xx5231 Value Date: 16/11/2025","+1816.09"
19/11/2025,"-38.57","GOLD COAST KEBABS NERANG AUS Card xx5231 Value Date: 17/11/2025","+1940.09"
19/11/2025,"-14.33","UBER *TRIP HELP.UBER.C 14518236738 AU AUS Card xx8935 Value Date: 17/11/2025","+1978.66"
19/11/2025,"-1.00","CIRCUM VENDING MENTONE VI AUS Card xx8935 Value Date: 17/11/2025","+1992.99"
19/11/2025,"-34.99","H M Hennes Mauritz NSW, Sydney AU AUS Card xx8935 Value Date: 14/11/2025","+1993.99"
19/11/2025,"-10.90","GUZMAN Y GOMEZ SURRY HILLS NS AUS Card xx8935 Value Date: 15/11/2025","+2028.98"
19/11/2025,"-10.00","HUBBL - BINGE 131999 AU AUS Card xx8935 Value Date: 17/11/2025","+2039.88"
19/11/2025,"-29.99","APPLE.COM/BILL SYDNEY AU AUS Card xx8935 Value Date: 17/11/2025","+2049.88"
19/11/2025,"-6.20","MCDONALDS ROBINA FCI ROBINA QL AUS Card xx8935 Value Date: 16/11/2025","+2079.87"
19/11/2025,"-43.81","ALDI STORES NERANG AUS Card xx8935 Value Date: 16/11/2025","+2086.07"
19/11/2025,"-8.99","EUROFOOD SHOP NERANG AUS Card xx8935 Value Date: 17/11/2025","+2129.88"
18/11/2025,"-123.00","Loan Repayment LN REPAY 472766573","+2138.87"
18/11/2025,"-77.50","Transfer To HARRIS TECHNOLOGY PTY LTD PayID ABN from CommBank App Docking system SO59747","+2261.87"
18/11/2025,"-11.00","Transfer To Jason Szabo CommBank App GYG","+2339.37"
18/11/2025,"-10.50","GUZMAN Y GOMEZ SURRY HILLS NS AUS Card xx8935 Value Date: 14/11/2025","+2350.37"
18/11/2025,"-18.98","BUNNINGS 431000 HIGHLAND PARK AUS Card xx8935 Value Date: 14/11/2025","+2360.87"
18/11/2025,"-4.20","TRUE BLUE CAR WASH Highland Park AU AUS Card xx8935 Value Date: 16/11/2025","+2379.85"
18/11/2025,"-3.50","SQ *BRISKET'S Robina QL AUS Card xx8935 Value Date: 16/11/2025","+2384.05"
18/11/2025,"-70.56","TShine Case - Robina Robina QL AUS Card xx8935 Value Date: 16/11/2025","+2387.55"
18/11/2025,"-24.50","GYG Nerang Nerang QL AUS Card xx8935 Value Date: 16/11/2025","+2458.11"
18/11/2025,"-9.14","RAINBOW NOODLES NERANG AU AUS Card xx5231 Value Date: 14/11/2025","+2482.61"
18/11/2025,"-59.89","DAN MURPHY'S 2419 NERANG QL AUS Card xx5231 Value Date: 14/11/2025","+2491.75"
18/11/2025,"-6.90","WOOLWORTHS 2764 NERANG QL AUS Card xx5231 Value Date: 14/11/2025","+2551.64"
18/11/2025,"-10.00","SALVOS STORES NERANG QL AUS Card xx5231 Value Date: 14/11/2025","+2558.54"
18/11/2025,"-14.00","GUZMAN Y GOMEZ SURRY HILLS NS AUS Card xx5231 Value Date: 14/11/2025","+2568.54"
18/11/2025,"-34.00","CLAUDE.AI SUBSCRIPTION SAN FRANCISCO CA USA Card xx5231 AUD 34.00 Value Date: 15/11/2025","+2582.54"
18/11/2025,"-19.65","ZARRAFAS COFFEE NERANG NERANG AUS Card xx5231 Value Date: 14/11/2025","+2616.54"
18/11/2025,"-14.99","EUROFOOD SHOP NERANG AUS Card xx5231 Value Date: 14/11/2025","+2636.19"
18/11/2025,"-37.00","COLES 4501 NERANG 04 AUS Card xx5231 Value Date: 16/11/2025","+2651.18"
18/11/2025,"-1.08","International Transaction Fee Value Date: 16/11/2025","+2688.18"
18/11/2025,"-30.74","DREAMHOST FULLERTON CA USA Card xx5231 USD 19.99 Value Date: 15/11/2025","+2689.26"
18/11/2025,"-20.00","UNIQLO ROBINA Robina AU AUS Card xx5231 Value Date: 16/11/2025","+2720.00"
18/11/2025,"-12.00","KMART 1148 ROBINA 04 AUS Card xx5231 Value Date: 16/11/2025","+2740.00"
18/11/2025,"-22.33","GOLD COAST KEBABS NERANG AUS Card xx5231 Value Date: 16/11/2025","+2752.00"
18/11/2025,"-630.00","Transfer to other Bank NetBank 102701","+2774.33"
17/11/2025,"-34.75","Transfer To Karen Kahu CommBank App Thank you! (Wendy gift)","+3404.33"
16/11/2025,"-100.00","Transfer to xx9058 CommBank app","+3439.08"
16/11/2025,"-90.00","Transfer To Mariana Groth da silva PayID Phone from CommBank App Anastasia","+3539.08"
15/11/2025,"-25.10","GUZMAN Y GOMEZ SURRY HILLS NS AUS Card xx8935 Value Date: 13/11/2025","+3629.08"
15/11/2025,"-6.10","ZARRAFAS COFFEE NERANG NERANG AUS Card xx8935 Value Date: 13/11/2025","+3654.18"
15/11/2025,"-60.00","SPER QLD TREASURY BRISBANE AUS Card xx5231 Value Date: 14/11/2025","+3660.28"
14/11/2025,"-155.00","Transfer To Mariia Kartuzova CommBank App Anastasia","+3720.28"
14/11/2025,"-228.65","Transfer to xx8243 CommBank app","+3875.28"
14/11/2025,"+4000.00","Fast Transfer From MICHEL EDUBAS To joint","+4103.93"
14/11/2025,"+20.00","Fast Transfer From SCOTT WHAN to PayID Phone Fuel","+103.93"
14/11/2025,"+51.00","Transfer from xx1300 CommBank app","+83.93"
14/11/2025,"+25.00","Transfer from xx1300 CommBank app","+32.93"
14/11/2025,"-103.98","H M Hennes Mauritz NSW, Sydney AU AUS Card xx8935 Value Date: 12/11/2025","+7.93"
14/11/2025,"-2.20","CIRCUM VENDING MENTONE VI AUS Card xx8935 Value Date: 12/11/2025","+111.91"
14/11/2025,"-69.00","SEPHORA AUSTRALIA P/ ROBINA TOWN C QL AUS Card xx8935 Value Date: 11/11/2025","+114.11"
14/11/2025,"-12.00","COLES 4501 NERANG 04 AUS Card xx5231 Value Date: 11/11/2025","+183.11"
14/11/2025,"-10.40","ALDI STORES NERANG AUS Card xx5231 Value Date: 11/11/2025","+195.11"
13/11/2025,"-104.70","SP OZ HAIR BEAUTY MIRANDA NS AUS Card xx8935 Value Date: 11/11/2025","+205.51"
13/11/2025,"-11.55","ZARRAFAS COFFEE NERANG NERANG AUS Card xx8935 Value Date: 11/11/2025","+310.21"
13/11/2025,"-19.99","Harli Harpa Gold Coast AU AUS Card xx5231 Value Date: 11/11/2025","+321.76"
13/11/2025,"-8.00","ASIAN DELIGHT ROBINA ROBINA QL AUS Card xx5231 Value Date: 11/11/2025","+341.75"
13/11/2025,"-8.00","ASIAN DELIGHT ROBINA ROBINA QL AUS Card xx5231 Value Date: 11/11/2025","+349.75"
12/11/2025,"-171.80","Direct Debit 613602 QP EMF RobinaHom DT.4r0r1r QKP_QP E","+357.75"
12/11/2025,"-90.00","HEALTHY PETS PLUS","+529.55"
12/11/2025,"-32.16","PEARL ENERGY ROBINA ROBINA QL AUS Card xx5231 Value Date: 09/11/2025","+619.55"
12/11/2025,"-630.00","Transfer to other Bank NetBank 102701","+651.71"
12/11/2025,"-30.10","GUZMAN Y GOMEZ SURRY HILLS NS AUS Card xx8935 Value Date: 08/11/2025","+1281.71"
12/11/2025,"-2.20","CIRCUM VENDING MENTONE VI AUS Card xx8935 Value Date: 10/11/2025","+1311.81"
11/11/2025,"-123.00","Loan Repayment LN REPAY 472766573","+1314.01"
11/11/2025,"+1000.00","Transfer from xx9058 CommBank app","+1437.01"
11/11/2025,"-34.00","SQ *PHO VK BROADBEACH Broadbeach Wa QL AUS Card xx5231 Value Date: 07/11/2025","+437.01"
11/11/2025,"-26.59","COLES 4560 NERANG 04 AUS Card xx5231 Value Date: 07/11/2025","+471.01"
11/11/2025,"-19.90","WOOLWORTHS 2534 ROBINA QL AUS Card xx5231 Value Date: 09/11/2025","+497.60"
11/11/2025,"+15.00","Return SQ *PHO VK BROADBEACH Broadbeach Wa QL AUS Card xx5231 Value Date: 07/11/2025","+517.50"
11/11/2025,"-9.20","Gelatissimo Pacific F Broadbeach Wa QL AUS Card xx8935 Value Date: 07/11/2025","+502.50"
11/11/2025,"-0.50","TRANSLINK TICKETING QLD AUS Card xx8935 Value Date: 07/11/2025","+511.70"
11/11/2025,"-5.10","WOOLWORTHS 2645 ROBINA QL AUS Card xx8935 Value Date: 08/11/2025","+512.20"
11/11/2025,"-9.75","GOTCHA ROBINA PTY LTD Robina QL AUS Card xx8935 Value Date: 08/11/2025","+517.30"
11/11/2025,"-6.20","CASTAWAY COFFEE BAR SURFERS PARAD AU AUS Card xx8935 Value Date: 09/11/2025","+527.05"
11/11/2025,"-24.98","Yo-ChiChevronSurfers Surfers Parad QL AUS Card xx8935 Value Date: 09/11/2025","+533.25"
10/11/2025,"-80.39","Direct Debit 142038 BUDGET DIRECT 120249620143368207","+558.23"
09/11/2025,"-488.52","Transfer to xx8243 CommBank app","+638.62"
09/11/2025,"+1000.00","Transfer from xx9058 CommBank app","+1127.14"
08/11/2025,"+61.00","Fast Transfer From MICHEL EDUBAS For joint","+127.14"
08/11/2025,"-6.00","Daiso Robina Robina QL AUS Card xx8935 Value Date: 06/11/2025","+66.14"
08/11/2025,"-23.73","COLES 4501 NERANG 04 AUS Card xx5231 Value Date: 06/11/2025","+72.14"
08/11/2025,"-86.89","DODO SERVICES PTY LTD MELBOURNE VI AUS Card xx5231 Value Date: 06/11/2025","+95.87"
07/11/2025,"-0.50","TRANSLINK TICKETING QLD AUS Card xx8935 Value Date: 05/11/2025","+182.76"
07/11/2025,"-22.58","UNITED CARRARA CARRARA QL AUS Card xx5231 Value Date: 05/11/2025","+183.26"
06/11/2025,"-50.03","Direct Debit 389998 Pet Insurance 91631205","+205.84"
06/11/2025,"-2.23","Vish Fruit & Veg Nerang QL AUS Card xx5231 Value Date: 03/11/2025","+255.87"
06/11/2025,"-6.80","ZARRAFAS COFFEE NERANG NERANG AUS Card xx5231 Value Date: 04/11/2025","+258.10"
06/11/2025,"-7.40","COLES 4584 HELENSVALE 04 AUS Card xx8935 Value Date: 04/11/2025","+264.90"
06/11/2025,"-15.00","TARGET Williams Land VI AUS Card xx8935 Value Date: 04/11/2025","+272.30"
06/11/2025,"-3.50","ALDI STORES HELENSVALE AUS Card xx8935 Value Date: 04/11/2025","+287.30"
06/11/2025,"-8.00","SQ *PITSTOP SMOKEHOUSE Nerang QL AUS Card xx8935 Value Date: 04/11/2025","+290.80"
06/11/2025,"-10.90","HANARO HELENSVALE PTY HELENSVALE AUS Card xx8935 Value Date: 04/11/2025","+298.80"
06/11/2025,"-10.94","HANARO HELENSVALE PTY HELENSVALE AUS Card xx8935 Value Date: 04/11/2025","+309.70"
05/11/2025,"-630.00","Transfer to other Bank NetBank 102701","+320.64"
05/11/2025,"-10.13","SUSHI DAY NERANG QL AUS Card xx5231 Value Date: 01/11/2025","+950.64"
04/11/2025,"-123.00","Loan Repayment LN REPAY 472766573","+960.77"
04/11/2025,"+1000.00","Transfer from xx9058 CommBank app","+1083.77"
04/11/2025,"+60.71","Fast Transfer From MA. ARRA ALICANDO to PayID Phone CREDIT TO ACCOUNT","+83.77"
04/11/2025,"+5.00","Transfer from xx9058 CommBank app","+23.06"
04/11/2025,"-29.30","GUZMAN Y GOMEZ SURRY HILLS NS AUS Card xx8935 Value Date: 31/10/2025","+18.06"
04/11/2025,"-49.00","Fresha Beauty Studio Cabarita AU AUS Card xx8935 Value Date: 31/10/2025","+47.36"
04/11/2025,"-249.00","UVIE PTY LTD Robina QL AUS Card xx8935 Value Date: 31/10/2025","+96.36"
04/11/2025,"-4.25","OFFICEWORKS 0422 NERANG 04 AUS Card xx8935 Value Date: 01/11/2025","+345.36"
04/11/2025,"-1.80","POST NERANG POST SHOP NERANG AUS Card xx8935 Value Date: 01/11/2025","+349.61"
04/11/2025,"-6.10","ZARRAFAS COFFEE NERANG NERANG AUS Card xx8935 Value Date: 01/11/2025","+351.41"
04/11/2025,"-10.00","THE REJECT SHOP 4514 NERANG QL AUS Card xx8935 Value Date: 01/11/2025","+357.51"
04/11/2025,"-5.30","WOOLWORTHS 2645 ROBINA QL AUS Card xx5231 Value Date: 31/10/2025","+367.51"
04/11/2025,"-3.03","EARTH MARKETS ROBINA ROBINA QL AUS Card xx5231 Value Date: 31/10/2025","+372.81"
04/11/2025,"-27.15","KMART 1148 ROBINA 04 AUS Card xx5231 Value Date: 31/10/2025","+375.84"
04/11/2025,"-15.85","MCDONALDS NERANG NERANG QL AUS Card xx5231 Value Date: 30/10/2025","+402.99"
04/11/2025,"-6.80","WOOLWORTHS 2764 NERANG QL AUS Card xx5231 Value Date: 01/11/2025","+418.84"
04/11/2025,"-60.87","WOOLWORTHS 2764 NERANG QL AUS Card xx5231 Value Date: 01/11/2025","+425.64"
04/11/2025,"-1.00","OFFICEWORKS 0422 NERAN HIGHLAND PARK 04 AUS Card xx5231 Value Date: 01/11/2025","+486.51"
04/11/2025,"-14.18","LS Cafe Junie Carrara AU AUS Card xx5231 Value Date: 02/11/2025","+487.51"
02/11/2025,"-15.00","Overdraw Fee For exceeding available funds on 01 Nov","+501.69"
02/11/2025,"-90.00","Transfer To Mariana Groth da silva PayID Phone from CommBank App Anastasia","+516.69"
02/11/2025,"+90.00","Fast Transfer From MICHEL EDUBAS To joint","+606.69"
02/11/2025,"+30.00","Transfer from xx9058 CommBank app","+516.69"
02/11/2025,"+50.00","Transfer from xx9058 CommBank app","+486.69"
01/11/2025,"-60.00","SPER QLD TREASURY BRISBANE AUS Card xx5231 Value Date: 31/10/2025","+436.69"
01/11/2025,"-90.42","WOOLWORTHS 2764 NERANG QL AUS Card xx5231 Value Date: 30/10/2025","+496.69"
01/11/2025,"-212.00","SP CHARCOAL WANTIRNA SOUT VI AUS Card xx8935 Value Date: 30/10/2025","+587.11"
01/11/2025,"-0.13","Debit Excess Interest","+799.11"
31/10/2025,"-6.00","SALVOS STORES BURLEIGH HEAD QL AUS Card xx8935 Value Date: 29/10/2025","+799.24"
31/10/2025,"-39.05","APPLE.COM/BILL SYDNEY NS AUS Card xx8935 Value Date: 29/10/2025","+805.24"
31/10/2025,"-44.00","SP CLEANBEAUTYMARKET MUDGEERABA QL AUS Card xx8935 Value Date: 29/10/2025","+844.29"
31/10/2025,"-15.99","CHEMPRO CHEMIST BURLEI BURLEIGH HEAD AUS Card xx8935 Value Date: 29/10/2025","+888.29"
31/10/2025,"-23.62","THE BUTCHERS TABLE NERANG AU AUS Card xx5231 Value Date: 29/10/2025","+904.28"
31/10/2025,"-6.50","ZLR*Scoop Gelati Burleigh Head AU AUS Card xx5231 Value Date: 29/10/2025","+927.90"
31/10/2025,"-16.40","GUZMAN Y GOMEZ SURRY HILLS NS AUS Card xx5231 Value Date: 29/10/2025","+934.40"
30/10/2025,"-20.00","Transfer to xx9058 CommBank app","+950.80"
30/10/2025,"-95.60","WOOLWORTHS 2699 ASHMORE QL AUS Card xx8935 Value Date: 28/10/2025","+970.80"
30/10/2025,"-30.57","OFFICEWORKS 0422 NERANG 04 AUS Card xx5231 Value Date: 28/10/2025","+1066.40"
30/10/2025,"-1.34","EasyPark","+1096.97"
29/10/2025,"-171.80","Direct Debit 613602 QP EMF RobinaHom DT.4p74v3 QKP_QP E","+1098.31"
29/10/2025,"-29.90","Direct Debit 010758 AHM 52803464","+1270.11"
29/10/2025,"-134.16","Transfer to xx8243 CommBank app","+1300.01"
29/10/2025,"+1000.00","Fast Transfer From MICHEL EDUBAS To join","+1434.17"
29/10/2025,"-630.00","Transfer to other Bank NetBank 102701","+434.17"
29/10/2025,"-38.18","COLES 4501 NERANG 04 AUS Card xx5231 Value Date: 27/10/2025","+1064.17"
29/10/2025,"-45.98","CHEMIST WAREHOUSE NERANG QL AUS Card xx5231 Value Date: 27/10/2025","+1102.35"
29/10/2025,"-5.50","7-ELEVEN 4211 ROBINA QL AUS Card xx5231 Value Date: 27/10/2025","+1148.33"
29/10/2025,"-5.00","SALVOS STORES MERMAID BEACH QL AUS Card xx5231 Value Date: 25/10/2025","+1153.83"
29/10/2025,"-10.00","SQ *SALTY PLUM JAPANES Robina QL AUS Card xx5231 Value Date: 27/10/2025","+1158.83"
29/10/2025,"-19.03","LS Parkway by Alfons Robina AU AUS Card xx5231 Value Date: 27/10/2025","+1168.83"
29/10/2025,"-30.00","RSL Art Union 130-0775888 QL AUS Card xx8935 Value Date: 27/10/2025","+1187.86"
28/10/2025,"-123.00","Loan Repayment LN REPAY 472766573","+1217.86"
28/10/2025,"-15.00","Overdraw Fee For exceeding available funds on 27 Oct","+1340.86"
28/10/2025,"+950.00","Transfer from xx9058 CommBank app","+1355.86"
28/10/2025,"+350.00","Transfer from xx9058 CommBank app","+405.86"
28/10/2025,"-0.27","International Transaction Fee Value Date: 24/10/2025","+55.86"
28/10/2025,"-7.72","TDF WWW.TDF.IO/DONATE BERLIN BE DEU Card xx5231 USD 5.00 Value Date: 24/10/2025","+56.13"
28/10/2025,"-5.00","Lifeline Retail - Me Mermaid Beach QL AUS Card xx5231 Value Date: 25/10/2025","+63.85"
28/10/2025,"-59.00","Optus Billing MacquariePark NS AUS Card xx5231 Value Date: 25/10/2025","+68.85"
28/10/2025,"-0.70","Vish Fruit & Veg Nerang QL AUS Card xx5231 Value Date: 25/10/2025","+127.85"
28/10/2025,"-6.77","LS Stellarossa Nerang Nerang AU AUS Card xx8935 Value Date: 25/10/2025","+128.55"
28/10/2025,"-38.49","SQ *SUNNYBOY ESPRESSO Mermaid Beach QL AUS Card xx8935 Value Date: 25/10/2025","+135.32"
28/10/2025,"-3.50","OFFICEWORKS 0422 NERANG 04 AUS Card xx8935 Value Date: 26/10/2025","+173.81"
27/10/2025,"-80.39","Direct Debit 142038 BUDGET DIRECT 120249620142488388","+177.31"
27/10/2025,"+100.00","Transfer from xx9058 CommBank app","+257.70"
25/10/2025,"-10.00","XRO: XERO CUSTOM CONNE","+157.70"
25/10/2025,"+100.00","Transfer from xx9058 CommBank app","+167.70"
25/10/2025,"-5.02","TERRYWHITE CHEMMART NE NERANG AUS Card xx8935 Value Date: 23/10/2025","+67.70"
25/10/2025,"-67.26","TERRYWHITE CHEMMART NE NERANG AUS Card xx8935 Value Date: 23/10/2025","+72.72"
25/10/2025,"-0.50","TRANSLINK TICKETING QLD AUS Card xx8935 Value Date: 23/10/2025","+139.98"
25/10/2025,"-9.14","RAINBOW NOODLES NERANG AU AUS Card xx5231 Value Date: 23/10/2025","+140.48"
25/10/2025,"-15.21","COLES 4501 NERANG 04 AUS Card xx5231 Value Date: 23/10/2025","+149.62"
25/10/2025,"-30.09","COLES 4501 NERANG 04 AUS Card xx5231 Value Date: 23/10/2025","+164.83"
25/10/2025,"-24.89","SQ *HANAKYO Nerang QL AUS Card xx5231 Value Date: 23/10/2025","+194.92"
25/10/2025,"-64.95","CHEMIST WAREHOUSE NERANG QL AUS Card xx5231 Value Date: 23/10/2025","+219.81"
25/10/2025,"-8.00","AMPOL NERANG NERANG AUS Card xx5231 Value Date: 23/10/2025","+284.76"
24/10/2025,"-355.92","ALINTA ENERGY","+292.76"
24/10/2025,"-308.32","Transfer to xx8243 NetBank","+648.68"
24/10/2025,"-50.03","Direct Debit 389998 Pet Insurance 91242213","+957.00"
24/10/2025,"-15.00","Overdraw Fee For exceeding available funds on 23 Oct","+1007.03"
24/10/2025,"+1000.00","Transfer from xx9058 CommBank app","+1022.03"
24/10/2025,"-32.50","KMART 1148 ROBINA 04 AUS Card xx8935 Value Date: 22/10/2025","+22.03"
24/10/2025,"-29.99","COTTON ON 4923 ROBINA QL AUS Card xx8935 Value Date: 22/10/2025","+54.53"
24/10/2025,"-19.33","ROLLD CORPORATE QLD P Robina QL AUS Card xx8935 Value Date: 22/10/2025","+84.52"
24/10/2025,"-6.00","SQ *EAST COAST ROAST Nerang QL AUS Card xx8935 Value Date: 22/10/2025","+103.85"
24/10/2025,"-9.06","CHOICE DISCOUNTS ROBINA QL AUS Card xx8935 Value Date: 22/10/2025","+109.85"
24/10/2025,"-23.10","COLES 4501 NERANG 04 AUS Card xx5231 Value Date: 22/10/2025","+118.91"
24/10/2025,"-7.00","SALVOS STORES ROBINA QL AUS Card xx5231 Value Date: 22/10/2025","+142.01"
24/10/2025,"-8.00","7-ELEVEN 4211 ROBINA QL AUS Card xx5231 Value Date: 22/10/2025","+149.01"
23/10/2025,"-66.35","WOOLWORTHS 2515 MERMAID WTRS QL AUS Card xx8935 Value Date: 21/10/2025","+157.01"
23/10/2025,"-89.16","GLAMACO MMAID WATERS MERMAID WATER QL AUS Card xx8935 Value Date: 21/10/2025","+223.36"
23/10/2025,"-20.30","ZARRAFAS COFFEE NERANG NERANG AUS Card xx5231 Value Date: 21/10/2025","+312.52"
22/10/2025,"-27.00","GUZMAN Y GOMEZ SURRY HILLS NS AUS Card xx8935 Value Date: 20/10/2025","+332.82"
22/10/2025,"-170.29","UGG HBOUR QLD BIGGERA WATER QL AUS Card xx8935 Value Date: 18/10/2025","+359.82"
22/10/2025,"-55.68","HOPE ENERGY BIGGERA ARUNDEL QL AUS Card xx5231 Value Date: 18/10/2025","+530.11"
22/10/2025,"-7.50","THONG VAN NGUYEN NERANG QL AUS Card xx5231 Value Date: 18/10/2025","+585.79"
21/10/2025,"-29.90","Direct Debit 010758 AHM 51150161","+593.29"
21/10/2025,"-123.00","Loan Repayment LN REPAY 472766573","+623.19"
21/10/2025,"-10.00","HUBBL - BINGE 131999 AU AUS Card xx8935 Value Date: 17/10/2025","+746.19"
21/10/2025,"-68.04","WOOLWORTHS 2534 ROBINA QL AUS Card xx8935 Value Date: 19/10/2025","+756.19"
21/10/2025,"-43.90","BIG W 0243 ROBINA QL AUS Card xx8935 Value Date: 19/10/2025","+824.23"
21/10/2025,"-25.50","SP OZ HAIR BEAUTY MIRANDA NS AUS Card xx8935 Value Date: 19/10/2025","+868.13"
21/10/2025,"-2.79","ROBINA FRESH FRUIT MAR ROBINA AUS Card xx8935 Value Date: 19/10/2025","+893.63"
21/10/2025,"-20.15","HANARO TRADING PTY LTD ROBINA AUS Card xx8935 Value Date: 19/10/2025","+896.42"
21/10/2025,"-10.00","SQ *SALTY PLUM JAPANES Robina QL AUS Card xx5231 Value Date: 17/10/2025","+916.57"
21/10/2025,"-3.75","THE REJECT SHOP 4514 NERANG QL AUS Card xx5231 Value Date: 16/10/2025","+926.57"
21/10/2025,"-39.34","Malaysia Makanan 2 Biggera Water QL AUS Card xx5231 Value Date: 18/10/2025","+930.32"
21/10/2025,"-18.25","MEIZIHAN PTY LTD Biggera Water QL AUS Card xx5231 Value Date: 18/10/2025","+969.66"
21/10/2025,"-5.00","TRANSLINK TICKETING QLD AUS Card xx5231 Value Date: 17/10/2025","+987.91"
21/10/2025,"-5.08","Family Farm Meat Mark NERANG AUS Card xx5231 Value Date: 18/10/2025","+992.91"
21/10/2025,"-2.99","DOLLAR STRETCHER NERANG QL AUS Card xx5231 Value Date: 18/10/2025","+997.99"
21/10/2025,"-20.22","HOLY HAND EXPRESS HAIR NERANG AUS Card xx5231 Value Date: 18/10/2025","+1000.98"
21/10/2025,"-6.10","ZARRAFAS COFFEE NERANG NERANG AUS Card xx5231 Value Date: 18/10/2025","+1021.20"
21/10/2025,"-5.00","TRANSLINK TICKETING QLD AUS Card xx5231 Value Date: 18/10/2025","+1027.30"
21/10/2025,"-2.95","WOOLWORTHS 2759 BIGGERA WTRS QL AUS Card xx5231 Value Date: 18/10/2025","+1032.30"
21/10/2025,"-57.60","LS Korean BBQ Buffet Southport AU AUS Card xx5231 Value Date: 19/10/2025","+1035.25"
21/10/2025,"-6.70","SQ *KOOCO ESPRESSO BAR Robina QL AUS Card xx5231 Value Date: 19/10/2025","+1092.85"
21/10/2025,"-63.82","SQ *SUNNYBOY ESPRESSO Mermaid Beach QL AUS Card xx5231 Value Date: 19/10/2025","+1099.55"
21/10/2025,"-11.00","BIG W 0243 ROBINA QL AUS Card xx5231 Value Date: 19/10/2025","+1163.37"
21/10/2025,"-630.00","Transfer to other Bank NetBank 102701","+1174.37"
20/10/2025,"-272.22","Transfer to xx8243 CommBank app","+1804.37"
20/10/2025,"-90.00","Transfer To Mariana Groth da silva PayID Phone from CommBank App Anastasia","+2076.59"
18/10/2025,"-150.00","Transfer To Mariia Kartuzova CommBank App Anastasia","+2166.59"
18/10/2025,"-16.50","SQ *EAST COAST ROAST Nerang QL AUS Card xx8935 Value Date: 16/10/2025","+2316.59"
18/10/2025,"-2.50","TRANSLINK TICKETING QLD AUS Card xx8935 Value Date: 16/10/2025","+2333.09"
18/10/2025,"-24.00","DAN MURPHY'S 2419 NERANG QL AUS Card xx5231 Value Date: 16/10/2025","+2335.59"
18/10/2025,"-83.35","WOOLWORTHS 2764 NERANG QL AUS Card xx5231 Value Date: 16/10/2025","+2359.59"
18/10/2025,"-16.99","REBEL ROBINA ROBINA QL AUS Card xx5231 Value Date: 15/10/2025","+2442.94"
18/10/2025,"-18.95","ZARRAFAS COFFEE NERANG NERANG AUS Card xx5231 Value Date: 16/10/2025","+2459.93"
18/10/2025,"-5.00","TRANSLINK TICKETING QLD AUS Card xx5231 Value Date: 16/10/2025","+2478.88"
18/10/2025,"-60.00","SPER QLD TREASURY BRISBANE AUS Card xx5231 Value Date: 16/10/2025","+2483.88"
17/10/2025,"-10.90","GYG Robina Robina QL AUS Card xx8935 Value Date: 15/10/2025","+2543.88"
17/10/2025,"-2.20","CIRCUM VENDING MENTONE VI AUS Card xx8935 Value Date: 15/10/2025","+2554.78"
17/10/2025,"-97.30","SP OZ HAIR BEAUTY MIRANDA NS AUS Card xx8935 Value Date: 15/10/2025","+2556.98"
17/10/2025,"-20.22","REENA MEHTA ROBINA AUS Card xx8935 Value Date: 15/10/2025","+2654.28"
17/10/2025,"-53.34","THE TRUSTEE FOR CAPPA BROADBEACH AU AUS Card xx5231 Value Date: 14/10/2025","+2674.50"
17/10/2025,"-19.79","Yo-Chi Robina Robina QL AUS Card xx5231 Value Date: 15/10/2025","+2727.84"
17/10/2025,"-14.00","ASIAN DELIGHT ROBINA ROBINA QL AUS Card xx5231 Value Date: 15/10/2025","+2747.63"
16/10/2025,"-22.91","WOOLWORTHS 2592 BROADBEACH QL AUS Card xx5231 Value Date: 14/10/2025","+2761.63"
16/10/2025,"-3.50","SQ *SALTY PLUM JAPANES Robina QL AUS Card xx5231 Value Date: 14/10/2025","+2784.54"
16/10/2025,"-35.28","PEARL ENERGY ROBINA ROBINA QL AUS Card xx5231 Value Date: 13/10/2025","+2788.04"
16/10/2025,"-13.20","ZARRAFAS COFFEE NERANG NERANG AUS Card xx5231 Value Date: 14/10/2025","+2823.32"
16/10/2025,"-3.04","BUNNINGS 542000 ROBINA AUS Card xx5231 Value Date: 13/10/2025","+2836.52"
16/10/2025,"-19.99","H&M HENNES & MAURITZ QLD AU AUS Card xx8935 Value Date: 14/10/2025","+2839.56"
16/10/2025,"-8.11","SQ *SANDOICHIGO Broadbeach Wa QL AUS Card xx8935 Value Date: 14/10/2025","+2859.55"
15/10/2025,"-171.80","Direct Debit 613602 QP EMF RobinaHom DT.4n8hx1 QKP_QP E","+2867.66"
15/10/2025,"-12.99","FLANNERYS ROBINA ROBINA AU AUS Card xx5231 Value Date: 13/10/2025","+3039.46"
15/10/2025,"-630.00","Transfer to other Bank NetBank 102701","+3052.45"
15/10/2025,"-16.00","SQ *EAST COAST ROAST Nerang QL AUS Card xx8935 Value Date: 13/10/2025","+3682.45"
15/10/2025,"-1.64","EasyPark","+3698.45"
14/10/2025,"-123.00","Loan Repayment LN REPAY 472766573","+3700.09"
14/10/2025,"-49.00","Beauty Studio","+3823.09"
14/10/2025,"-20.00","PERFECT BROWS","+3872.09"
14/10/2025,"-341.51","Transfer to xx8243 CommBank app","+3892.09"
14/10/2025,"+4000.00","Fast Transfer From MICHEL EDUBAS To joint","+4233.60"
14/10/2025,"-34.50","WOOLWORTHS 2645 ROBINA QL AUS Card xx5231 Value Date: 10/10/2025","+233.60"
14/10/2025,"-100.00","FLANNERYS ROBINA ROBINA AU AUS Card xx5231 Value Date: 10/10/2025","+268.10"
14/10/2025,"-11.55","ZARRAFAS COFFEE NERANG NERANG AUS Card xx5231 Value Date: 10/10/2025","+368.10"
14/10/2025,"-99.87","COLES 4501 NERANG 04 AUS Card xx5231 Value Date: 11/10/2025","+379.65"
14/10/2025,"-26.15","AMPOL NERANG NERANG AUS Card xx5231 Value Date: 11/10/2025","+479.52"
14/10/2025,"-65.87","AriThai Coomera AU AUS Card xx8935 Value Date: 10/10/2025","+505.67"
14/10/2025,"-34.51","AriThai Coomera AU AUS Card xx8935 Value Date: 10/10/2025","+571.54"
14/10/2025,"-19.00","KMART 1148 ROBINA 04 AUS Card xx8935 Value Date: 10/10/2025","+606.05"
14/10/2025,"-10.16","SQ *ARMAN Aspley QL AUS Card xx8935 Value Date: 11/10/2025","+625.05"
14/10/2025,"-4.50","COLES 4427 ROBINA 04 AUS Card xx8935 Value Date: 12/10/2025","+635.21"
14/10/2025,"-39.05","APPLE.COM/BILL SYDNEY AU AUS Card xx8935 Value Date: 11/10/2025","+639.71"
13/10/2025,"-80.39","Direct Debit 142038 BUDGET DIRECT 120249620141600517","+678.76"
13/10/2025,"-90.00","Transfer To Mariana Groth da silva PayID Phone from CommBank App Anastasia","+759.15"
13/10/2025,"+300.00","Fast Transfer From MICHEL EDUBAS To joint","+849.15"
13/10/2025,"+34.00","Fast Transfer From JUSTAN GEORGIOU to PayID Phone picknic iris justan","+549.15"
12/10/2025,"+40.00","Fast Transfer From DANIEL WHAN to PayID Phone picnic","+515.15"
12/10/2025,"+20.00","Fast Transfer From DIANA REYES ORELLANA to PayID Phone Picnic","+475.15"
11/10/2025,"-25.94","WOOLWORTHS 2592 BROADBEACH QL AUS Card xx5231 Value Date: 09/10/2025","+455.15"
11/10/2025,"-1.00","CIRCUM VENDING MENTONE VI AUS Card xx8935 Value Date: 09/10/2025","+481.09"
11/10/2025,"-53.88","SP ATHENA NUTRITION MACQUARIE PAR NS AUS Card xx8935 Value Date: 09/10/2025","+482.09"
10/10/2025,"-42.38","WOOLWORTHS 2764 NERANG QL AUS Card xx8935 Value Date: 08/10/2025","+535.97"
10/10/2025,"-6.27","COLES 4501 NERANG 04 AUS Card xx8935 Value Date: 08/10/2025","+578.35"
10/10/2025,"-31.40","GUZMAN Y GOMEZ SURRY HILLS NS AUS Card xx8935 Value Date: 08/10/2025","+584.62"
10/10/2025,"-5.00","SQ *EAST COAST ROAST Nerang QL AUS Card xx8935 Value Date: 08/10/2025","+616.02"
10/10/2025,"-34.00","CLAUDE.AI SUBSCRIPTION SAN FRANCISCO CA USA Card xx5231 AUD 34.00 Value Date: 09/10/2025","+621.02"
10/10/2025,"-86.89","DODO SERVICES PTY LTD MELBOURNE VI AUS Card xx5231 Value Date: 08/10/2025","+655.02"
09/10/2025,"-50.03","Direct Debit 389998 Pet Insurance 90830038","+741.91"
09/10/2025,"-203.50","Transfer to xx8243 CommBank app","+791.94"
09/10/2025,"-242.81","Transfer to xx8243 CommBank app","+995.44"
09/10/2025,"+1000.00","Fast Transfer From MICHEL EDUBAS Joint","+1238.25"
09/10/2025,"-21.60","WOOLWORTHS 2764 NERANG QL AUS Card xx5231 Value Date: 07/10/2025","+238.25"
09/10/2025,"-16.96","BUNNINGS 431000 HIGHLAND PARK AUS Card xx5231 Value Date: 06/10/2025","+259.85"
08/10/2025,"+111.00","Transfer from xx1300 CommBank app","+276.81"
08/10/2025,"+100.00","Transfer from xx1300 CommBank app","+165.81"
08/10/2025,"-309.20","Transfer To TRAVELVISA2GO CommBank App INV-2075","+65.81"
08/10/2025,"+100.00","Transfer from xx9058 CommBank app","+375.01"
08/10/2025,"-4.22","MERMAID BEACH SURF L MERMAID BEACH AUS Card xx5231 Value Date: 03/10/2025","+275.01"
08/10/2025,"-12.20","ZARRAFAS COFFEE NERANG NERANG AUS Card xx5231 Value Date: 06/10/2025","+279.23"
08/10/2025,"-4.58","AKEY PTY LTD ROBINA AUS Card xx5231 Value Date: 06/10/2025","+291.43"
08/10/2025,"-31.05","GUZMAN Y GOMEZ SURRY HILLS NS AUS Card xx8935 Value Date: 06/10/2025","+296.01"
08/10/2025,"-13.43","Yo-Chi Robina Robina QL AUS Card xx8935 Value Date: 06/10/2025","+327.06"
07/10/2025,"-630.00","Transfer To Castle Property Managers CommBank App 102701","+340.49"
07/10/2025,"+1000.00","Transfer from xx9058 CommBank app","+970.49"
07/10/2025,"-123.00","Loan Repayment LN REPAY 472766573","-29.51"
07/10/2025,"-32.76","WOOLWORTHS 2764 NERANG QL AUS Card xx5231 Value Date: 03/10/2025","+93.49"
07/10/2025,"-31.40","GUZMAN Y GOMEZ SURRY HILLS NS AUS Card xx5231 Value Date: 03/10/2025","+126.25"
07/10/2025,"-60.39","DAN MURPHY'S 2419 NERANG QL AUS Card xx5231 Value Date: 03/10/2025","+157.65"
07/10/2025,"-8.00","7-ELEVEN 4211 ROBINA QL AUS Card xx5231 Value Date: 02/10/2025","+218.04"
07/10/2025,"-12.95","POST NERANG POST SHOP NERANG AUS Card xx5231 Value Date: 03/10/2025","+226.04"
07/10/2025,"-23.63","UNISIM SHERIDAN WY USA Card xx5231 AUD 23.63 Value Date: 04/10/2025","+238.99"
07/10/2025,"-10.00","BWS 2391 NERANG QL AUS Card xx5231 Value Date: 05/10/2025","+262.62"
07/10/2025,"-61.62","FREEDOM FUELS AUSTRA VARSITY LAKES AUS Card xx5231 Value Date: 05/10/2025","+272.62"
07/10/2025,"-32.13","AMAZON AU RETAIL SYDNEY AUS Card xx5231 Value Date: 04/10/2025","+334.24"
07/10/2025,"-65.20","AMAZON AU RETAIL SYDNEY AUS Card xx5231 Value Date: 04/10/2025","+366.37"
07/10/2025,"-71.92","SP MADE BY FRESSKO DONVALE VI AUS Card xx8935 Value Date: 03/10/2025","+431.57"
07/10/2025,"-55.00","SQ *SAM MARKET Molendinar QL AUS Card xx8935 Value Date: 03/10/2025","+503.49"
07/10/2025,"-28.00","ANIMAL KINGDOM PL NERANG AUS Card xx8935 Value Date: 03/10/2025","+558.49"
07/10/2025,"-65.24","Old Maids Brunswick Hea NS AUS Card xx8935 Value Date: 04/10/2025","+586.49"
07/10/2025,"-19.50","SQ *SUN DEVIL DRINKS C Tweed Heads S NS AUS Card xx8935 Value Date: 04/10/2025","+651.73"
07/10/2025,"-26.23","AWLQ NERANG OP SHOP NERANG QL AUS Card xx8935 Value Date: 04/10/2025","+671.23"
07/10/2025,"-63.95","Paddock Bakery Burleigh Head AU AUS Card xx8935 Value Date: 05/10/2025","+697.46"
06/10/2025,"-90.00","Transfer To Mariana Groth da silva PayID Phone from CommBank App Anastasia","+761.41"
06/10/2025,"+90.00","Transfer from xx1300 CommBank app","+851.41"
05/10/2025,"+200.00","Transfer from xx1300 CommBank app","+761.41"
04/10/2025,"+200.00","Transfer from xx1300 CommBank app","+561.41"
04/10/2025,"-3.50","PayStay South Wharf GUEST-SALE-BCC-Z2483","+361.41"
04/10/2025,"-132.23","Transfer To Wise Australia Pty Ltd PayID Email from CommBank App Transfer wise","+364.91"
04/10/2025,"-117.00","Mecca Brands Pty Ltd Brisbane AU AUS Card xx8935 Value Date: 02/10/2025","+497.14"
04/10/2025,"-75.00","Lush Pacific Fair Broadbeach AU AUS Card xx8935 Value Date: 02/10/2025","+614.14"
04/10/2025,"-25.25","BookFace Pacific Fair Broadbeach Wa QL AUS Card xx8935 Value Date: 02/10/2025","+689.14"
04/10/2025,"-9.00","SQ *EAST COAST ROAST Nerang QL AUS Card xx8935 Value Date: 02/10/2025","+714.39"
04/10/2025,"-29.12","THAI SECRET RESTAURANT CARRARA AUS Card xx8935 Value Date: 02/10/2025","+723.39"
04/10/2025,"-1.07","International Transaction Fee Value Date: 02/10/2025","+752.51"
04/10/2025,"-30.43","DREAMHOST DH-FEE.COM CA USA Card xx5231 USD 19.99 Value Date: 01/10/2025","+753.58"
04/10/2025,"-14.91","YOMG Pacific Fair Broadbeach Wa QL AUS Card xx5231 Value Date: 02/10/2025","+784.01"
04/10/2025,"-13.20","ZARRAFAS COFFEE NERANG NERANG AUS Card xx5231 Value Date: 02/10/2025","+798.92"
03/10/2025,"+500.00","Transfer from xx1300 CommBank app","+812.12"
03/10/2025,"-35.00","AMAYSIM MOBILE PTY LTD","+312.12"
03/10/2025,"-5.00","THE REJECT SHOP 4514 NERANG QL AUS Card xx5231 Value Date: 01/10/2025","+347.12"
03/10/2025,"-1.00","CIRCUM VENDING MENTONE VI AUS Card xx8935 Value Date: 01/10/2025","+352.12"
02/10/2025,"+200.00","Transfer from xx1300 CommBank app","+353.12"
02/10/2025,"+100.00","Transfer from xx1300 CommBank app","+153.12"
02/10/2025,"+25.00","Transfer from xx9058 CommBank app","+53.12"
02/10/2025,"-48.23","WOOLWORTHS 2764 NERANG QL AUS Card xx5231 Value Date: 30/09/2025","+28.12"
02/10/2025,"-6.00","7-ELEVEN 4211 ROBINA QL AUS Card xx5231 Value Date: 30/09/2025","+76.35"
02/10/2025,"-15.70","MCDONALDS SOUTHPORT SOUTHPORT QL AUS Card xx5231 Value Date: 29/09/2025","+82.35"
02/10/2025,"-12.20","ZARRAFAS COFFEE NERANG NERANG AUS Card xx5231 Value Date: 30/09/2025","+98.05"
02/10/2025,"-60.00","SPER QLD TREASURY BRISBANE AUS Card xx5231 Value Date: 01/10/2025","+110.25"
01/10/2025,"-171.80","Direct Debit 613602 QP EMF RobinaHom DT.4lex9n QKP_QP E","+170.25"
01/10/2025,"-5.50","Bakers Delight Robina AU AUS Card xx8935 Value Date: 29/09/2025","+342.05"
01/10/2025,"-49.00","KMART 1148 ROBINA 04 AUS Card xx8935 Value Date: 29/09/2025","+347.55"
01/10/2025,"-13.18","BARBOSA FINE FOOD DELI ROBINA AU AUS Card xx8935 Value Date: 29/09/2025","+396.55"
01/10/2025,"-42.20","COTTON ON BODY 4435 ROBINA QL AUS Card xx8935 Value Date: 29/09/2025","+409.73"
01/10/2025,"-17.18","Camy's Chargrill Chic Robina QL AUS Card xx8935 Value Date: 29/09/2025","+451.93"
01/10/2025,"-9.65","GOTCHA ROBINA PTY LTD Robina QL AUS Card xx8935 Value Date: 29/09/2025","+469.11"
01/10/2025,"-30.00","RSL Art Union 130-0775888 QL AUS Card xx8935 Value Date: 27/09/2025","+478.76"
01/10/2025,"-5.50","SQ *EAST COAST ROAST Nerang QL AUS Card xx8935 Value Date: 29/09/2025","+508.76"
01/10/2025,"-119.93","WOOLWORTHS 2645 ROBINA QL AUS Card xx5231 Value Date: 29/09/2025","+514.26"
01/10/2025,"-52.00","EMF NERANG NERANG QL AUS Card xx5231 Value Date: 28/09/2025","+634.19"
01/10/2025,"-5.50","BROADBCH GRCR & CAFE BROADBEACH AUS Card xx5231 Value Date: 26/09/2025","+686.19"
01/10/2025,"-630.00","Transfer to other Bank NetBank 102701","+691.69"
30/09/2025,"-123.00","Loan Repayment LN REPAY 472766573","+1321.69"
30/09/2025,"+1000.00","Transfer from xx9058 CommBank app","+1444.69"
30/09/2025,"-11.97","Yo-Chi Robina Robina QL AUS Card xx8935 Value Date: 26/09/2025","+444.69"
30/09/2025,"-13.72","SQ *MUNCHEEZ Helensvale QL AUS Card xx8935 Value Date: 26/09/2025","+456.66"
30/09/2025,"-5.84","The Coffee Club Pacifi Broadbeach QL AUS Card xx8935 Value Date: 25/09/2025","+470.38"
30/09/2025,"-5.56","FEEKA'S PATISSERIE HELENSVALE QL AUS Card xx8935 Value Date: 26/09/2025","+476.22"
30/09/2025,"-2.50","ALDI STORES HELENSVALE AUS Card xx8935 Value Date: 26/09/2025","+481.78"
30/09/2025,"-4.84","International Transaction Fee Value Date: 27/09/2025","+484.28"
30/09/2025,"-138.33","WFP.EDUCATIO DNIPRO 12 UKR Card xx8935 UAH 3740.00 Value Date: 27/09/2025","+489.12"
30/09/2025,"-12.20","ZARRAFAS COFFEE NERANG NERANG AUS Card xx8935 Value Date: 28/09/2025","+627.45"
30/09/2025,"-11.25","COLES 4584 HELENSVALE 04 AUS Card xx5231 Value Date: 26/09/2025","+639.65"
30/09/2025,"-29.49","COSTA TACO - BROADBEAC GOLD COAST QL AUS Card xx5231 Value Date: 26/09/2025","+650.90"
30/09/2025,"-20.34","COSTA TACO - BROADBEAC GOLD COAST QL AUS Card xx5231 Value Date: 26/09/2025","+680.39"
30/09/2025,"-7.10","ZARRAFAS COFFEE NERANG NERANG AUS Card xx5231 Value Date: 26/09/2025","+700.73"
30/09/2025,"-10.19","BUNNINGS 542000 ROBINA AUS Card xx5231 Value Date: 25/09/2025","+707.83"
30/09/2025,"-24.70","COLES 4501 NERANG 04 AUS Card xx5231 Value Date: 27/09/2025","+718.02"
30/09/2025,"-15.00","WOOLWORTHS 2645 ROBINA QL AUS Card xx5231 Value Date: 27/09/2025","+742.72"
30/09/2025,"-30.00","SQ *NICE NICE. Tweed Head NS AUS Card xx5231 Value Date: 27/09/2025","+757.72"
30/09/2025,"-19.50","SQ *SUN DEVIL DRINKS C Tweed Heads NS AUS Card xx5231 Value Date: 27/09/2025","+787.72"
29/09/2025,"-29.90","Direct Debit 010758 AHM 52803464","+807.22"
29/09/2025,"-80.39","Direct Debit 142038 BUDGET DIRECT 120249620140682880","+837.12"
29/09/2025,"-4900.00","Transfer to xx8243 CommBank app","+917.51"
29/09/2025,"-90.00","Transfer To Mariana Groth da silva PayID Phone from CommBank App Anastasia","+5817.51"
29/09/2025,"+5174.60","1/ROMANOVA CHRISTOU LIUDMILA /ROC/260705139///URI/Family REF 2025092500042653 Fee AUD 10.00000","+5907.51"
28/09/2025,"-360.31","Transfer to xx8243 CommBank app","+732.91"
28/09/2025,"-4000.00","Transfer to xx8243 CommBank app","+1093.22"
28/09/2025,"-138.00","Transfer To YUNG-CHI CHANG PayID Phone from CommBank App Nastya","+5093.22"
27/09/2025,"-100.00","Transfer to xx9058 CommBank app","+5231.22"
27/09/2025,"-32.00","Lush Pacific Fair Broadbeach AU AUS Card xx8935 Value Date: 25/09/2025","+5331.22"
27/09/2025,"-27.56","UBER *TRIP HELP.UBER.C 14518236738 AU AUS Card xx8935 Value Date: 25/09/2025","+5363.22"
27/09/2025,"-32.00","T2 - Pacific Fair Broadbeach AU AUS Card xx5231 Value Date: 25/09/2025","+5390.78"
27/09/2025,"-23.80","LS Kudo bros Varsity Lakes AU AUS Card xx5231 Value Date: 25/09/2025","+5422.78"
27/09/2025,"-3.54","Papparich Pacific Fai Coopers Plain QL AUS Card xx5231 Value Date: 25/09/2025","+5446.58"
27/09/2025,"-41.71","Papparich Pacific Fai Coopers Plain QL AUS Card xx5231 Value Date: 25/09/2025","+5450.12"
27/09/2025,"-1.92","International Transaction Fee Value Date: 24/09/2025","+5491.83"
27/09/2025,"-54.72","AURA GLOBAL FZ L L C RAS AL KHAIMA RA ARE Card xx5231 USD 36.00 Value Date: 24/09/2025","+5493.75"
27/09/2025,"-29.90","BENTLEYS CAMERAHOUSE BROADBEACH QL AUS Card xx5231 Value Date: 25/09/2025","+5548.47"
26/09/2025,"-100.00","Transfer To Mariia Kartuzova CommBank App Anastasia","+5578.37"
26/09/2025,"+5167.10","1/ROMANOVA CHRISTOU LIUDMILA /ROC/260653249///URI/for family REF 2025092400040237 Fee AUD 10.00000","+5678.37"
26/09/2025,"-19.00","LIQUORLAND 6599 NERANG 04 AUS Card xx8935 Value Date: 24/09/2025","+511.27"
26/09/2025,"-33.50","COLES 4501 NERANG 04 AUS Card xx8935 Value Date: 24/09/2025","+530.27"
26/09/2025,"-31.80","GUZMAN Y GOMEZ SURRY HILLS NS AUS Card xx8935 Value Date: 24/09/2025","+563.77"
26/09/2025,"-14.00","BAC PARKING ASCOT AUS Card xx8935 Value Date: 23/09/2025","+595.57"
26/09/2025,"-15.00","ANIMAL KINGDOM PL NERANG AUS Card xx8935 Value Date: 24/09/2025","+609.57"
26/09/2025,"-5.96","THAI SECRET RESTAURANT CARRARA AUS Card xx5231 Value Date: 23/09/2025","+624.57"
26/09/2025,"-57.22","THAI SECRET RESTAURANT CARRARA AUS Card xx5231 Value Date: 23/09/2025","+630.53"
25/09/2025,"-10.00","XRO: XERO CUSTOM CONNE","+687.75"
25/09/2025,"-50.03","Direct Debit 389998 Pet Insurance 90432876","+697.75"
25/09/2025,"+500.00","Transfer from xx1300 CommBank app","+747.78"
25/09/2025,"-4.50","EMF NERANG NERANG QL AUS Card xx8935 Value Date: 23/09/2025","+247.78"
25/09/2025,"-7.19","ALDI STORES NERANG AUS Card xx8935 Value Date: 22/09/2025","+252.28"
25/09/2025,"-26.97","EUROFOOD SHOP NERANG AUS Card xx8935 Value Date: 23/09/2025","+259.47"
25/09/2025,"-24.50","GYG Nerang Nerang QL AUS Card xx5231 Value Date: 23/09/2025","+286.44"
25/09/2025,"-6.00","7-ELEVEN 4211 ROBINA QL AUS Card xx5231 Value Date: 23/09/2025","+310.94"
25/09/2025,"-18.30","ZARRAFAS COFFEE NERANG NERANG AUS Card xx5231 Value Date: 23/09/2025","+316.94"
25/09/2025,"-20.60","ZARRAFAS COFFEE NERANG NERANG AUS Card xx5231 Value Date: 23/09/2025","+335.24"
24/09/2025,"-125.00","MIND & BODY: REFORMED","+355.84"
24/09/2025,"-40.00","Transfer to xx9058 CommBank app","+480.84"
24/09/2025,"-630.00","Transfer to other Bank NetBank 102701","+520.84"
24/09/2025,"-19.00","ALH VENUES 8356 NERANG QL AUS Card xx8935 Value Date: 22/09/2025","+1150.84"
24/09/2025,"-30.00","EMF AUSTRALIA NERANG QL AUS Card xx8935 Value Date: 22/09/2025","+1169.84"
24/09/2025,"-61.09","WWW.ALHGROUP.COM* ME&U SYDNEY NS AUS Card xx8935 Value Date: 22/09/2025","+1199.84"
24/09/2025,"-32.45","CHEMIST WAREHOUSE NERANG QL AUS Card xx8935 Value Date: 22/09/2025","+1260.93"
24/09/2025,"-5.50","SQ *EAST COAST ROAST Nerang QL AUS Card xx8935 Value Date: 22/09/2025","+1293.38"
24/09/2025,"-14.40","ALH VENUES 8356 NERANG QL AUS Card xx5231 Value Date: 22/09/2025","+1298.88"
24/09/2025,"-13.40","7-ELEVEN 4211 ROBINA QL AUS Card xx5231 Value Date: 22/09/2025","+1313.28"
24/09/2025,"+940.00","Transfer from xx9058 CommBank app","+1326.68"
23/09/2025,"-100.00","Transfer to xx8243 CommBank app","+386.68"
23/09/2025,"-26.99","Transfer to xx8243 CommBank app","+486.68"
23/09/2025,"-123.00","Loan Repayment LN REPAY 472766573","+513.67"
23/09/2025,"-10.44","Yo-Chi Robina Robina QL AUS Card xx8935 Value Date: 19/09/2025","+636.67"
23/09/2025,"-15.70","Daiso Robina Robina QL AUS Card xx8935 Value Date: 19/09/2025","+647.11"
23/09/2025,"-3.00","LOVISA PL-ROBINA TWO ROBINA AUS Card xx8935 Value Date: 19/09/2025","+662.81"
23/09/2025,"-11.98","H&M HENNES & MAURITZ QLD AU AUS Card xx8935 Value Date: 19/09/2025","+665.81"
23/09/2025,"-66.00","Mecca Brands Pty Ltd Brisbane AU AUS Card xx8935 Value Date: 19/09/2025","+677.79"
23/09/2025,"-25.66","BUNNINGS 431000 HIGHLAND PARK AUS Card xx8935 Value Date: 20/09/2025","+743.79"
23/09/2025,"-6.10","ZARRAFAS COFFEE NERANG NERANG AUS Card xx5231 Value Date: 19/09/2025","+769.45"
23/09/2025,"-48.78","AMAZON AU MARKETPLACE SYDNEY AUS Card xx5231 Value Date: 19/09/2025","+775.55"
23/09/2025,"-12.95","PlayStation Network Sony PSN GBR Card xx5231 AUD 12.95 Value Date: 20/09/2025","+824.33"
23/09/2025,"-3.56","KOREAN KITCHEN SURFERS PARAD AU AUS Card xx5231 Value Date: 19/09/2025","+837.28"
23/09/2025,"-46.30","WOOLWORTHS 2764 NERANG QL AUS Card xx5231 Value Date: 20/09/2025","+840.84"
23/09/2025,"-23.32","Family Farm Meat Mark NERANG AUS Card xx5231 Value Date: 20/09/2025","+887.14"
23/09/2025,"-5.20","GOLD COAST CITY 3350 SURFERS PARAD AUS Card xx5231 Value Date: 19/09/2025","+910.46"
23/09/2025,"-45.90","PET DELI HIGHLAND PARK AUS Card xx5231 Value Date: 20/09/2025","+915.66"
23/09/2025,"-20.60","ZARRAFAS COFFEE NERANG NERANG AUS Card xx5231 Value Date: 20/09/2025","+961.56"
23/09/2025,"-24.10","AMPOL NERANG NERANG AUS Card xx5231 Value Date: 20/09/2025","+982.16"
23/09/2025,"-9.90","DAITO QUEENSLAND PTY L ROBINA AU AUS Card xx5231 Value Date: 21/09/2025","+1006.26"
23/09/2025,"-2.95","WOOLWORTHS 2645 ROBINA QL AUS Card xx5231 Value Date: 21/09/2025","+1016.16"
23/09/2025,"-12.19","SQ *THE CRYSTAL SOCIET Ashmore QL AUS Card xx5231 Value Date: 21/09/2025","+1019.11"
22/09/2025,"-29.90","Direct Debit 010758 AHM 51150161","+1031.30"
22/09/2025,"-90.00","Transfer To Mariana Groth da silva PayID Phone from CommBank App Anastasia","+1061.20"
22/09/2025,"-100.00","Transfer to xx9058 CommBank app","+1151.20"
22/09/2025,"-227.86","Transfer to xx8243 CommBank app","+1251.20"
22/09/2025,"+1000.00","Transfer from xx1300 CommBank app","+1479.06"
21/09/2025,"+100.00","Transfer from xx9058 CommBank app","+479.06"
20/09/2025,"-56.18","Aust Federal Police Barton AU AUS Card xx5231 Value Date: 18/09/2025","+379.06"
19/09/2025,"-73.26","Transfer to xx8243 CommBank app","+435.24"
19/09/2025,"-10.00","HUBBL - BINGE 131999 AU AUS Card xx8935 Value Date: 17/09/2025","+508.50"
19/09/2025,"-12.20","ZARRAFAS COFFEE NERANG NERANG AUS Card xx8935 Value Date: 17/09/2025","+518.50"
19/09/2025,"-11.90","GUZMAN Y GOMEZ SURRY HILLS NS AUS Card xx5231 Value Date: 17/09/2025","+530.70"
19/09/2025,"-7.11","Euro Grill and Cafe Burleigh Wate AU AUS Card xx5231 Value Date: 17/09/2025","+542.60"
19/09/2025,"-3.50","COLES 4520 BURLEIGH HDS 04 AUS Card xx5231 Value Date: 17/09/2025","+549.71"
19/09/2025,"-7.01","SMP*Boulangerie Vietna Burleigh Wat AU AUS Card xx5231 Value Date: 17/09/2025","+553.21"
18/09/2025,"-20.00","Transfer To Wise Australia Pty Ltd PayID Email from CommBank App Transfer wise","+560.22"
18/09/2025,"-63.75","COLES 4501 NERANG 04 AUS Card xx8935 Value Date: 16/09/2025","+580.22"
18/09/2025,"-59.95","SP LILABEAUTYAU DERRIMUT VI AUS Card xx8935 Value Date: 16/09/2025","+643.97"
18/09/2025,"-36.54","LOVE ITALY SURFERS SURFERS PARAD QL AUS Card xx8935 Value Date: 15/09/2025","+703.92"
18/09/2025,"-29.95","PlayStation Network Sony PSN GBR Card xx5231 AUD 29.95 Value Date: 16/09/2025","+740.46"
18/09/2025,"-6.50","WOOLWORTHS 2613 SURFERS PARAD QL AUS Card xx5231 Value Date: 16/09/2025","+770.41"
18/09/2025,"-25.00","BAC PARKING ASCOT AUS Card xx5231 Value Date: 15/09/2025","+776.91"
18/09/2025,"-60.00","SPER QLD TREASURY BRISBANE AUS Card xx5231 Value Date: 17/09/2025","+801.91"
17/09/2025,"-171.80","Direct Debit 613602 QP EMF RobinaHom DT.4jlw9c QKP_QP E","+861.91"
17/09/2025,"-90.00","Transfer To Mariana Groth da silva PayID Phone from CommBank App Anastasia","+1033.71"
17/09/2025,"-435.27","Transfer to xx8243 CommBank app","+1123.71"
17/09/2025,"+1000.00","Transfer from xx1300 CommBank app","+1558.98"
17/09/2025,"-28.15","WOOLWORTHS 2613 SURFERS PARAD QL AUS Card xx8935 Value Date: 15/09/2025","+558.98"
17/09/2025,"-4.00","WILSON PARKING AUSTRAL BRISBANE QL AUS Card xx5231 Value Date: 15/09/2025","+587.13"
17/09/2025,"-40.63","7-ELEVEN 4197 SOUTHPORT QL AUS Card xx5231 Value Date: 15/09/2025","+591.13"
17/09/2025,"-109.72","Thaiways ALBION AUS Card xx5231 Value Date: 15/09/2025","+631.76"
17/09/2025,"-17.99","NERANG BOTTLESHOP NERANG AUS Card xx5231 Value Date: 12/09/2025","+741.48"
17/09/2025,"-30.11","LINKT BRISBANE BRISBANE AUS Card xx5231 Value Date: 15/09/2025","+759.47"
17/09/2025,"-630.00","Transfer to other Bank NetBank 102701","+789.58"
16/09/2025,"-123.00","Loan Repayment LN REPAY 472766573","+1419.58"
16/09/2025,"-4000.00","Transfer to xx1300 CommBank app","+1542.58"
16/09/2025,"+1000.00","Transfer from xx9058 CommBank app","+5542.58"
16/09/2025,"-4308.80","Transfer to xx8243 CommBank app","+4542.58"
16/09/2025,"+8559.01","BARUTEL CLAUDE /PURP/E00///ROC/SWFT25091500031///U REF 2025091600014626","+8851.38"
16/09/2025,"-27.28","Reddy Express 2177 Coomera 04 AUS Card xx8935 Value Date: 12/09/2025","+292.37"
16/09/2025,"-29.00","KMART 1032 BROADBEACH 04 AUS Card xx8935 Value Date: 13/09/2025","+319.65"
16/09/2025,"-10.00","KMART 1032 BROADBEACH 04 AUS Card xx8935 Value Date: 13/09/2025","+348.65"
16/09/2025,"-8.25","DCH GROUP PTY LTD Landsborough AU AUS Card xx8935 Value Date: 13/09/2025","+358.65"
16/09/2025,"-10.17","SQ *ROSITA FLOWERS PAC Broadbeach Wa QL AUS Card xx8935 Value Date: 13/09/2025","+366.90"
16/09/2025,"-69.50","Flamingko PTY LTD broadbeach wa AU AUS Card xx8935 Value Date: 13/09/2025","+377.07"
16/09/2025,"-18.00","KMART 1148 ROBINA 04 AUS Card xx8935 Value Date: 13/09/2025","+446.57"
16/09/2025,"-27.40","SQ *KOOCO ESPRESSO BAR Robina QL AUS Card xx8935 Value Date: 13/09/2025","+464.57"
16/09/2025,"-50.00","POST ROBINA POST SHOP ROBINA AUS Card xx8935 Value Date: 13/09/2025","+491.97"
16/09/2025,"-9.90","POST ROBINA POST SHOP ROBINA AUS Card xx8935 Value Date: 13/09/2025","+541.97"
16/09/2025,"-25.30","ZARRAFAS COFFEE NERANG NERANG AUS Card xx8935 Value Date: 13/09/2025","+551.87"
16/09/2025,"-9.95","DAVID JONES PTY LTD BROADBEACH AUS Card xx8935 Value Date: 13/09/2025","+577.17"
16/09/2025,"-59.56","WOOLWORTHS 2764 NERANG QL AUS Card xx8935 Value Date: 14/09/2025","+587.12"
16/09/2025,"-13.99","Spotify P3A83C8417 Sydney AU AUS Card xx8935 Value Date: 14/09/2025","+646.68"
16/09/2025,"-29.99","GLASSONS ROBINA ROBINA QL AUS Card xx8935 Value Date: 13/09/2025","+660.67"
16/09/2025,"-139.00","David Jones Burnley AU AUS Card xx8935 Value Date: 13/09/2025","+690.66"
16/09/2025,"-0.50","NERANG STATION NERANG AUS Card xx8935 Value Date: 13/09/2025","+829.66"
16/09/2025,"-41.50","IKEA LOGAN SLACKS CREEK QL AUS Card xx5231 Value Date: 12/09/2025","+830.16"
16/09/2025,"-14.20","LIME*RIDE DFVJ BARANGAROO NS AUS Card xx5231 Value Date: 10/09/2025","+871.66"
16/09/2025,"-27.60","GYG Nerang Nerang QL AUS Card xx5231 Value Date: 12/09/2025","+885.86"
16/09/2025,"-19.30","ZARRAFAS COFFEE NERANG NERANG AUS Card xx5231 Value Date: 12/09/2025","+913.46"
16/09/2025,"-46.05","Lulu Rooftop Bar Surfers Parad QL AUS Card xx5231 Value Date: 13/09/2025","+932.76"
16/09/2025,"-89.87","BUNNINGS 431000 HIGHLAND PARK AUS Card xx5231 Value Date: 12/09/2025","+978.81"
16/09/2025,"-21.48","POINT PARKING PTY LTD SURFERS PARAD NS AUS Card xx5231 Value Date: 13/09/2025","+1068.68"
16/09/2025,"-40.80","SQ *DIPCRO CHEVRON ISL Surfers Parad QL AUS Card xx5231 Value Date: 15/09/2025","+1090.16"
16/09/2025,"-6.90","NERANG RAIL KIOSK NERANG QL AUS Card xx5231 Value Date: 13/09/2025","+1130.96"
16/09/2025,"-18.00","GOLD COAST CITY 3350 SURFERS PARAD AUS Card xx5231 Value Date: 14/09/2025","+1137.86"
16/09/2025,"-36.00","SEA WORLD CRUISES MAIN BEACH AUS Card xx5231 Value Date: 14/09/2025","+1155.86"
16/09/2025,"-64.00","SEA WORLD CRUISES MAIN BEACH AUS Card xx5231 Value Date: 14/09/2025","+1191.86"
15/09/2025,"-80.39","Direct Debit 142038 BUDGET DIRECT 120249620139781989","+1255.86"
14/09/2025,"-400.00","Transfer to xx8243 CommBank app","+1336.25"
13/09/2025,"-1200.00","Transfer to xx8243 CommBank app","+1736.25"
13/09/2025,"-50.66","COLES 4501 NERANG 04 AUS Card xx5231 Value Date: 11/09/2025","+2936.25"
13/09/2025,"-5.20","JB Harbour Town Biggera Water QL AUS Card xx5231 Value Date: 11/09/2025","+2986.91"
13/09/2025,"-28.10","Cafe Catalina Southport QL AUS Card xx5231 Value Date: 11/09/2025","+2992.11"
13/09/2025,"-7.99","EUROFOOD SHOP NERANG AUS Card xx5231 Value Date: 11/09/2025","+3020.21"
13/09/2025,"-3.98","GIANT CHEMIST HARBOUR BIGGERA WATER AUS Card xx8935 Value Date: 11/09/2025","+3028.20"
12/09/2025,"-200.00","Transfer to xx8243 CommBank app","+3032.18"
12/09/2025,"-500.00","Transfer to xx8243 CommBank app","+3232.18"
12/09/2025,"-45.00","HEALTHY PETS PLUS","+3732.18"
12/09/2025,"+3500.00","Fast Transfer From MICHEL EDUBAS To joint","+3777.18"
12/09/2025,"-2.84","EasyPark","+277.18"
11/09/2025,"-50.03","Direct Debit 389998 Pet Insurance 90018904","+280.02"
11/09/2025,"-90.00","Transfer To Mariana Groth da silva PayID Phone from CommBank App Anastasia","+330.05"
11/09/2025,"-6.00","INUGO 800CFK Surfers Parad QL AUS Card xx5231 Value Date: 08/09/2025","+420.05"
11/09/2025,"-23.20","COLES 4368 BROADBEACH 04 AUS Card xx5231 Value Date: 08/09/2025","+426.05"
11/09/2025,"-19.40","TUGUN MARKET TUGUN AUS Card xx5231 Value Date: 09/09/2025","+449.25"
10/09/2025,"-30.20","GUZMAN Y GOMEZ SURRY HILLS NS AUS Card xx8935 Value Date: 07/09/2025","+468.65"
10/09/2025,"-28.60","GUZMAN Y GOMEZ SURRY HILLS NS AUS Card xx8935 Value Date: 06/09/2025","+498.85"
10/09/2025,"-86.89","DODO SERVICES PTY LTD MELBOURNE VI AUS Card xx5231 Value Date: 06/09/2025","+527.45"
10/09/2025,"-630.00","Transfer to other Bank NetBank 102701","+614.34"
10/09/2025,"-3.63","EasyPark","+1244.34"
09/09/2025,"-123.00","Loan Repayment LN REPAY 472766573","+1247.97"
09/09/2025,"+1200.00","Transfer from xx9058 CommBank app","+1370.97"
09/09/2025,"-15.00","Overdraw Fee For exceeding available funds on 08 Sep","+170.97"
09/09/2025,"-20.00","AMAYSIM MOBILE PTY LTD","+185.97"
09/09/2025,"-15.91","Burleigh Pavilion Burleigh Head QL AUS Card xx8935 Value Date: 05/09/2025","+205.97"
09/09/2025,"-106.24","Burleigh Pavilion Burleigh Head QL AUS Card xx8935 Value Date: 05/09/2025","+221.88"
09/09/2025,"-18.00","WOOLWORTHS 2523 HAMILTON QL AUS Card xx8935 Value Date: 05/09/2025","+328.12"
09/09/2025,"-18.69","NORTH BURLEIGH SURF LI MIAMI AUS Card xx8935 Value Date: 04/09/2025","+346.12"
09/09/2025,"-26.00","HSW Events Brisbane QL AUS Card xx8935 Value Date: 06/09/2025","+364.81"
09/09/2025,"-12.46","NORTH BURLEIGH SURF LI MIAMI AUS Card xx8935 Value Date: 05/09/2025","+390.81"
09/09/2025,"-32.27","EG GROUP 2287 ORMEAU QL AUS Card xx5231 Value Date: 05/09/2025","+403.27"
09/09/2025,"-42.00","FIRST PARKING AM60 BRISBANE AU AUS Card xx5231 Value Date: 05/09/2025","+435.54"
09/09/2025,"-171.30","INTERSECTION PROJECT Brisbane City QL AUS Card xx5231 Value Date: 05/09/2025","+477.54"
09/09/2025,"-25.00","BAC PARKING ASCOT AUS Card xx5231 Value Date: 05/09/2025","+648.84"
09/09/2025,"-27.43","SQ *MUNCHEEZ Helensvale QL AUS Card xx5231 Value Date: 06/09/2025","+673.84"
09/09/2025,"-27.00","HSW Events Brisbane QL AUS Card xx5231 Value Date: 06/09/2025","+701.27"
09/09/2025,"-3.52","News Travels Eagle Farm QL AUS Card xx5231 Value Date: 05/09/2025","+728.27"
09/09/2025,"-10.00","TOP DOG TOBACCONIST HELENSVALE QL AUS Card xx5231 Value Date: 06/09/2025","+731.79"
09/09/2025,"-16.90","COLES 4583 MIAMI 04 AUS Card xx5231 Value Date: 07/09/2025","+741.79"
09/09/2025,"-6.10","ZARRAFAS COFFEE NERANG NERANG AUS Card xx5231 Value Date: 07/09/2025","+758.69"
09/09/2025,"-9.50","BOOST JUICE - HARBOUR BIGGERA WATER AUS Card xx5231 Value Date: 07/09/2025","+764.79"
09/09/2025,"-0.50","NERANG STATION NERANG AUS Card xx5231 Value Date: 06/09/2025","+774.29"
08/09/2025,"-40.00","Transfer To Mariia Kartuzova CommBank App Love","+774.79"
07/09/2025,"+100.00","Transfer from xx9058 CommBank app","+814.79"
07/09/2025,"-20.00","AMAYSIM MOBILE PTY LTD","+714.79"
07/09/2025,"-60.00","Transfer to xx9058 CommBank app","+734.79"
07/09/2025,"+20.00","Transfer from xx1300 CommBank app","+794.79"
06/09/2025,"-1000.00","Wdl ATM CBA ATM HELENSVALE C QLD 447403 AUS","+774.79"
06/09/2025,"+1000.00","Transfer from xx9058 CommBank app","+1774.79"
06/09/2025,"-3100.00","Transfer to xx1300 CommBank app","+774.79"
06/09/2025,"-250.00","Transfer To Mariia Kartuzova CommBank App Anastasia","+3874.79"
06/09/2025,"+500.00","Transfer from xx1300 CommBank app","+4124.79"
06/09/2025,"-5.89","SQ *KOOCO ESPRESSO BAR Robina QL AUS Card xx8935 Value Date: 04/09/2025","+3624.79"
06/09/2025,"-14.92","SQ *KOOCO ESPRESSO BAR Robina QL AUS Card xx8935 Value Date: 04/09/2025","+3630.68"
06/09/2025,"-65.00","REENA MEHTA ROBINA AUS Card xx8935 Value Date: 04/09/2025","+3645.60"
06/09/2025,"-11.46","NORTH BURLEIGH SURF LI MIAMI AUS Card xx8935 Value Date: 03/09/2025","+3710.60"
06/09/2025,"-7.22","SQ *GLOBE TROTTERS TRA Mudgeeraba QL AUS Card xx5231 Value Date: 04/09/2025","+3722.06"
06/09/2025,"-30.54","VMT SERVO GROUP PTY CURRUMBIN WAT QL AUS Card xx5231 Value Date: 04/09/2025","+3729.28"
06/09/2025,"-39.53","ALDI STORES MIAMI AUS Card xx5231 Value Date: 04/09/2025","+3759.82"
06/09/2025,"-60.00","SPER QLD TREASURY BRISBANE AUS Card xx5231 Value Date: 05/09/2025","+3799.35"
06/09/2025,"-0.74","EasyPark","+3859.35"
05/09/2025,"-32.62","WWW.ALHGROUP.COM* ME&U SYDNEY NS AUS Card xx8935 Value Date: 03/09/2025","+3860.09"
05/09/2025,"-20.28","Mondrian GC SPI Burleigh Head QL AUS Card xx8935 Value Date: 02/09/2025","+3892.71"
05/09/2025,"-11.17","Pretty Handsome Burleigh Head AU AUS Card xx8935 Value Date: 03/09/2025","+3912.99"
05/09/2025,"-27.82","ALDI STORES MIAMI AUS Card xx8935 Value Date: 03/09/2025","+3924.16"
05/09/2025,"-50.00","ALH VENUES 8263 MIAMI QL AUS Card xx5231 Value Date: 03/09/2025","+3951.98"
05/09/2025,"-7.28","LS Linktest PTY LTD Broadbeach AU AUS Card xx5231 Value Date: 03/09/2025","+4001.98"
05/09/2025,"-12.49","The Coffee Club Pacifi Broadbeach QL AUS Card xx5231 Value Date: 02/09/2025","+4009.26"
05/09/2025,"-31.00","ALH VENUES 8263 MIAMI QL AUS Card xx5231 Value Date: 03/09/2025","+4021.75"
04/09/2025,"-15.00","AMAYSIM MOBILE PTY LTD","+4052.75"
04/09/2025,"+2500.00","Transfer from xx1300 CommBank app","+4067.75"
04/09/2025,"-20.00","Transfer to xx9058 CommBank app","+1567.75"
04/09/2025,"-32.60","GUZMAN Y GOMEZ SURRY HILLS NS AUS Card xx8935 Value Date: 02/09/2025","+1587.75"
04/09/2025,"-8.11","Finn Poke Burleigh Burleigh Head AU AUS Card xx8935 Value Date: 02/09/2025","+1620.35"
04/09/2025,"-11.00","PLINEPH ROBINA UPPER ROBINA TOWN C AUS Card xx8935 Value Date: 01/09/2025","+1628.46"
04/09/2025,"-15.04","ALDI STORES MIAMI AUS Card xx8935 Value Date: 01/09/2025","+1639.46"
04/09/2025,"-7.10","ZARRAFAS COFFEE NERANG NERANG AUS Card xx8935 Value Date: 02/09/2025","+1654.50"
04/09/2025,"-0.91","International Transaction Fee Value Date: 02/09/2025","+1661.60"
04/09/2025,"-26.05","DREAMHOST DH-FEE.COM CA USA Card xx5231 USD 16.99 Value Date: 01/09/2025","+1662.51"
04/09/2025,"-20.00","BurleighHeadsTobacco Burleigh Head AU AUS Card xx5231 Value Date: 02/09/2025","+1688.56"
04/09/2025,"-9.04","ALDI STORES MIAMI AUS Card xx5231 Value Date: 02/09/2025","+1708.56"
04/09/2025,"-1.23","EasyPark","+1717.60"
03/09/2025,"-171.80","Direct Debit 613602 QP EMF RobinaHom DT.4htvj9 QKP_QP E","+1718.83"
03/09/2025,"-49.00","Beauty Studio","+1890.63"
03/09/2025,"-49.00","Beauty Studio","+1939.63"
03/09/2025,"-200.00","Transfer To FLOWER HAUL CommBank App 1156","+1988.63"
03/09/2025,"+1000.00","Transfer from xx9058 CommBank app","+2188.63"
03/09/2025,"-16.99","H&M HENNES & MAURITZ QLD AU AUS Card xx8935 Value Date: 01/09/2025","+1188.63"
03/09/2025,"-45.00","SQ *HOUSE OF MOTION PT Miami QL AUS Card xx8935 Value Date: 01/09/2025","+1205.62"
03/09/2025,"-14.05","MessinaSurfersParadis Surfers Parad QL AUS Card xx8935 Value Date: 01/09/2025","+1250.62"
03/09/2025,"-27.51","SQ *KOOCO ESPRESSO BAR Robina QL AUS Card xx8935 Value Date: 01/09/2025","+1264.67"
03/09/2025,"-49.00","HOUSE OF MOTION MIAMI QU AUS Card xx8935 Value Date: 01/09/2025","+1292.18"
03/09/2025,"-49.00","HOUSE OF MOTION MIAMI QU AUS Card xx8935 Value Date: 01/09/2025","+1341.18"
03/09/2025,"-19.59","AVI MISHTLER AND ZEVIT BYANGUM NS AUS Card xx8935 Value Date: 31/08/2025","+1390.18"
03/09/2025,"-21.01","SMP*Hero Sushi Robina Robina AU AUS Card xx8935 Value Date: 01/09/2025","+1409.77"
03/09/2025,"-16.68","NORTH BURLEIGH SURF LI MIAMI AUS Card xx8935 Value Date: 31/08/2025","+1430.78"
03/09/2025,"-9.90","DAITO QUEENSLAND PTY L ROBINA AU AUS Card xx5231 Value Date: 01/09/2025","+1447.46"
03/09/2025,"-185.48","PETBARN BURLEIGH HEAD AUS Card xx5231 Value Date: 29/08/2025","+1457.36"
03/09/2025,"-51.96","GIANT CHEMIST HARBOUR BIGGERA WATER AUS Card xx5231 Value Date: 30/08/2025","+1642.84"
03/09/2025,"-6.18","GIANT CHEMIST HARBOUR BIGGERA WATER AUS Card xx5231 Value Date: 30/08/2025","+1694.80"
03/09/2025,"-57.17","ALDI STORES MIAMI AUS Card xx5231 Value Date: 29/08/2025","+1700.98"
03/09/2025,"-2.00","POST ROBINA POST SHOP ROBINA AUS Card xx5231 Value Date: 01/09/2025","+1758.15"
03/09/2025,"-10.00","NORTH BURLEIGH SURF LI MIAMI AUS Card xx5231 Value Date: 31/08/2025","+1760.15"
02/09/2025,"-123.00","Loan Repayment LN REPAY 472766573","+1770.15"
02/09/2025,"+1000.00","Transfer from xx1300 CommBank app","+1893.15"
02/09/2025,"-230.00","Transfer To Jayne Calvert CommBank App @sunnastea","+893.15"
02/09/2025,"-51.84","Morning After West End AU AUS Card xx5231 Value Date: 29/08/2025","+1123.15"
02/09/2025,"-12.80","BCC ON STREET PARKING BRISBANE CITY AUS Card xx5231 Value Date: 29/08/2025","+1174.99"
02/09/2025,"-25.00","BAC PARKING ASCOT AUS Card xx5231 Value Date: 29/08/2025","+1187.79"
02/09/2025,"-12.20","ZARRAFAS COFFEE NERANG NERANG AUS Card xx5231 Value Date: 29/08/2025","+1212.79"
02/09/2025,"-29.99","HALLENSTEIN BROTHERS BIGGERA WATER QL AUS Card xx5231 Value Date: 30/08/2025","+1224.99"
02/09/2025,"-9.50","BOOST JUICE HARBOUR T Biggera Water QL AUS Card xx5231 Value Date: 30/08/2025","+1254.98"
02/09/2025,"-31.54","SQ *DUNAV SMALLGOODS P Bundall QL AUS Card xx5231 Value Date: 31/08/2025","+1264.48"
02/09/2025,"-76.00","LIQUORLAND 6653 MIAMI 04 AUS Card xx5231 Value Date: 31/08/2025","+1296.02"
02/09/2025,"-6.50","COLES 4368 BROADBEACH 04 AUS Card xx5231 Value Date: 31/08/2025","+1372.02"
02/09/2025,"-7.41","SQ *PASSIONTREE VELVET Broadbeach QL AUS Card xx5231 Value Date: 31/08/2025","+1378.52"
02/09/2025,"-2.02","CHOICE DISCOUNT STORE MERMAID WATER QL AUS Card xx5231 Value Date: 31/08/2025","+1385.93"
02/09/2025,"-24.99","Q SUPERCENTRE AMCALQPS MERMAID WATER AUS Card xx5231 Value Date: 31/08/2025","+1387.95"
02/09/2025,"-16.36","NORTH BURLEIGH SURF LI MIAMI AUS Card xx5231 Value Date: 30/08/2025","+1412.94"
02/09/2025,"-187.46","YD PTY LTD 407 BIGGERA WATER AUS Card xx5231 Value Date: 30/08/2025","+1429.30"
02/09/2025,"-249.98","TAROCASH PTY LTD 318 BIGGERA WATER AUS Card xx5231 Value Date: 30/08/2025","+1616.76"
02/09/2025,"-20.07","LINKT BRISBANE BRISBANE AUS Card xx5231 Value Date: 30/08/2025","+1866.74"
02/09/2025,"-43.65","COLES 4583 MIAMI 04 AUS Card xx8935 Value Date: 30/08/2025","+1886.81"
02/09/2025,"-7.62","SMP*Three Sons Coffee Benowa AU AUS Card xx8935 Value Date: 31/08/2025","+1930.46"
02/09/2025,"-22.50","PERFECT BROWS","+1938.08"
02/09/2025,"-630.00","Transfer to other Bank NetBank 102701","+1960.58"
02/09/2025,"+1000.00","Transfer from xx9058 CommBank app","+2590.58"
02/09/2025,"-1.62","EasyPark","+1590.58"
01/09/2025,"-80.39","Direct Debit 142038 BUDGET DIRECT 120249620138936974","+1592.20"
31/08/2025,"-90.00","Transfer To Mariana Groth da silva PayID Phone from CommBank App PT Anastasia","+1672.59"
31/08/2025,"-100.00","Wdl ATM CBA ATM MERMAID WTRS A QLD 484401 AUS","+1762.59"
30/08/2025,"-35.76","Transfer to xx8243 CommBank app","+1862.59"
30/08/2025,"+1000.00","Transfer from xx1300 CommBank app","+1898.35"
30/08/2025,"-0.51","THAI SECRET RESTAURANT CARRARA AUS Card xx8935 Value Date: 28/08/2025","+898.35"
30/08/2025,"-4.54","SQ *3GO BURLEIGH Burleigh Head QL AUS Card xx5231 Value Date: 28/08/2025","+898.86"
30/08/2025,"-20.00","BurleighHeadsTobacco Burleigh Head AU AUS Card xx5231 Value Date: 28/08/2025","+903.40"
30/08/2025,"-8.50","7-ELEVEN 4211 ROBINA QL AUS Card xx5231 Value Date: 28/08/2025","+923.40"
30/08/2025,"-69.46","THAI SECRET RESTAURANT CARRARA AUS Card xx5231 Value Date: 28/08/2025","+931.90"
29/08/2025,"-29.90","Direct Debit 010758 AHM 52803464","+1001.36"
29/08/2025,"+50.00","Fast Transfer From AGEING WITH GRACE LTD Inv 004 with thanks","+1031.26"
29/08/2025,"-27.30","GYG Nerang Nerang QL AUS Card xx5231 Value Date: 27/08/2025","+981.26"
29/08/2025,"-6.40","STARBUCKS COFFEE D00 BROADBEACH QL AUS Card xx5231 Value Date: 26/08/2025","+1008.56"
29/08/2025,"-100.49","TRANSPORTMAINRDS BRISBANE AUS Card xx5231 Value Date: 27/08/2025","+1014.96"
29/08/2025,"-268.31","TRANSPORTMAINRDS BRISBANE AUS Card xx5231 Value Date: 27/08/2025","+1115.45"
29/08/2025,"-749.25","TRANSPORTMAINRDS BRISBANE AUS Card xx5231 Value Date: 27/08/2025","+1383.76"
29/08/2025,"-55.00","SQ *SAM MARKET Molendinar QL AUS Card xx8935 Value Date: 27/08/2025","+2133.01"
29/08/2025,"-30.00","RSL Art Union 130-0775888 QL AUS Card xx8935 Value Date: 27/08/2025","+2188.01"
29/08/2025,"-4.50","EMF NERANG NERANG QL AUS Card xx8935 Value Date: 27/08/2025","+2218.01"
29/08/2025,"-19.00","ANIMAL KINGDOM PL NERANG AUS Card xx8935 Value Date: 27/08/2025","+2222.51"
29/08/2025,"-13.20","ZARRAFAS COFFEE NERANG NERANG AUS Card xx8935 Value Date: 27/08/2025","+2241.51"
28/08/2025,"-50.03","Direct Debit 389998 Pet Insurance 89623969","+2254.71"
28/08/2025,"-30.33","SQ *FRICKEN BROADBEACH Broadbeach QL AUS Card xx5231 Value Date: 26/08/2025","+2304.74"
28/08/2025,"-35.53","WOOLWORTHS 2592 BROADBEACH QL AUS Card xx5231 Value Date: 26/08/2025","+2335.07"
27/08/2025,"+2000.00","Transfer from xx1300 CommBank app","+2370.60"
27/08/2025,"-65.00","PAYPAL *JADEJTHOMP 4029357733 AU AUS Card xx8935 Value Date: 21/08/2025","+370.60"
27/08/2025,"-13.50","SQ *SALTY PLUM JAPANES Bonogin QL AUS Card xx5231 Value Date: 25/08/2025","+435.60"
27/08/2025,"-21.90","GUZMAN Y GOMEZ SURRY HILLS NS AUS Card xx5231 Value Date: 23/08/2025","+449.10"
27/08/2025,"-25.80","CRAFTED COFFEE CO ROBINA QL AUS Card xx5231 Value Date: 24/08/2025","+471.00"
27/08/2025,"-25.48","PETBARN NERANG AUS Card xx5231 Value Date: 22/08/2025","+496.80"
26/08/2025,"-123.00","Loan Repayment LN REPAY 472766573","+522.28"
26/08/2025,"-49.00","Beauty Studio","+645.28"
26/08/2025,"+494.00","Fast Transfer From MICHEL EDUBAS To joint","+694.28"
26/08/2025,"-5.28","WOOLWORTHS 2652 TWEED HEADS NS AUS Card xx5231 Value Date: 22/08/2025","+200.28"
26/08/2025,"-24.00","GUZMAN Y GOMEZ SURRY HILLS NS AUS Card xx5231 Value Date: 22/08/2025","+205.56"
26/08/2025,"-38.68","KUMA RAMEN & BOWL BROADBEACH WA QL AUS Card xx5231 Value Date: 21/08/2025","+229.56"
26/08/2025,"-6.10","ZARRAFAS COFFEE NERANG NERANG AUS Card xx5231 Value Date: 22/08/2025","+268.24"
26/08/2025,"-89.97","WOOLWORTHS 2764 NERANG QL AUS Card xx5231 Value Date: 23/08/2025","+274.34"
26/08/2025,"-29.63","COLES 4501 NERANG 04 AUS Card xx5231 Value Date: 23/08/2025","+364.31"
26/08/2025,"-47.20","GRILL D PTY LTD - TWEE TWEED HEADS S AUS Card xx5231 Value Date: 22/08/2025","+393.94"
26/08/2025,"-35.50","GET TO BIRD SOUTHPORT AUS Card xx5231 Value Date: 24/08/2025","+441.14"
26/08/2025,"-23.68","PLINEPH PACIFIC FAIR BROADBEACH AUS Card xx8935 Value Date: 21/08/2025","+476.64"
26/08/2025,"-35.00","UNIVERSAL STORE BIGGERA WATER QL AUS Card xx8935 Value Date: 23/08/2025","+500.32"
26/08/2025,"-14.20","ZARRAFAS COFFEE NERANG NERANG AUS Card xx8935 Value Date: 23/08/2025","+535.32"
26/08/2025,"-23.97","EUROFOOD SHOP NERANG AUS Card xx8935 Value Date: 23/08/2025","+549.52"
26/08/2025,"-8.65","SQ *HELEN'S HEAVENLY W Burleigh Head QL AUS Card xx8935 Value Date: 24/08/2025","+573.49"
26/08/2025,"-16.50","GYG Robina Robina QL AUS Card xx8935 Value Date: 24/08/2025","+582.14"
26/08/2025,"-71.96","H&M HENNES & MAURITZ QLD AU AUS Card xx8935 Value Date: 24/08/2025","+598.64"
26/08/2025,"-630.00","Transfer to other Bank NetBank 102701","+670.60"
25/08/2025,"-10.00","XRO: XERO CUSTOM CONNE","+1300.60"
23/08/2025,"-22.50","PERFECT BROWS","+1310.60"
23/08/2025,"-8.11","Finn Poke Pacific Fair Broadbeach AU AUS Card xx8935 Value Date: 21/08/2025","+1333.10"
23/08/2025,"-56.00","LA COSMETIQUE Broadbeach Wa QL AUS Card xx8935 Value Date: 21/08/2025","+1341.21"
23/08/2025,"-13.20","ZARRAFAS COFFEE NERANG NERANG AUS Card xx8935 Value Date: 21/08/2025","+1397.21"
22/08/2025,"-90.00","Transfer To Mariana Groth da silva PayID Phone from CommBank App PT Anastasia","+1410.41"
22/08/2025,"-31.25","COLES 4501 NERANG 04 AUS Card xx8935 Value Date: 20/08/2025","+1500.41"
22/08/2025,"-23.00","DEPOP.COM SYDNEY NS AUS Card xx8935 Value Date: 20/08/2025","+1531.66"
22/08/2025,"-12.95","PlayStation Network Sony PSN GBR Card xx5231 AUD 12.95 Value Date: 20/08/2025","+1554.66"
21/08/2025,"-29.90","Direct Debit 010758 AHM 51150161","+1567.61"
21/08/2025,"-69.25","PAPAMACROS* O #86310","+1597.51"
21/08/2025,"-54.45","WOOLWORTHS 2764 NERANG QL AUS Card xx5231 Value Date: 19/08/2025","+1666.76"
20/08/2025,"-171.80","Direct Debit 613602 QP EMF RobinaHom DT.4g2h4l QKP_QP E","+1721.21"
20/08/2025,"-4.54","SQ *3GO BURLEIGH Burleigh Head QL AUS Card xx5231 Value Date: 18/08/2025","+1893.01"
20/08/2025,"-58.11","HOPE ENERGY SOUTHPORT SOUTHPORT QL AUS Card xx5231 Value Date: 17/08/2025","+1897.55"
20/08/2025,"-98.21","Etsy.com*KasonDesignSt Sydney AU AUS Card xx8935 Value Date: 18/08/2025","+1955.66"
20/08/2025,"-10.50","GUZMAN Y GOMEZ SURRY HILLS NS AUS Card xx8935 Value Date: 16/08/2025","+2053.87"
20/08/2025,"-4.40","GUZMAN Y GOMEZ SURRY HILLS NS AUS Card xx8935 Value Date: 16/08/2025","+2064.37"
20/08/2025,"-5.50","EMF ROBINA TOWN CENTRE ROBINA QL AUS Card xx8935 Value Date: 17/08/2025","+2068.77"
19/08/2025,"-123.00","Loan Repayment LN REPAY 472766573","+2074.27"
19/08/2025,"-12.20","ZARRAFAS COFFEE NERANG NERANG AUS Card xx8935 Value Date: 15/08/2025","+2197.27"
19/08/2025,"-2.54","JAS FRIENDS PTY LTD CARRARA QL AUS Card xx8935 Value Date: 16/08/2025","+2209.47"
19/08/2025,"-11.55","ZARRAFAS COFFEE NERANG NERANG AUS Card xx8935 Value Date: 16/08/2025","+2212.01"
19/08/2025,"-5.89","SQ *KOOCO ESPRESSO BAR Robina QL AUS Card xx8935 Value Date: 17/08/2025","+2223.56"
19/08/2025,"-10.00","Hubbl - BINGE North Ryde AU AUS Card xx8935 Value Date: 17/08/2025","+2229.45"
19/08/2025,"-12.99","HARLI AND HARPA PTY LT ROBINA AUS Card xx8935 Value Date: 17/08/2025","+2239.45"
19/08/2025,"-18.80","SQ *MUNCHEEZ Helensvale QL AUS Card xx5231 Value Date: 15/08/2025","+2252.44"
19/08/2025,"-83.98","COLES 4501 NERANG 04 AUS Card xx5231 Value Date: 16/08/2025","+2271.24"
19/08/2025,"-19.97","EUROFOOD SHOP NERANG AUS Card xx5231 Value Date: 16/08/2025","+2355.22"
19/08/2025,"-55.00","SQ *HUMBLE CAFE Southport QL AUS Card xx5231 Value Date: 17/08/2025","+2375.19"
19/08/2025,"-79.40","SQ *SAMURAI MUSCLE MEA Southport QL AUS Card xx5231 Value Date: 17/08/2025","+2430.19"
19/08/2025,"-630.00","Transfer to other Bank NetBank 102701","+2509.59"
19/08/2025,"-1.04","EasyPark","+3139.59"
18/08/2025,"-80.39","Direct Debit 142038 BUDGET DIRECT 120249620138047372","+3140.63"
17/08/2025,"+3000.00","Fast Transfer From MICHEL EDUBAS To joint","+3221.02"
16/08/2025,"+70.00","Transfer from xx9058 CommBank app","+221.02"
16/08/2025,"-14.98","TYPO 4723 ROBINA QL AUS Card xx8935 Value Date: 14/08/2025","+151.02"
16/08/2025,"-5.89","SQ *KOOCO ESPRESSO BAR Robina QL AUS Card xx8935 Value Date: 14/08/2025","+166.00"
16/08/2025,"-17.50","KMART 1148 ROBINA 04 AUS Card xx8935 Value Date: 14/08/2025","+171.89"
16/08/2025,"-20.00","REENA MEHTA ROBINA AUS Card xx8935 Value Date: 14/08/2025","+189.39"
16/08/2025,"-40.00","WOOLWORTHS 2534 ROBINA QL AUS Card xx5231 Value Date: 14/08/2025","+209.39"
16/08/2025,"-13.50","SQ *SALTY PLUM JAPANES Reedy Creek QL AUS Card xx5231 Value Date: 14/08/2025","+249.39"
15/08/2025,"-160.00","Transfer To Mariia Kartuzova CommBank App Anastasia","+262.89"
15/08/2025,"-23.00","BurleighHeadsTobacco Burleigh Head AU AUS Card xx5231 Value Date: 13/08/2025","+422.89"
15/08/2025,"-13.20","ZARRAFAS COFFEE NERANG NERANG AUS Card xx5231 Value Date: 13/08/2025","+445.89"
15/08/2025,"-39.19","COLES 4501 NERANG 04 AUS Card xx8935 Value Date: 13/08/2025","+459.09"
15/08/2025,"-169.65","GLAMACO MMAID WATERS MERMAID WATER QL AUS Card xx8935 Value Date: 12/08/2025","+498.28"
15/08/2025,"-29.30","GUZMAN Y GOMEZ SURRY HILLS NS AUS Card xx8935 Value Date: 13/08/2025","+667.93"
15/08/2025,"-53.88","SP ATHENA NUTRITION MACQUARIE PAR NS AUS Card xx8935 Value Date: 13/08/2025","+697.23"
14/08/2025,"-50.03","Direct Debit 389998 Pet Insurance 89224458","+751.11"
14/08/2025,"-69.25","PAPAMACROS* O #85343","+801.14"
14/08/2025,"-19.00","Transfer to xx8243 CommBank app","+870.39"
14/08/2025,"-100.00","Transfer to xx9058 CommBank app","+889.39"
14/08/2025,"-18.00","WOOLWORTHS 2764 NERANG QL AUS Card xx8935 Value Date: 12/08/2025","+989.39"
14/08/2025,"-112.00","SP VIDA GLOW AU NZ ALEXANDRIA NS AUS Card xx8935 Value Date: 12/08/2025","+1007.39"
14/08/2025,"-24.40","GUZMAN Y GOMEZ SURRY HILLS NS AUS Card xx8935 Value Date: 12/08/2025","+1119.39"
14/08/2025,"-6.00","NATES CAFE NERANG QL AUS Card xx8935 Value Date: 12/08/2025","+1143.79"
13/08/2025,"+790.00","Transfer from xx9058 CommBank app","+1149.79"
13/08/2025,"-630.00","Transfer to other Bank NetBank 102701","+359.79"
13/08/2025,"-5.50","EMF ROBINA TOWN CENTRE ROBINA QL AUS Card xx8935 Value Date: 11/08/2025","+989.79"
13/08/2025,"-6.99","EARTH MARKETS ROBINA ROBINA QL AUS Card xx8935 Value Date: 11/08/2025","+995.29"
13/08/2025,"-10.50","GUZMAN Y GOMEZ SURRY HILLS NS AUS Card xx8935 Value Date: 10/08/2025","+1002.28"
13/08/2025,"-144.00","SP BAREFOOT SHOES AUST COWARAMUP WA AUS Card xx8935 Value Date: 11/08/2025","+1012.78"
13/08/2025,"-7.06","W RETAIL GROUP PTY LTD WERRIBEE AUS Card xx8935 Value Date: 11/08/2025","+1156.78"
12/08/2025,"-123.00","Loan Repayment LN REPAY 472766573","+1163.84"
12/08/2025,"-180.00","Transfer To Mariana Groth da silva PayID Phone from CommBank App PT Anastasia","+1286.84"
12/08/2025,"-45.00","HEALTHY PETS PLUS","+1466.84"
12/08/2025,"-156.99","SP HONEYLOVE LOS ANGELES CA USA Card xx8935 AUD 156.99 Value Date: 08/08/2025","+1511.84"
12/08/2025,"-16.80","FLANNERYS MIAMI MIAMI AU AUS Card xx8935 Value Date: 08/08/2025","+1668.83"
12/08/2025,"-21.15","FLANNERYS MIAMI MIAMI AU AUS Card xx8935 Value Date: 08/08/2025","+1685.63"
12/08/2025,"-25.20","GUZMAN Y GOMEZ SURRY HILLS NS AUS Card xx8935 Value Date: 08/08/2025","+1706.78"
12/08/2025,"-31.14","UBER *TRIP HELP.UBER.C 14518236738 AU AUS Card xx8935 Value Date: 08/08/2025","+1731.98"
12/08/2025,"-33.05","UBER *TRIP HELP.UBER.C 14518236738 AU AUS Card xx8935 Value Date: 08/08/2025","+1763.12"
12/08/2025,"-12.20","ZARRAFAS COFFEE NERANG NERANG AUS Card xx8935 Value Date: 08/08/2025","+1796.17"
12/08/2025,"-53.87","UBER *TRIP HELP.UBER.C 14518236738 AU AUS Card xx8935 Value Date: 09/08/2025","+1808.37"
12/08/2025,"-6.20","UNIVERSAL GAMES Mons AU AUS Card xx8935 Value Date: 09/08/2025","+1862.24"
12/08/2025,"-6.90","Reddy Express 1870Redd Banyo 04 AUS Card xx8935 Value Date: 09/08/2025","+1868.44"
12/08/2025,"-37.96","LS As New For You Pty Mount Coolum AU AUS Card xx8935 Value Date: 10/08/2025","+1875.34"
12/08/2025,"-13.79","WOOLWORTHS 2763 MAROOCHYDORE QL AUS Card xx5231 Value Date: 09/08/2025","+1913.30"
12/08/2025,"-7.30","Yogurt Gelato World BRISBANE AU AUS Card xx5231 Value Date: 09/08/2025","+1927.09"
12/08/2025,"-75.04","SQ *FLO?S CREPERIE MOO Mooloolaba QL AUS Card xx5231 Value Date: 09/08/2025","+1934.39"
12/08/2025,"-47.89","Reddy Express 1870Redd Banyo 04 AUS Card xx5231 Value Date: 09/08/2025","+2009.43"
12/08/2025,"-13.20","ZARRAFAS COFFEE NERANG NERANG AUS Card xx5231 Value Date: 09/08/2025","+2057.32"
12/08/2025,"-19.88","BUNNINGS 431000 HIGHLAND PARK AUS Card xx5231 Value Date: 08/08/2025","+2070.52"
12/08/2025,"-13.03","SQ *ARBOUR RESTAURANT Brisbane City QL AUS Card xx5231 Value Date: 10/08/2025","+2090.40"
12/08/2025,"-61.49","AMAZON AU MARKETPLACE SYDNEY AUS Card xx5231 Value Date: 10/08/2025","+2103.43"
12/08/2025,"-25.98","AMAZON AU MARKETPLACE SYDNEY AUS Card xx5231 Value Date: 10/08/2025","+2164.92"
12/08/2025,"+800.00","Fast Transfer From MICHEL EDUBAS To joint","+2190.90"
09/08/2025,"+25.00","Fast Transfer From SCOTT WHAN to PayID Phone Massaman curry with rice","+1390.90"
09/08/2025,"+40.00","Fast Transfer From DANIEL WHAN to PayID Phone thai","+1365.90"
09/08/2025,"+9.00","Fast Transfer From DIANA REYES ORELLANA Guapa","+1325.90"
09/08/2025,"-34.43","DiDiMobility Sydney AU AUS Card xx8935 Value Date: 07/08/2025","+1316.90"
09/08/2025,"-59.94","BookFace Pacific Fair Broadbeach Wa QL AUS Card xx8935 Value Date: 07/08/2025","+1351.33"
09/08/2025,"-5.88","QUEST COFFEE ROASTERS Burleigh Head QL AUS Card xx8935 Value Date: 07/08/2025","+1411.27"
09/08/2025,"-44.00","SP CLEANBEAUTYMARKET MUDGEERABA QL AUS Card xx8935 Value Date: 07/08/2025","+1417.15"
09/08/2025,"-27.00","HELENS BULK FOODS BURLEIGH HEAD QL AUS Card xx8935 Value Date: 07/08/2025","+1461.15"
09/08/2025,"-13.70","GUZMAN Y GOMEZ SURRY HILLS NS AUS Card xx5231 Value Date: 07/08/2025","+1488.15"
09/08/2025,"-3.50","BUNNINGS 431000 HIGHLAND PARK AUS Card xx5231 Value Date: 06/08/2025","+1501.85"
08/08/2025,"-86.89","DODO SERVICES PTY LTD MELBOURNE VI AUS Card xx5231 Value Date: 06/08/2025","+1505.35"
08/08/2025,"-8.50","7-ELEVEN 4211 ROBINA QL AUS Card xx5231 Value Date: 06/08/2025","+1592.24"
08/08/2025,"-6.50","NATES CAFE NERANG QL AUS Card xx8935 Value Date: 06/08/2025","+1600.74"
08/08/2025,"-8.50","AMPOL NERANG N 11263F NERANG AUS Card xx8935 Value Date: 06/08/2025","+1607.24"
07/08/2025,"-60.85","PAPAMACROS* O #84319","+1615.74"
07/08/2025,"-14.75","ANIMAL KINGDOM PL NERANG AUS Card xx8935 Value Date: 05/08/2025","+1676.59"
07/08/2025,"-29.99","NERANG MY CENTRE CHEMP NERANG AUS Card xx8935 Value Date: 05/08/2025","+1691.34"
07/08/2025,"-29.85","COLES 4501COLES 4501 NERANG 04 AUS Card xx5231 Value Date: 05/08/2025","+1721.33"
07/08/2025,"-13.20","ZARRAFAS COFFEE NERANG NERANG AUS Card xx5231 Value Date: 05/08/2025","+1751.18"
07/08/2025,"-27.97","EUROFOOD SHOP NERANG AUS Card xx5231 Value Date: 05/08/2025","+1764.38"
06/08/2025,"-171.80","Direct Debit 613602 QP EMF RobinaHom DT.4eb1s8 QKP_QP E","+1792.35"
06/08/2025,"+1000.00","Transfer from xx9058 CommBank app","+1964.15"
06/08/2025,"-27.30","GUZMAN Y GOMEZ SURRY HILLS NS AUS Card xx8935 Value Date: 04/08/2025","+964.15"
06/08/2025,"-25.20","GUZMAN Y GOMEZ SURRY HILLS NS AUS Card xx8935 Value Date: 03/08/2025","+991.45"
06/08/2025,"-5.20","GUZMAN Y GOMEZ SURRY HILLS NS AUS Card xx8935 Value Date: 03/08/2025","+1016.65"
06/08/2025,"-75.00","JUST HEALTHY ROBINA QL AUS Card xx8935 Value Date: 01/08/2025","+1021.85"
06/08/2025,"-31.99","PLINEPH HELENSVALE HELENSVALE AUS Card xx8935 Value Date: 02/08/2025","+1096.85"
06/08/2025,"-30.12","ALDI STORES ROBINA AUS Card xx8935 Value Date: 03/08/2025","+1128.84"
06/08/2025,"-35.50","SPOTLIGHT 039 ASHMORE QL AUS Card xx5231 Value Date: 02/08/2025","+1158.96"
06/08/2025,"-52.10","JUST HEALTHY ROBINA QL AUS Card xx5231 Value Date: 01/08/2025","+1194.46"
05/08/2025,"-123.00","Loan Repayment LN REPAY 472766573","+1246.56"
05/08/2025,"-49.98","H&M HENNES & MAURITZ QLD AU AUS Card xx8935 Value Date: 01/08/2025","+1369.56"
05/08/2025,"-209.70","UNIQLO ROBINA Robina AU AUS Card xx8935 Value Date: 01/08/2025","+1419.54"
05/08/2025,"-15.00","KMART 1148KMART 1148 ROBINA 04 AUS Card xx8935 Value Date: 01/08/2025","+1629.24"
05/08/2025,"-7.99","COTTON ON BODY 4435 ROBINA QL AUS Card xx8935 Value Date: 01/08/2025","+1644.24"
05/08/2025,"-10.50","GUZMAN Y GOMEZ SURRY HILLS NS AUS Card xx8935 Value Date: 01/08/2025","+1652.23"
05/08/2025,"-15.90","SQ *FISHBOWL ROBINA Robina QL AUS Card xx8935 Value Date: 01/08/2025","+1662.73"
05/08/2025,"-69.00","SQ *CHARCOAL ! ROBINA Robina QL AUS Card xx8935 Value Date: 01/08/2025","+1678.63"
05/08/2025,"-58.50","SQ *CHARCOAL ! ROBINA Robina QL AUS Card xx8935 Value Date: 01/08/2025","+1747.63"
05/08/2025,"-58.75","SP OZ HAIR BEAUTY MIRANDA NS AUS Card xx8935 Value Date: 01/08/2025","+1806.13"
05/08/2025,"-79.00","SP EARLY SETTLER AUSTR KEYSBOROUGH VI AUS Card xx8935 Value Date: 01/08/2025","+1864.88"
05/08/2025,"-3.50","KMART 1179KMART 1179 HELENSVALE 04 AUS Card xx8935 Value Date: 02/08/2025","+1943.88"
05/08/2025,"-26.49","HOUSE HELENSVALE HELENSVALE QL AUS Card xx8935 Value Date: 02/08/2025","+1947.38"
05/08/2025,"-24.99","COTTON ON 4923 ROBINA QL AUS Card xx8935 Value Date: 03/08/2025","+1973.87"
05/08/2025,"-19.99","GLASSONS ROBINA ROBINA QL AUS Card xx8935 Value Date: 03/08/2025","+1998.86"
05/08/2025,"-14.25","DUSK AUSTRALASIA PTY HELENSVALE AUS Card xx8935 Value Date: 02/08/2025","+2018.85"
05/08/2025,"-47.98","PHARMACY DIRECT MOLENDINAR AUS Card xx8935 Value Date: 04/08/2025","+2033.10"
05/08/2025,"-12.80","ZARRAFAS COFFEE NERANG NERANG AUS Card xx5231 Value Date: 01/08/2025","+2081.08"
05/08/2025,"-75.91","BUNNINGS 431000 HIGHLAND PARK AUS Card xx5231 Value Date: 31/07/2025","+2093.88"
05/08/2025,"-0.93","International Transaction Fee Value Date: 02/08/2025","+2169.79"
05/08/2025,"-26.45","DREAMHOST DH-FEE.COM CA USA Card xx5231 USD 16.99 Value Date: 01/08/2025","+2170.72"
05/08/2025,"-13.72","SQ *MUNCHEEZ Helensvale QL AUS Card xx5231 Value Date: 02/08/2025","+2197.17"
05/08/2025,"-27.43","SQ *MUNCHEEZ Helensvale QL AUS Card xx5231 Value Date: 02/08/2025","+2210.89"
05/08/2025,"-58.41","WOOLWORTHS 2645 ROBINA QL AUS Card xx5231 Value Date: 03/08/2025","+2238.32"
05/08/2025,"-5.25","ZARRAFAS COFFEE NERANG NERANG AUS Card xx5231 Value Date: 02/08/2025","+2296.73"
05/08/2025,"-3.02","METRO NERANG - INSTORE NERANG QL AUS Card xx5231 Value Date: 04/08/2025","+2301.98"
05/08/2025,"-630.00","Transfer to other Bank NetBank 102701","+2305.00"
04/08/2025,"-80.39","Direct Debit 142038 BUDGET DIRECT 120249620137194143","+2935.00"
02/08/2025,"-99.74","FIVERR.COM CYPRUS CYP Card xx8935 AUD 99.74 Value Date: 31/07/2025","+3015.39"
02/08/2025,"-0.80","OFFICEWORKS 0422OFFICE NERANG 04 AUS Card xx5231 Value Date: 31/07/2025","+3115.13"
02/08/2025,"-17.98","PlayStation Network Sony PSN GBR Card xx5231 AUD 17.98 Value Date: 31/07/2025","+3115.93"
02/08/2025,"-15.50","GUZMAN Y GOMEZ SURRY HILLS NS AUS Card xx5231 Value Date: 31/07/2025","+3133.91"
01/08/2025,"-1000.00","Transfer to xx6573 CommBank app","+3149.41"
01/08/2025,"+3000.00","Fast Transfer From MARIA LIZA CALLAGHAN wedding reception Contributions","+4149.41"
01/08/2025,"+244.38","Return SP ELLIATT SURRY HILLS NS AUS Card xx8935 Value Date: 29/07/2025","+1149.41"
01/08/2025,"-90.00","Transfer To Mariana Groth da silva PayID Phone from CommBank App Anastasia Romanova","+905.03"
01/08/2025,"-12.80","ZARRAFAS COFFEE NERANG NERANG AUS Card xx5231 Value Date: 30/07/2025","+995.03"
31/07/2025,"-49.91","Direct Debit 389998 Pet Insurance 88835396","+1007.83"
31/07/2025,"-166.25","PAPAMACROS* O #83335","+1057.74"
31/07/2025,"-4.80","FLANNERYS MIAMI MIAMI AU AUS Card xx8935 Value Date: 29/07/2025","+1223.99"
31/07/2025,"-4.20","FLANNERYS MIAMI MIAMI AU AUS Card xx8935 Value Date: 29/07/2025","+1228.79"
31/07/2025,"-10.99","CHEMIST WAREHOUSE NERANG QL AUS Card xx8935 Value Date: 29/07/2025","+1232.99"
31/07/2025,"-15.99","DAN MURPHY'S 2419 NERANG QL AUS Card xx5231 Value Date: 29/07/2025","+1243.98"
31/07/2025,"-94.90","GHANDA SURFERS PARAD AUS Card xx5231 Value Date: 28/07/2025","+1259.97"
30/07/2025,"+1000.00","Transfer from xx9058 CommBank app","+1354.87"
30/07/2025,"-30.00","RSL Art Union 130-0775888 QL AUS Card xx8935 Value Date: 27/07/2025","+354.87"
30/07/2025,"-17.40","GUZMAN Y GOMEZ SURRY HILLS NS AUS Card xx8935 Value Date: 26/07/2025","+384.87"
29/07/2025,"-29.90","Direct Debit 010758 AHM 52803464","+402.27"
29/07/2025,"-123.00","Loan Repayment LN REPAY 472766573","+432.17"
29/07/2025,"-175.00","The Trustee for Mitra Carrara QL AUS Card xx8935 Value Date: 25/07/2025","+555.17"
29/07/2025,"-34.20","Etsy.com*theringboxcol Sydney AU AUS Card xx8935 Value Date: 26/07/2025","+730.17"
29/07/2025,"-18.81","GOLDEN DUCK BBQ KITCHE BIGGERA WATER AU AUS Card xx5231 Value Date: 25/07/2025","+764.37"
29/07/2025,"-2.50","BFSW PTY LTD SOUTHPORT QL AUS Card xx5231 Value Date: 24/07/2025","+783.18"
29/07/2025,"-16.76","SQ *MILLERS ESPRESSO Mudgeeraba QL AUS Card xx5231 Value Date: 25/07/2025","+785.68"
29/07/2025,"-13.44","BUNNINGS 431000 HIGHLAND PARK AUS Card xx5231 Value Date: 24/07/2025","+802.44"
29/07/2025,"-20.68","OFFICEWORKS 0422OFFICE NERANG 04 AUS Card xx5231 Value Date: 26/07/2025","+815.88"
29/07/2025,"-11.20","ZARRAFAS COFFEE NERANG NERANG AUS Card xx5231 Value Date: 26/07/2025","+836.56"
29/07/2025,"-14.55","OFFICEWORKS 0440OFFICE ROBINA 04 AUS Card xx5231 Value Date: 27/07/2025","+847.76"
29/07/2025,"-32.97","BUNNINGS 431000 HIGHLAND PARK AUS Card xx5231 Value Date: 26/07/2025","+862.31"
29/07/2025,"-630.00","Transfer to other Bank NetBank 102701","+895.28"
28/07/2025,"-5.90","ZARRAFAS COFFEE NERANG NERANG AU","+1525.28"
28/07/2025,"+600.00","Fast Transfer From MICHEL EDUBAS To joint","+1531.18"
27/07/2025,"-58.70","COLES 4501 NERANG AU","+931.18"
27/07/2025,"-37.55","EUROFOOD SHOP NERANG AU","+989.88"
27/07/2025,"-13.30","SMP*Hero Sushi Robina Robina04 AU","+1027.43"
27/07/2025,"-13.40","BARBOSA FINE FOOD DELI ROBINA AU","+1040.73"
26/07/2025,"-126.00","GLOBAL-E* SKIMS MELBOURNE VI AUS Card xx8935 Value Date: 24/07/2025","+1054.13"
26/07/2025,"-12.99","FLANNERYS ROBINA ROBINA AU AUS Card xx5231 Value Date: 24/07/2025","+1180.13"
26/07/2025,"-579.13","Snap Print Robina Robina AU AUS Card xx5231 Value Date: 24/07/2025","+1193.12"
26/07/2025,"-13.50","SQ *SALTY PLUM JAPANES Mudgeeraba QL AUS Card xx5231 Value Date: 24/07/2025","+1772.25"
25/07/2025,"-10.00","XRO: XERO CUSTOM CONNE","+1785.75"
25/07/2025,"-9.14","Machi Machi Harbour T Biggera WaterAU","+1795.75"
25/07/2025,"-17.17","SQ *TANDOORI EATS Biggera Water AU","+1804.89"
25/07/2025,"+125.10","Refund Purchase Medicare Benefit","+1822.06"
25/07/2025,"-20.00","PERFECT BROWS","+1696.96"
25/07/2025,"-5.55","LS Stellarossa Nerang Nerang AU AUS Card xx8935 Value Date: 23/07/2025","+1716.96"
25/07/2025,"-17.40","GUZMAN Y GOMEZ SURRY HILLS NS AUS Card xx8935 Value Date: 23/07/2025","+1722.51"
25/07/2025,"-233.96","PETBARN NERANG AUS Card xx8935 Value Date: 22/07/2025","+1739.91"
25/07/2025,"-18.30","TERRYWHITE CHEMMART NE NERANG AUS Card xx8935 Value Date: 23/07/2025","+1973.87"
25/07/2025,"-49.78","SQ *HANAKYO Nerang QL AUS Card xx5231 Value Date: 23/07/2025","+1992.17"
25/07/2025,"-130.42","ALINTA ENERGY SYDNEY NS AUS Card xx5231 Value Date: 23/07/2025","+2041.95"
24/07/2025,"-65.40","PAPAMACROS* O #82345","+2172.37"
24/07/2025,"-22.26","CHEMIST WAREHOUSE NERANG QL AUS Card xx8935 Value Date: 22/07/2025","+2237.77"
24/07/2025,"-2.20","CIRCUM VENDING MENTONE VI AUS Card xx8935 Value Date: 22/07/2025","+2260.03"
24/07/2025,"-23.50","RED ROOSTER WORONGAR WORONGARY QL AUS Card xx5231 Value Date: 22/07/2025","+2262.23"
24/07/2025,"-8.50","7-ELEVEN 4211 ROBINA QL AUS Card xx5231 Value Date: 22/07/2025","+2285.73"
24/07/2025,"-11.15","ZARRAFFAS COFFEE WORON WORONGARY AUS Card xx5231 Value Date: 22/07/2025","+2294.23"
23/07/2025,"-171.80","Direct Debit 613602 QP EMF RobinaHom DT.4clgen QKP_QP E","+2305.38"
23/07/2025,"-7.00","SQ *SALTY PLUM JAPANES Mudgeeraba QL AUS Card xx5231 Value Date: 21/07/2025","+2477.18"
23/07/2025,"-68.64","HOPE ENERGY BIGGERA ARUNDEL QL AUS Card xx5231 Value Date: 18/07/2025","+2484.18"
23/07/2025,"-25.20","GUZMAN Y GOMEZ SURRY HILLS NS AUS Card xx8935 Value Date: 21/07/2025","+2552.82"
23/07/2025,"-13.40","GUZMAN Y GOMEZ SURRY HILLS NS AUS Card xx8935 Value Date: 20/07/2025","+2578.02"
23/07/2025,"-274.00","SP ELLIATT SURRY HILLS NS AUS Card xx8935 Value Date: 21/07/2025","+2591.42"
23/07/2025,"+1000.00","Transfer from xx9058 CommBank app","+2865.42"
22/07/2025,"-123.00","Loan Repayment LN REPAY 472766573","+1865.42"
22/07/2025,"-630.00","Transfer to other Bank NetBank 102701","+1988.42"
22/07/2025,"-15.99","DAN MURPHY'S 2419 NERANG QL AUS Card xx5231 Value Date: 18/07/2025","+2618.42"
22/07/2025,"-30.80","WOOLWORTHS 2764 NERANG QL AUS Card xx5231 Value Date: 18/07/2025","+2634.41"
22/07/2025,"-25.50","THE TRUSTEE FOR NOURIS NERANG AU AUS Card xx5231 Value Date: 18/07/2025","+2665.21"
22/07/2025,"-2.52","FREECHOICE NERANG NERANG AU AUS Card xx5231 Value Date: 18/07/2025","+2690.71"
22/07/2025,"-7.09","SUSHI DAY NERANG QL AUS Card xx5231 Value Date: 18/07/2025","+2693.23"
22/07/2025,"-39.99","CBeach Coomera Coomera AU AUS Card xx5231 Value Date: 19/07/2025","+2700.32"
22/07/2025,"-43.44","Bam Bam Korean Coomera QL AUS Card xx5231 Value Date: 19/07/2025","+2740.31"
22/07/2025,"-5.90","SQ *MADE WITH LOVE BAK Southport QL AUS Card xx5231 Value Date: 19/07/2025","+2783.75"
22/07/2025,"-5.89","Vish Fruit & Veg Nerang QL AUS Card xx5231 Value Date: 18/07/2025","+2789.65"
22/07/2025,"-6.00","WESTFIELD COOMERA COOMERA AUS Card xx5231 Value Date: 19/07/2025","+2795.54"
22/07/2025,"-12.95","PlayStation Network Sony PSN GBR Card xx5231 AUD 12.95 Value Date: 20/07/2025","+2801.54"
22/07/2025,"-45.38","SQ *PHO VK BROADBEACH Broadbeach QL AUS Card xx5231 Value Date: 20/07/2025","+2814.49"
22/07/2025,"-5.84","The Coffee Club Coomer Coomera QL AUS Card xx5231 Value Date: 19/07/2025","+2859.87"
22/07/2025,"-150.00","Mecca Brands Pty Ltd RICHMOND AU AUS Card xx8935 Value Date: 18/07/2025","+2865.71"
21/07/2025,"-29.90","Direct Debit 010758 AHM 51150161","+3015.71"
21/07/2025,"-80.39","Direct Debit 142038 BUDGET DIRECT 120249620136319764","+3045.61"
21/07/2025,"-24.30","COLES 4501 NERANG AU","+3126.00"
20/07/2025,"-104.80","COLES 4368 BROADBEACH AU","+3150.30"
20/07/2025,"-69.00","SQ *CHARCOAL | PACIFIC Broadbeach Wa AU","+3255.10"
20/07/2025,"-14.00","KMART 1032 BROADBEACH AU","+3324.10"
19/07/2025,"-5.80","The Coffee Club Coomera 129 Foxwell RAU","+3338.10"
19/07/2025,"-49.00","Maxima Coomera Brisbane AU","+3343.90"
19/07/2025,"-31.60","HEALTHYWORLD PHARMACY COOMERA AU","+3392.90"
19/07/2025,"-85.00","The Trustee for Mitra Carrara QL AUS Card xx8935 Value Date: 17/07/2025","+3424.50"
19/07/2025,"-10.00","Hubbl - BINGE North Ryde AU AUS Card xx8935 Value Date: 17/07/2025","+3509.50"
19/07/2025,"-47.75","SQ *HANAKYO Nerang QL AUS Card xx5231 Value Date: 17/07/2025","+3519.50"
19/07/2025,"-6.00","7-ELEVEN 4211 ROBINA QL AUS Card xx5231 Value Date: 17/07/2025","+3567.25"
18/07/2025,"-17.17","FEEKA'S PATISSERIE HELENSVALE QLD AU","+3573.25"
17/07/2025,"-44.23","Direct Debit 389998 Pet Insurance 88412137","+3590.42"
17/07/2025,"-133.90","PAPAMACROS* O #81438","+3634.65"
17/07/2025,"+43.90","Refund Purchase Medicare Benefit","+3768.55"
17/07/2025,"-13.00","DAN MURPHY'S 2419 NERANG QL AUS Card xx5231 Value Date: 15/07/2025","+3724.65"
17/07/2025,"-26.00","COLES 4501COLES 4501 NERANG 04 AUS Card xx5231 Value Date: 15/07/2025","+3737.65"
17/07/2025,"-98.00","PETBARN NERANG AUS Card xx5231 Value Date: 14/07/2025","+3763.65"
17/07/2025,"-15.70","MCDONALDS DT 0865 SOUTHPORT AUS Card xx5231 Value Date: 14/07/2025","+3861.65"
16/07/2025,"-843.11","Transfer to xx8243 CommBank app","+3877.35"
16/07/2025,"-8.62","SUSHI PACIFIC PTY LTD BROADBEACH WA AUS Card xx8935 Value Date: 13/07/2025","+4720.46"
16/07/2025,"-4.97","SUSHI PACIFIC PTY LTD BROADBEACH WA AUS Card xx8935 Value Date: 13/07/2025","+4729.08"
16/07/2025,"-139.90","SEC*PURE WATER SYSTEMS BURLEIGH HEAD QL AUS Card xx5231 Value Date: 14/07/2025","+4734.05"
16/07/2025,"-10.00","SQ *SALTY PLUM JAPANES Mudgeeraba QL AUS Card xx5231 Value Date: 14/07/2025","+4873.95"
16/07/2025,"-0.70","GUZMAN Y GOMEZ SURRY HILLS NS AUS Card xx5231 Value Date: 12/07/2025","+4883.95"
15/07/2025,"-123.00","Loan Repayment LN REPAY 472766573","+4884.65"
15/07/2025,"+120.00","Fast Transfer From SCOTT WHAN to PayID Phone August 8","+5007.65"
15/07/2025,"+1000.00","Transfer from xx9058 CommBank app","+4887.65"
15/07/2025,"-35.00","ASTON BRIDAL","+3887.65"
15/07/2025,"+120.00","Fast Transfer From DANIEL WHAN to PayID Phone Retreat","+3922.65"
15/07/2025,"+120.50","Fast Transfer From JUSTAN GEORGIOU to PayID Phone justan accomadation","+3802.65"
15/07/2025,"+120.50","Fast Transfer From Yung-chi Chang to PayID Phone Iris-accommodation","+3682.15"
15/07/2025,"+120.50","Fast Transfer From DIANA REYES ORELLANA to PayID Phone Villa essencia","+3561.65"
15/07/2025,"-12.98","TK MAXX ROBINA ROBINA AUS Card xx5231 Value Date: 11/07/2025","+3441.15"
15/07/2025,"-27.95","DAN MURPHY'S 2419 NERANG QL AUS Card xx5231 Value Date: 12/07/2025","+3454.13"
15/07/2025,"-22.33","GOLD COAST KEBABS NERANG AUS Card xx5231 Value Date: 12/07/2025","+3482.08"
15/07/2025,"-35.04","UNITED PETROLEUM PTY CARRARA QL AUS Card xx5231 Value Date: 13/07/2025","+3504.41"
15/07/2025,"-27.23","WOOLWORTHS 2645 ROBINA QL AUS Card xx8935 Value Date: 11/07/2025","+3539.45"
15/07/2025,"-11.77","SQ *KOOCO ESPRESSO BAR Robina QL AUS Card xx8935 Value Date: 11/07/2025","+3566.68"
15/07/2025,"-19.30","WOOLWORTHS 2645 ROBINA QL AUS Card xx8935 Value Date: 12/07/2025","+3578.45"
15/07/2025,"-7.00","Bakers Delight Robina AU AUS Card xx8935 Value Date: 12/07/2025","+3597.75"
15/07/2025,"-25.00","ANIMAL KINGDOM PL NERANG AUS Card xx8935 Value Date: 11/07/2025","+3604.75"
15/07/2025,"-10.50","ANANTA FOODS PTY LTD ROBINA AUS Card xx8935 Value Date: 12/07/2025","+3629.75"
15/07/2025,"-0.50","NERANG STATION NERANG AUS Card xx8935 Value Date: 11/07/2025","+3640.25"
15/07/2025,"-10.00","LS Bam Bam Bakehouse M Mermaid Beach AU AUS Card xx8935 Value Date: 13/07/2025","+3640.75"
15/07/2025,"-36.99","BookFace Pacific Fair Broadbeach Wa QL AUS Card xx8935 Value Date: 13/07/2025","+3650.75"
15/07/2025,"-630.00","Transfer to other Bank NetBank 102701","+3687.74"
14/07/2025,"+4000.00","Fast Transfer From MICHEL EDUBAS To joint","+4317.74"
13/07/2025,"-146.00","Transfer to xx8243 CommBank app","+317.74"
12/07/2025,"-45.00","HEALTHY PETS PLUS","+463.74"
12/07/2025,"-23.60","WOOLWORTHS 2764 NERANG QL AUS Card xx8935 Value Date: 10/07/2025","+508.74"
11/07/2025,"-21.68","PEARL ENERGY ROBINA ROBINA QL AUS Card xx5231 Value Date: 08/07/2025","+532.34"
11/07/2025,"-27.30","GUZMAN Y GOMEZ SURRY HILLS NS AUS Card xx8935 Value Date: 09/07/2025","+554.02"
11/07/2025,"-89.28","PLINEPH ROBINA UPPER ROBINA TOWN C AUS Card xx8935 Value Date: 08/07/2025","+581.32"
10/07/2025,"-133.90","PAPAMACROS* O #80546","+670.60"
10/07/2025,"-324.00","Transfer to xx8243 CommBank app","+804.50"
10/07/2025,"+700.00","Transfer from xx1300 CommBank app","+1128.50"
10/07/2025,"-30.00","MADE WITH LOVE BRIDAL","+428.50"
10/07/2025,"+300.00","Transfer from xx1300 CommBank app","+458.50"
10/07/2025,"-80.00","Transfer to xx9058 CommBank app","+158.50"
10/07/2025,"-15.90","SQ *FISHBOWL ROBINA Robina QL AUS Card xx8935 Value Date: 08/07/2025","+238.50"
10/07/2025,"-9.65","GOTCHA ROBINA PTY LTD Robina QL AUS Card xx8935 Value Date: 08/07/2025","+254.40"
10/07/2025,"-98.95","SP OZ HAIR BEAUTY MIRANDA NS AUS Card xx8935 Value Date: 08/07/2025","+264.05"
10/07/2025,"-4.50","7-ELEVEN 4211 ROBINA QL AUS Card xx5231 Value Date: 08/07/2025","+363.00"
09/07/2025,"-171.80","Direct Debit 613602 QP EMF RobinaHom DT.4arv4b QKP_QP E","+367.50"
09/07/2025,"-630.00","Transfer to other Bank NetBank 102701","+539.30"
08/07/2025,"-123.00","Loan Repayment LN REPAY 472766573","+1169.30"
08/07/2025,"+1000.00","Transfer from xx9058 CommBank app","+1292.30"
08/07/2025,"-400.00","Transfer To Wise Australia Pty Ltd PayID Email from CommBank App P12393101","+292.30"
08/07/2025,"+397.00","Transfer from xx1300 CommBank app","+692.30"
08/07/2025,"-9.96","Yo-ChiBurleighHeads Burleigh Head QL AUS Card xx8935 Value Date: 04/07/2025","+295.30"
08/07/2025,"-34.51","Fishmongers Burleigh Head QL AUS Card xx8935 Value Date: 04/07/2025","+305.26"
08/07/2025,"-31.00","SEPHORA AUSTRALIA P/ ROBINA TOWN C QL AUS Card xx8935 Value Date: 03/07/2025","+339.77"
08/07/2025,"-12.79","SQ *KOOCO ESPRESSO BAR Robina QL AUS Card xx8935 Value Date: 05/07/2025","+370.77"
08/07/2025,"-8.00","SALVOS STORES NERANG QL AUS Card xx5231 Value Date: 04/07/2025","+383.56"
08/07/2025,"-14.70","GUZMAN Y GOMEZ SURRY HILLS NS AUS Card xx5231 Value Date: 04/07/2025","+391.56"
08/07/2025,"-3.68","COLES 4501 NERANG 04 AUS Card xx5231 Value Date: 04/07/2025","+406.26"
08/07/2025,"-14.00","COLES 4501 NERANG 04 AUS Card xx5231 Value Date: 05/07/2025","+409.94"
08/07/2025,"-49.66","WOOLWORTHS 2764 NERANG QL AUS Card xx5231 Value Date: 06/07/2025","+423.94"
08/07/2025,"-9.90","CHEESECAKESHOP NERANG Nerang QL AUS Card xx5231 Value Date: 06/07/2025","+473.60"
08/07/2025,"-350.00","JUST MARRIED WEDDINGS","+483.50"
08/07/2025,"+350.00","Transfer from xx1300 CommBank app","+833.50"
07/07/2025,"-80.39","Direct Debit 142038 BUDGET DIRECT 120249620135445641","+483.50"
07/07/2025,"-2712.00","Transfer to xx8243 CommBank app","+563.89"
07/07/2025,"+3000.00","Transfer from xx1300 CommBank app","+3275.89"
07/07/2025,"-300.00","Transfer to xx1300 CommBank app","+275.89"
07/07/2025,"+300.00","Fast Transfer From Marcus Tawfik Invoice tawfikecc website Invoice tawfikecc website","+575.89"
06/07/2025,"+130.00","Transfer from xx1300 CommBank app","+275.89"
05/07/2025,"-3.00","ANNALAND PTY LTD CARRARA AU AUS Card xx8935 Value Date: 03/07/2025","+145.89"
05/07/2025,"-37.50","SP KAT THE LABEL BRIGHTON VI AUS Card xx8935 Value Date: 03/07/2025","+148.89"
05/07/2025,"-13.00","DAN MURPHY'S 2419 NERANG QL AUS Card xx5231 Value Date: 03/07/2025","+186.39"
05/07/2025,"-54.95","FLANNERYS ROBINA ROBINA AU AUS Card xx5231 Value Date: 03/07/2025","+199.39"
05/07/2025,"-25.20","GUZMAN Y GOMEZ SURRY HILLS NS AUS Card xx5231 Value Date: 03/07/2025","+254.34"
04/07/2025,"+100.00","Transfer from xx1300 CommBank app","+279.54"
04/07/2025,"-132.90","PAPAMACROS* O #79693","+179.54"
04/07/2025,"-19.80","GREENCROSS VETS NERANG QL AUS Card xx8935 Value Date: 01/07/2025","+312.44"
04/07/2025,"-38.40","WOOLWORTHS 2764 NERANG QL AUS Card xx5231 Value Date: 02/07/2025","+332.24"
04/07/2025,"-0.91","International Transaction Fee Value Date: 02/07/2025","+370.64"
04/07/2025,"-26.06","DREAMHOST DH-FEE.COM CA USA Card xx5231 USD 16.99 Value Date: 01/07/2025","+371.55"
04/07/2025,"+120.00","Transfer from xx1300 CommBank app","+397.61"
03/07/2025,"-100.00","Transfer to xx1300 CommBank app","+277.61"
03/07/2025,"-22.10","BUNNINGS 431000 HIGHLAND PARK AUS Card xx5231 Value Date: 30/06/2025","+377.61"
03/07/2025,"-16.20","COLES 4560 NERANG 04 AUS Card xx8935 Value Date: 01/07/2025","+399.71"
03/07/2025,"-2.20","CIRCUM VENDING MENTONE VI AUS Card xx8935 Value Date: 01/07/2025","+415.91"
02/07/2025,"-630.00","Transfer to other Bank NetBank 102701","+418.11"
02/07/2025,"-10.65","Cinnabon Pacific Fair Broadbeach Wa QL AUS Card xx5231 Value Date: 29/06/2025","+1048.11"
02/07/2025,"-8.23","EMF PERFORMANCE CENTRE WOLLONGONG AU AUS Card xx8935 Value Date: 30/06/2025","+1058.76"
02/07/2025,"-1.52","HIJAZI HOLDINGS PTY LT BROADBEACH AU AUS Card xx8935 Value Date: 29/06/2025","+1066.99"
01/07/2025,"+1000.00","Transfer from xx9058 CommBank app","+1068.51"
01/07/2025,"-74.91","WOOLWORTHS 2764 NERANG QL AUS Card xx5231 Value Date: 27/06/2025","+68.51"
01/07/2025,"-39.00","5G TECHNOLOGIES PTY ROBINA QL AUS Card xx5231 Value Date: 27/06/2025","+143.42"
01/07/2025,"-43.06","NXT*Le Vintage Cafe 1 Worongary AU AUS Card xx5231 Value Date: 27/06/2025","+182.42"
01/07/2025,"-62.50","COLES 4368 BROADBEACH 04 AUS Card xx5231 Value Date: 29/06/2025","+225.48"
01/07/2025,"-76.65","KMART 1032 BROADBEACH 04 AUS Card xx5231 Value Date: 29/06/2025","+287.98"
01/07/2025,"-12.90","SOUL ORIGIN PACIFIC FA PACIFIC FAIR AUS Card xx5231 Value Date: 29/06/2025","+364.63"
01/07/2025,"-40.46","EMF NERANG NERANG QL AUS Card xx8935 Value Date: 27/06/2025","+377.53"
01/07/2025,"-22.00","TARGET 5126 ROBINA 04 AUS Card xx8935 Value Date: 27/06/2025","+417.99"
01/07/2025,"-49.00","BREATHE ARUNDEL QU AUS Card xx8935 Value Date: 27/06/2025","+439.99"
01/07/2025,"-49.00","BREATHE ARUNDEL QU AUS Card xx8935 Value Date: 27/06/2025","+488.99"
01/07/2025,"-20.00","REENA MEHTA ROBINA AUS Card xx8935 Value Date: 27/06/2025","+537.99"
01/07/2025,"-50.35","WOOLWORTHS 2764 NERANG QL AUS Card xx8935 Value Date: 28/06/2025","+557.99"
01/07/2025,"-21.50","KMART 1179 HELENSVALE 04 AUS Card xx8935 Value Date: 28/06/2025","+608.34"
01/07/2025,"-7.37","LS Stellarossa Nerang Nerang AU AUS Card xx8935 Value Date: 28/06/2025","+629.84"
01/07/2025,"-2.50","TERRYWHITE CHEMMART NE NERANG AUS Card xx8935 Value Date: 28/06/2025","+637.21"
01/07/2025,"-10.10","Jacaranda Pac Fair Broadbeach Wa QL AUS Card xx8935 Value Date: 29/06/2025","+639.71"
01/07/2025,"-0.09","Debit Excess Interest","+649.81"
01/07/2025,"-0.01","Debit Excess Int Adjusted Value Date: 01/06/2025","+649.90"
30/06/2025,"-29.90","Direct Debit 010758 AHM 52803464","+649.91"
28/06/2025,"-16.65","COLES 4501 NERANG 04 AUS Card xx8935 Value Date: 25/06/2025","+679.81"
27/06/2025,"-5.30","SQ *KOOCO ESPRESSO BAR Robina QL AUS Card xx8935 Value Date: 25/06/2025","+696.46"
27/06/2025,"+99.99","Return H M Hennes Mauritz NSW, Sydney AU AUS Card xx8935 Value Date: 25/06/2025","+701.76"
26/06/2025,"-132.80","PAPAMACROS* O #78802","+601.77"
26/06/2025,"-51.77","Shein AUS Melbourne AUS Card xx8935 Value Date: 24/06/2025","+734.57"
26/06/2025,"-56.15","AUST FEDERAL POLICE SYDNEY NS AUS Card xx8935 Value Date: 23/06/2025","+786.34"
26/06/2025,"-61.51","PEARL ENERGY ROBINA ROBINA QL AUS Card xx5231 Value Date: 23/06/2025","+842.49"
25/06/2025,"-10.00","XRO: XERO CUSTOM CONNE","+904.00"
25/06/2025,"-171.80","Direct Debit 613602 QP EMF RobinaHom DT.491xdj QKP_QP E","+914.00"
25/06/2025,"-2.40","CIRCUM VENDING MENTONE VI AUS Card xx8935 Value Date: 23/06/2025","+1085.80"
25/06/2025,"-23.40","GUZMAN Y GOMEZ SURRY HILLS NS AUS Card xx8935 Value Date: 22/06/2025","+1088.20"
25/06/2025,"-4.30","BAKERS DELIGHT WORONGARY QL AUS Card xx8935 Value Date: 22/06/2025","+1111.60"
25/06/2025,"-1.42","JATT BROTHERS PTY LTD NERANG AUS Card xx8935 Value Date: 23/06/2025","+1115.90"
25/06/2025,"-18.00","BWS 2391 NERANG QL AUS Card xx5231 Value Date: 23/06/2025","+1117.32"
25/06/2025,"-31.85","WOOLWORTHS 2764 NERANG QL AUS Card xx5231 Value Date: 23/06/2025","+1135.32"
24/06/2025,"-277.80","ORIGIN ENERGY BARANGAROO AU","+1167.17"
24/06/2025,"+1000.00","Transfer from xx9058 CommBank app","+1444.97"
24/06/2025,"-20.00","PERFECT BROWS","+444.97"
24/06/2025,"-20.00","PERFECT BROWS","+464.97"
24/06/2025,"-15.50","GUZMAN Y GOMEZ SURRY HILLS NS AUS Card xx8935 Value Date: 20/06/2025","+484.97"
24/06/2025,"-11.95","PlayStation Network Sony PSN GBR Card xx5231 AUD 11.95 Value Date: 20/06/2025","+500.47"
24/06/2025,"-68.97","CHEMIST WAREHOUSE NERANG QL AUS Card xx5231 Value Date: 20/06/2025","+512.42"
24/06/2025,"-14.80","SPOTLIGHT 039 ASHMORE QL AUS Card xx5231 Value Date: 20/06/2025","+581.39"
24/06/2025,"-69.22","HAZEL ESPRESSO Southport QL AUS Card xx5231 Value Date: 20/06/2025","+596.19"
24/06/2025,"-12.95","OFFICEWORKS 0422 NERANG 04 AUS Card xx5231 Value Date: 20/06/2025","+665.41"
24/06/2025,"-29.71","CHANOYU JAPANESE CAFE NERANG QL AUS Card xx5231 Value Date: 21/06/2025","+678.36"
24/06/2025,"-96.42","COLES 4560 NERANG 04 AUS Card xx5231 Value Date: 21/06/2025","+708.07"
24/06/2025,"-4.20","AMPOL NERANG NERANG AUS Card xx5231 Value Date: 21/06/2025","+804.49"
24/06/2025,"-7.17","LS Linktest PTY LTD Broadbeach AU AUS Card xx5231 Value Date: 22/06/2025","+808.69"
24/06/2025,"-72.07","COLES 4572 WORONGARY 04 AUS Card xx5231 Value Date: 22/06/2025","+815.86"
24/06/2025,"-19.33","THE HOYTS CORPORATIO TWEED HEADS S AUS Card xx5231 Value Date: 21/06/2025","+887.93"
24/06/2025,"-108.81","GOLD COAST CITY COUNCI NERANG AUS Card xx5231 Value Date: 22/06/2025","+907.26"
24/06/2025,"-630.00","Transfer to other Bank NetBank 102701","+1016.07"
23/06/2025,"-29.90","Direct Debit 010758 AHM 51150161","+1646.07"
23/06/2025,"-80.39","Direct Debit 142038 BUDGET DIRECT 120249620134532460","+1675.97"
22/06/2025,"+50.00","Fast Transfer From Andrei Konoplev to PayID Phone Sent from Revolut","+1756.36"
21/06/2025,"+51.00","Fast Transfer From DANIEL WHAN to PayID Phone tt","+1706.36"
21/06/2025,"+700.00","Fast Transfer From MICHEL EDUBAS Joint","+1655.36"
21/06/2025,"-200.00","Transfer to xx8243 CommBank app","+955.36"
21/06/2025,"-48.00","Mecca Brands Pty Ltd Brisbane AU AUS Card xx8935 Value Date: 19/06/2025","+1155.36"
21/06/2025,"-16.12","Camy's Chargrill Chic Robina QL AUS Card xx8935 Value Date: 19/06/2025","+1203.36"
21/06/2025,"-60.80","SPOTLIGHT PTY LTD STH MELBOURNE AU AUS Card xx8935 Value Date: 19/06/2025","+1219.48"
21/06/2025,"-15.20","SPOTLIGHT PTY LTD STH MELBOURNE AU AUS Card xx8935 Value Date: 19/06/2025","+1280.28"
21/06/2025,"-32.99","LOVISA PTY LTD ROBINA TOWN C AUS Card xx8935 Value Date: 19/06/2025","+1295.48"
21/06/2025,"-8.05","EARTH MARKETS ROBINA ROBINA QL AUS Card xx5231 Value Date: 19/06/2025","+1328.47"
21/06/2025,"-50.36","LEMONGINGERKITCHENARY Brisbane Airp QL AUS Card xx5231 Value Date: 19/06/2025","+1336.52"
21/06/2025,"-2.70","POST ROBINA POST SHOP ROBINA AUS Card xx5231 Value Date: 19/06/2025","+1386.88"
21/06/2025,"-17.69","MING MEI KITCHEN ROBINA AUS Card xx5231 Value Date: 19/06/2025","+1389.58"
20/06/2025,"-5.05","FEEKA'S PATISSERIE HELENSVALE QL AUS Card xx8935 Value Date: 18/06/2025","+1407.27"
19/06/2025,"-136.25","PAPAMACROS* O #77928","+1412.32"
19/06/2025,"-10.00","Hubbl - BINGE North Ryde AU AUS Card xx8935 Value Date: 17/06/2025","+1548.57"
19/06/2025,"-26.00","DAN MURPHY'S 2419 NERANG QL AUS Card xx5231 Value Date: 17/06/2025","+1558.57"
19/06/2025,"-44.15","WOOLWORTHS 2764 NERANG QL AUS Card xx5231 Value Date: 17/06/2025","+1584.57"
19/06/2025,"-3.50","SQ *SALTY PLUM JAPANES Mudgeeraba QL AUS Card xx5231 Value Date: 17/06/2025","+1628.72"
19/06/2025,"-36.56","BUNNINGS 431000 HIGHLAND PARK AUS Card xx5231 Value Date: 16/06/2025","+1632.22"
18/06/2025,"-90.00","Transfer To Mariia Kartuzova CommBank App Anastasia","+1668.78"
18/06/2025,"+1000.00","Transfer from xx9058 CommBank app","+1758.78"
18/06/2025,"-99.99","H M Hennes Mauritz NSW, Sydney AU AUS Card xx8935 Value Date: 13/06/2025","+758.78"
18/06/2025,"-31.60","GUZMAN Y GOMEZ SURRY HILLS NS AUS Card xx8935 Value Date: 14/06/2025","+858.77"
18/06/2025,"-10.00","SQ *SALTY PLUM JAPANES Mudgeeraba QL AUS Card xx5231 Value Date: 16/06/2025","+890.37"
18/06/2025,"-28.00","EB GAMES NERANG AUS Card xx5231 Value Date: 15/06/2025","+900.37"
17/06/2025,"-4.03","HARBOURTOWNDF L0850 BIGGERA WATER QL AUS Card xx8935 Value Date: 13/06/2025","+928.37"
17/06/2025,"-47.48","CHEMIST WAREHOUSE NERANG QL AUS Card xx8935 Value Date: 13/06/2025","+932.40"
17/06/2025,"-15.60","BROADBEACH GELATO PTY Broadbeach QL AUS Card xx8935 Value Date: 14/06/2025","+979.88"
17/06/2025,"-72.70","ALH VENUES 8214 PARKWOOD QL AUS Card xx8935 Value Date: 15/06/2025","+995.48"
17/06/2025,"-79.10","WOOLWORTHS 2764 NERANG QL AUS Card xx8935 Value Date: 15/06/2025","+1068.18"
17/06/2025,"-4.11","International Transaction Fee Value Date: 14/06/2025","+1147.28"
17/06/2025,"-117.34","""WWW.SKILLMARKET.BY"" MINSK BL BLR Card xx8935 USD 75.73 Value Date: 15/06/2025","+1151.39"
17/06/2025,"-6.40","STARBUCKS COFFEE D00 BROADBEACH QL AUS Card xx8935 Value Date: 14/06/2025","+1268.73"
17/06/2025,"-26.00","DAN MURPHY'S 2419 NERANG QL AUS Card xx5231 Value Date: 13/06/2025","+1275.13"
17/06/2025,"-14.00","BWS 2128 BROADBEACH QL AUS Card xx5231 Value Date: 14/06/2025","+1301.13"
17/06/2025,"-49.15","WOOLWORTHS 2592 BROADBEACH QL AUS Card xx5231 Value Date: 14/06/2025","+1315.13"
17/06/2025,"-15.00","Transfer To Jason Szabo CommBank App Food","+1364.28"
17/06/2025,"-630.00","Transfer to other Bank NetBank 102701","+1379.28"
16/06/2025,"-600.00","Transfer to xx1300 CommBank app","+2009.28"
16/06/2025,"+600.00","Fast Transfer From AGEING WITH GRACE LTD Ageing with Grace web development","+2609.28"
14/06/2025,"-7.00","ANNALAND PTY LTD CARRARA AU AUS Card xx8935 Value Date: 12/06/2025","+2009.28"
14/06/2025,"-15.50","GUZMAN Y GOMEZ SURRY HILLS NS AUS Card xx8935 Value Date: 12/06/2025","+2016.28"
13/06/2025,"-30.00","Transfer to xx9058 CommBank app","+2031.78"
13/06/2025,"-800.00","Transfer to xx8243 CommBank app","+2061.78"
13/06/2025,"+2000.00","Fast Transfer From MICHEL EDUBAS Join","+2861.78"
13/06/2025,"+800.00","Fast Transfer From MICHEL EDUBAS Joint","+861.78"
12/06/2025,"-146.25","PAPAMACROS* O #77017","+61.78"
12/06/2025,"-15.00","Overdraw Fee For exceeding available funds on 11 Jun","+208.03"
12/06/2025,"-45.00","HEALTHY PETS PLUS","+223.03"
12/06/2025,"+490.00","Transfer from xx9058 CommBank app","+268.03"
12/06/2025,"-14.00","LIQUORLAND 6599LIQUORL NERANG 04 AUS Card xx5231 Value Date: 10/06/2025","-221.97"
12/06/2025,"-3.00","COLES 4501COLES 4501 NERANG 04 AUS Card xx5231 Value Date: 10/06/2025","-207.97"
11/06/2025,"-223.80","Direct Debit 613602 QP EMF RobinaHom DT.47b5jv QKP_QP E","-204.97"
11/06/2025,"-630.00","Transfer To Castle Property Managers CommBank App 102701","+18.83"
11/06/2025,"+19.00","Fast Transfer From MICHEL EDUBAS Joint","+648.83"
11/06/2025,"+7.21","Transfer from xx9058 CommBank app","+629.83"
11/06/2025,"+6.42","Transfer from xx1300 CommBank app","+622.62"
10/06/2025,"-80.39","Direct Debit 142038 BUDGET DIRECT 120249620133684409","+616.20"
10/06/2025,"-200.00","Transfer To FLOWER HAUL CommBank App 1147","+696.59"
10/06/2025,"+90.00","Transfer from xx9058 CommBank app","+896.59"
10/06/2025,"+800.00","Transfer from xx9058 CommBank app","+806.59"
10/06/2025,"-72.30","COLES 4501COLES 4501 NERANG 04 AUS Card xx8935 Value Date: 08/06/2025","+6.59"
10/06/2025,"-15.99","DAN MURPHY'S 2419 NERANG QL AUS Card xx5231 Value Date: 06/06/2025","+78.89"
10/06/2025,"-9.00","SQ *SALTY PLUM JAPANES Mudgeeraba QL AUS Card xx5231 Value Date: 06/06/2025","+94.88"
10/06/2025,"-22.09","ALDI STORES - NERANG NERANG AUS Card xx5231 Value Date: 05/06/2025","+103.88"
08/06/2025,"+70.00","Transfer from xx1300 CommBank app","+125.97"
08/06/2025,"-10.00","Transfer To CAROLINE MCANALLEY PayID Phone from CommBank App lecheflan","+55.97"
07/06/2025,"-240.00","Transfer to xx8243 CommBank app","+65.97"
07/06/2025,"-7.09","EARTH MARKETS ROBINA ROBINA QL AUS Card xx8935 Value Date: 05/06/2025","+305.97"
07/06/2025,"-18.07","SQ *KOOCO ESPRESSO BAR Robina QL AUS Card xx8935 Value Date: 05/06/2025","+313.06"
07/06/2025,"-18.10","Daiso Robina Robina QL AUS Card xx8935 Value Date: 05/06/2025","+331.13"
06/06/2025,"-2400.00","Transfer to xx8243 CommBank app","+349.23"
06/06/2025,"+1300.00","Fast Transfer From MICHEL EDUBAS Joint","+2749.23"
06/06/2025,"+1330.00","Direct Credit 065481 Residential Tena 719688713 03329351","+1449.23"
06/06/2025,"-13.00","GOLD COAST AIRPORT LTD BILINGA AUS Card xx5231 Value Date: 04/06/2025","+119.23"
05/06/2025,"-130.95","PAPAMACROS* O #76111","+132.23"
05/06/2025,"-400.00","Transfer to xx8243 CommBank app","+263.18"
05/06/2025,"+400.00","Fast Transfer From DEEGAN LEE to PayID Phone Pc","+663.18"
05/06/2025,"-29.50","KMART 1148KMART 1148 ROBINA 04 AUS Card xx5231 Value Date: 03/06/2025","+263.18"
05/06/2025,"-18.14","Yo-Chi Robina Robina QL AUS Card xx5231 Value Date: 03/06/2025","+292.68"
05/06/2025,"-15.14","MUKBANG 888 REST VARSITY LAKES QL AUS Card xx5231 Value Date: 03/06/2025","+310.82"
04/06/2025,"+200.00","Fast Transfer From TAEKSEONG LEE to PayID Phone x","+325.96"
04/06/2025,"-32.19","COLES 4653COLES 4653 SOUTHPORT 04 AUS Card xx5231 Value Date: 02/06/2025","+125.96"
04/06/2025,"-0.93","International Transaction Fee Value Date: 02/06/2025","+158.15"
04/06/2025,"-26.53","DREAMHOST DH-FEE.COM CA USA Card xx5231 USD 16.99 Value Date: 01/06/2025","+159.08"
04/06/2025,"-0.50","MCDONALDS ROBINA FCII ROBINA AUS Card xx5231 Value Date: 30/05/2025","+185.61"
04/06/2025,"-10.00","Transfer To Michel Philippe Edubas CommBank App to Westpac","+186.11"
03/06/2025,"-20.30","DAITO QUEENSLAND PTY L ROBINA AU AUS Card xx5231 Value Date: 30/05/2025","+196.11"
03/06/2025,"-173.21","WOOLWORTHS 2764 NERANG QL AUS Card xx5231 Value Date: 30/05/2025","+216.41"
03/06/2025,"-22.00","TYPO 4723 ROBINA QL AUS Card xx5231 Value Date: 30/05/2025","+389.62"
03/06/2025,"-5.00","KMART 1148KMART 1148 ROBINA 04 AUS Card xx5231 Value Date: 30/05/2025","+411.62"
03/06/2025,"-14.00","Jamaica Blue Robina Robina QL AUS Card xx5231 Value Date: 30/05/2025","+416.62"
03/06/2025,"-40.98","NERANG BOTTLESHOP NERANG AUS Card xx5231 Value Date: 29/05/2025","+430.62"
03/06/2025,"-17.00","GYG Nerang Nerang QL AUS Card xx5231 Value Date: 31/05/2025","+471.60"
03/06/2025,"-9.25","BUNNINGS 542000 ROBINA AUS Card xx5231 Value Date: 30/05/2025","+488.60"
03/06/2025,"-0.50","NERANG STATION NERANG AUS Card xx5231 Value Date: 30/05/2025","+497.85"
02/06/2025,"-8000.00","Transfer To Wise Australia Pty Ltd PayID Email from CommBank App Transfer wise","+498.35"
02/06/2025,"+8000.00","Direct Credit 123079 Maria Liza Acabo 20ft container all","+8498.35"
01/06/2025,"+150.00","Transfer from xx9058 CommBank app","+498.35"
01/06/2025,"-15.00","Overdraw Fee For exceeding available funds on 31 May","+348.35"
01/06/2025,"+80.00","Transfer from xx9058 CommBank app","+363.35"
01/06/2025,"-0.04","Debit Excess Int Adjusted Value Date: 01/05/2025","+283.35"
31/05/2025,"-38.42","HOMESE PTY LTD VARSITY LAKES AU AUS Card xx5231 Value Date: 28/05/2025","+283.39"
31/05/2025,"-7.00","SQ *SALTY PLUM JAPANES Mudgeeraba QL AUS Card xx5231 Value Date: 29/05/2025","+321.81"
31/05/2025,"-5.50","7-ELEVEN 4211 ROBINA QL AUS Card xx5231 Value Date: 29/05/2025","+328.81"
31/05/2025,"-6.00","7-ELEVEN 4211 ROBINA QL AUS Card xx5231 Value Date: 28/05/2025","+334.31"
31/05/2025,"-7.20","GYG Nerang Nerang QL AUS Card xx5231 Value Date: 30/05/2025","+340.31"
31/05/2025,"-20.58","ALDI STORES - ROBINA ROBINA AUS Card xx5231 Value Date: 28/05/2025","+347.51"
31/05/2025,"-7.00","BIG W 0243 ROBINA QL AUS Card xx8935 Value Date: 29/05/2025","+368.09"
31/05/2025,"-5.89","SQ *KOOCO ESPRESSO BAR Robina QL AUS Card xx8935 Value Date: 29/05/2025","+375.09"
31/05/2025,"-8.02","Yo-Chi Robina Robina QL AUS Card xx8935 Value Date: 29/05/2025","+380.98"
30/05/2025,"-66.87","FLANNERYS ROBINA ROBINA AU AUS Card xx5231 Value Date: 28/05/2025","+389.00"
30/05/2025,"-197.73","HOME AFFAIRS - ONLINE SOUTHPORT AUS Card xx5231 Value Date: 28/05/2025","+455.87"
29/05/2025,"-29.90","Direct Debit 010758 AHM 52803464","+653.60"
29/05/2025,"-130.95","PAPAMACROS* O #75104","+683.50"
29/05/2025,"+300.00","Transfer from xx9058 CommBank app","+814.45"
28/05/2025,"-223.80","Direct Debit 613602 QP EMF RobinaHom DT.45m84u QKP_QP E","+514.45"
28/05/2025,"+500.00","Transfer from xx9058 CommBank app","+738.25"
28/05/2025,"-380.00","Transfer To Cambridge CommBank App Rent 3203","+238.25"
28/05/2025,"-39.00","SEPHORA AUSTRALIA P/ BROADBEACH QL AUS Card xx8935 Value Date: 25/05/2025","+618.25"
28/05/2025,"-14.00","SQ *SALTY PLUM JAPANES Mudgeeraba QL AUS Card xx5231 Value Date: 26/05/2025","+657.25"
28/05/2025,"-8.00","7-ELEVEN 4211 ROBINA QL AUS Card xx5231 Value Date: 26/05/2025","+671.25"
28/05/2025,"-7.50","FOSTER & BLACK PL BROADBEACH WA QL AUS Card xx5231 Value Date: 25/05/2025","+679.25"
28/05/2025,"-45.99","SDS 3564 BROADBEACH AUS Card xx5231 Value Date: 25/05/2025","+686.75"
27/05/2025,"-22.80","STARBUCKS COFFEE D03 ROBINA QL AUS Card xx8935 Value Date: 23/05/2025","+732.74"
27/05/2025,"-25.50","KMART 1032KMART 1032 BROADBEACH 04 AUS Card xx8935 Value Date: 25/05/2025","+755.54"
27/05/2025,"-24.06","FANATX PTY LTD BROADBEACH WA AUS Card xx8935 Value Date: 25/05/2025","+781.04"
27/05/2025,"-86.65","TGI FRIDAYS ROBINA QL AUS Card xx5231 Value Date: 23/05/2025","+805.10"
27/05/2025,"-23.97","Yo-Chi Robina Robina QL AUS Card xx5231 Value Date: 23/05/2025","+891.75"
27/05/2025,"-13.76","LS Parkway by Alfons Robina AU AUS Card xx5231 Value Date: 23/05/2025","+915.72"
27/05/2025,"-30.98","AMPOL NERANG NERANG AUS Card xx5231 Value Date: 23/05/2025","+929.48"
27/05/2025,"-21.50","BUNNINGS 542000 ROBINA AUS Card xx5231 Value Date: 22/05/2025","+960.46"
27/05/2025,"-56.70","PANGAATINDIANRESTAURAN Mudgeeraba AU AUS Card xx5231 Value Date: 24/05/2025","+981.96"
27/05/2025,"-20.00","BurleighHeadsTobacco Burleigh Head AU AUS Card xx5231 Value Date: 24/05/2025","+1038.66"
27/05/2025,"-33.97","Oakberry Burleigh Hds Burleigh Head QL AUS Card xx5231 Value Date: 24/05/2025","+1058.66"
27/05/2025,"-9.00","UNITED PETROLEUM PTY CARRARA QL AUS Card xx5231 Value Date: 23/05/2025","+1092.63"
27/05/2025,"-4.50","WW METRO 2480 BURLEIGH HEAD QL AUS Card xx5231 Value Date: 24/05/2025","+1101.63"
27/05/2025,"-18.50","Lifeline Retail - Bu Burleigh Head QL AUS Card xx5231 Value Date: 24/05/2025","+1106.13"
27/05/2025,"-6.02","EasyPark PRAHRAN AU AUS Card xx5231 Value Date: 25/05/2025","+1124.63"
27/05/2025,"-33.25","KABIRA PTY LTD CARRARA AUS Card xx5231 Value Date: 24/05/2025","+1130.65"
27/05/2025,"-4.53","FREECHOICE NERANG NERANG AU AUS Card xx5231 Value Date: 25/05/2025","+1163.90"
27/05/2025,"-89.99","HOUSE PACIFIC FAIR BROADBEACH QL AUS Card xx5231 Value Date: 25/05/2025","+1168.43"
27/05/2025,"-7.09","SQ *PHO VK BROADBEACH Broadbeach QL AUS Card xx5231 Value Date: 25/05/2025","+1258.42"
27/05/2025,"-25.60","ALH VENUES 8356 NERANG QL AUS Card xx5231 Value Date: 25/05/2025","+1265.51"
27/05/2025,"-10.10","LS Coco Cubano Pacific Broadbeach AU AUS Card xx5231 Value Date: 25/05/2025","+1291.11"
27/05/2025,"-26.34","LS Coco Cubano Pacific Broadbeach AU AUS Card xx5231 Value Date: 25/05/2025","+1301.21"
27/05/2025,"-12.52","BURLEIGH PAVILION PTY BURLEIGH HEAD AUS Card xx5231 Value Date: 24/05/2025","+1327.55"
27/05/2025,"-509.37","BUNNINGS 397000 ARUNDEL AUS Card xx5231 Value Date: 24/05/2025","+1340.07"
26/05/2025,"-80.39","Direct Debit 142038 BUDGET DIRECT 120249620132816467","+1849.44"
25/05/2025,"-10.00","XRO: XERO CUSTOM CONNE","+1929.83"
25/05/2025,"-165.00","Transfer To Wise Australia Pty Ltd PayID Email from CommBank App Basketball","+1939.83"
25/05/2025,"+165.00","Fast Transfer From MARK PANTI to PayID Phone ball","+2104.83"
25/05/2025,"+100.00","Fast Transfer From GREG MCBLANE to PayID Phone Chair","+1939.83"
24/05/2025,"+200.00","Fast Transfer From ETHEL LORENZO to PayID Phone Ethel","+1839.83"
24/05/2025,"-10.00","SQ *SALTY PLUM JAPANES Mudgeeraba QL AUS Card xx5231 Value Date: 22/05/2025","+1639.83"
24/05/2025,"-11.00","7-ELEVEN 4211 ROBINA QL AUS Card xx5231 Value Date: 22/05/2025","+1649.83"
24/05/2025,"-22.90","GYG Nerang Nerang QL AUS Card xx5231 Value Date: 23/05/2025","+1660.83"
24/05/2025,"-15.73","SQ *KOOCO ESPRESSO BAR Robina QL AUS Card xx8935 Value Date: 22/05/2025","+1683.73"
23/05/2025,"+30.00","Fast Transfer From BERNIE KOVAC to PayID Phone monitor","+1699.46"
23/05/2025,"-32.30","GUZMAN Y GOMEZ SURRY HILLS NS AUS Card xx8935 Value Date: 21/05/2025","+1669.46"
23/05/2025,"-30.86","WOOLWORTHS 2645 ROBINA QL AUS Card xx5231 Value Date: 21/05/2025","+1701.76"
23/05/2025,"-10.00","EMF ROBINA TOWN CENTRE ROBINA QL AUS Card xx5231 Value Date: 21/05/2025","+1732.62"
23/05/2025,"-5.50","7-ELEVEN 4211 ROBINA QL AUS Card xx5231 Value Date: 21/05/2025","+1742.62"
23/05/2025,"-10.00","SQ *SALTY PLUM JAPANES Mudgeeraba QL AUS Card xx5231 Value Date: 21/05/2025","+1748.12"
22/05/2025,"-140.95","PAPAMACROS* O #74224","+1758.12"
22/05/2025,"-120.00","Transfer To BRENT CHURCHILL PayID Phone from CommBank App bike","+1899.07"
22/05/2025,"+30.00","Fast Transfer From DIANA REYES ORELLANA Food","+2019.07"
22/05/2025,"-11.77","SQ *KOOCO ESPRESSO BAR Robina QL AUS Card xx8935 Value Date: 20/05/2025","+1989.07"
22/05/2025,"-25.05","MCDONALDS MERMAID WT MERMAID WATER QL AUS Card xx8935 Value Date: 19/05/2025","+2000.84"
22/05/2025,"-11.95","PlaystationNetwork LONDON GB GBR Card xx5231 AUD 11.95 Value Date: 20/05/2025","+2025.89"
22/05/2025,"-53.95","WOOLWORTHS 2645 ROBINA QL AUS Card xx5231 Value Date: 20/05/2025","+2037.84"
22/05/2025,"-6.00","7-ELEVEN 4211 ROBINA QL AUS Card xx5231 Value Date: 20/05/2025","+2091.79"
22/05/2025,"-30.24","PEARL ENERGY ROBINA ROBINA QL AUS Card xx5231 Value Date: 19/05/2025","+2097.79"
21/05/2025,"-29.90","Direct Debit 010758 AHM 51150161","+2128.03"
21/05/2025,"-136.00","SDRO INFRNGMNT PAYME MAITLAND NS AUS Card xx8935 Value Date: 18/05/2025","+2157.93"
21/05/2025,"-59.28","ALDI STORES - ROBINA ROBINA AUS Card xx8935 Value Date: 18/05/2025","+2293.93"
21/05/2025,"-16.90","MCDONALDS TUGUN TUGUN AUS Card xx5231 Value Date: 18/05/2025","+2353.21"
21/05/2025,"-72.40","PEARL ENERGY ROBINA ROBINA QL AUS Card xx5231 Value Date: 18/05/2025","+2370.11"
20/05/2025,"-10.00","Hubbl - BINGE North Ryde AU AUS Card xx8935 Value Date: 17/05/2025","+2442.51"
20/05/2025,"-69.10","WOOLWORTHS 2645 ROBINA QL AUS Card xx5231 Value Date: 16/05/2025","+2452.51"
20/05/2025,"-25.00","LIQUORLAND 6471LIQUORL ROBINA 04 AUS Card xx5231 Value Date: 16/05/2025","+2521.61"
20/05/2025,"-36.97","COLES 4427COLES 4427 ROBINA 04 AUS Card xx5231 Value Date: 16/05/2025","+2546.61"
20/05/2025,"-10.00","SQ *SALTY PLUM JAPANES Robina QL AUS Card xx5231 Value Date: 16/05/2025","+2583.58"
20/05/2025,"-14.90","WOOLWORTHS 2652 TWEED HEADS NS AUS Card xx5231 Value Date: 17/05/2025","+2593.58"
20/05/2025,"-66.77","LSP*Pasture and Co Currumbin Val AU AUS Card xx5231 Value Date: 17/05/2025","+2608.48"
20/05/2025,"-32.75","WOOLWORTHS 2645 ROBINA QL AUS Card xx5231 Value Date: 17/05/2025","+2675.25"
20/05/2025,"-51.70","HIDDEN GEM COFFEE TUGUN AU AUS Card xx5231 Value Date: 18/05/2025","+2708.00"
20/05/2025,"-12.00","LS LIFELINE DIRECT BYRON BAY NS AUS Card xx5231 Value Date: 18/05/2025","+2759.70"
20/05/2025,"-16.20","SQ *BLUE COW GELATO, B Byron Bay NS AUS Card xx5231 Value Date: 18/05/2025","+2771.70"
17/05/2025,"-65.00","Transfer to xx8243 CommBank app","+2787.90"
17/05/2025,"-38.00","WOOLWORTHS 2645 ROBINA QL AUS Card xx8935 Value Date: 15/05/2025","+2852.90"
17/05/2025,"-182.13","BURLEIGH TRUCK RENTA BURLEIGH HEAD QL AUS Card xx8935 Value Date: 15/05/2025","+2890.90"
17/05/2025,"-14.70","GYG Robina Drive Thru Robina QL AUS Card xx5231 Value Date: 15/05/2025","+3073.03"
17/05/2025,"-33.00","SALVOS STORES ROBINA QL AUS Card xx5231 Value Date: 15/05/2025","+3087.73"
17/05/2025,"-5.50","7-ELEVEN 4211 ROBINA QL AUS Card xx5231 Value Date: 15/05/2025","+3120.73"
17/05/2025,"-14.70","GYG Robina Drive Thru Robina QL AUS Card xx5231 Value Date: 16/05/2025","+3126.23"
17/05/2025,"-57.34","BUNNINGS 542000 ROBINA AUS Card xx5231 Value Date: 14/05/2025","+3140.93"
16/05/2025,"-25.00","SQ *MIAMI MARKETTA Mermaid Beach QL AUS Card xx5231 Value Date: 14/05/2025","+3198.27"
16/05/2025,"-21.34","SQ *CHUNKZ BAKEHOUSE Mermaid Beach QL AUS Card xx5231 Value Date: 14/05/2025","+3223.27"
16/05/2025,"-20.30","ARIEL MARTIN BORETTO BROADBEACH WA AUS Card xx5231 Value Date: 14/05/2025","+3244.61"
16/05/2025,"-39.63","AMPOL NERANG NERANG AUS Card xx5231 Value Date: 14/05/2025","+3264.91"
15/05/2025,"-500.00","Transfer to xx8243 NetBank","+3304.54"
15/05/2025,"-90.28","WOOLWORTHS 2645 ROBINA QL AUS Card xx5231 Value Date: 13/05/2025","+3804.54"
15/05/2025,"-19.52","EARTH MARKETS ROBINA ROBINA QL AUS Card xx5231 Value Date: 13/05/2025","+3894.82"
15/05/2025,"-6.64","SQ *CREMA CRAZE Robina QL AUS Card xx5231 Value Date: 13/05/2025","+3914.34"
15/05/2025,"-20.20","MCDONALDS SOUTHPORT SOUTHPORT AUS Card xx5231 Value Date: 12/05/2025","+3920.98"
14/05/2025,"-223.80","Direct Debit 613602 QP EMF RobinaHom DT.43w6db QKP_QP E","+3941.18"
14/05/2025,"-3780.00","Transfer To Castle Property Managers CommBank App 109/1 Bowden Court - Edu...","+4164.98"
14/05/2025,"+4000.00","Fast Transfer From MICHEL EDUBAS Transfer to joint","+7944.98"
14/05/2025,"+1700.00","Transfer from xx9058 CommBank app","+3944.98"
14/05/2025,"+2000.00","Transfer from xx1300 CommBank app","+2244.98"
14/05/2025,"-24.09","ROBINA QUALITY MEATS P ROBINA AU AUS Card xx5231 Value Date: 11/05/2025","+244.98"
14/05/2025,"-12.00","SALVOS STORES OXENFORD QL AUS Card xx5231 Value Date: 10/05/2025","+269.07"
14/05/2025,"-43.19","AKEY PTY LTD ROBINA AUS Card xx5231 Value Date: 12/05/2025","+281.07"
13/05/2025,"-35.00","Transfer To Miss. Zarah Duffy PayID Phone from CommBank App car Parking","+324.26"
13/05/2025,"-1330.00","Transfer To Cambridge CommBank App Rent 3203","+359.26"
13/05/2025,"+300.00","Transfer from xx9058 CommBank app","+1689.26"
13/05/2025,"-9.99","REBEL ROBINA ROBINA QL AUS Card xx8935 Value Date: 10/05/2025","+1389.26"
13/05/2025,"-15.21","SQ *CHURRO LAB Hamilton QL AUS Card xx5231 Value Date: 09/05/2025","+1399.25"
13/05/2025,"-18.24","SQ *ROGUE SPICE Hamilton QL AUS Card xx5231 Value Date: 09/05/2025","+1414.46"
13/05/2025,"-11.50","SQ *GOOD TIME TAKEAWAY Hamilton QL AUS Card xx5231 Value Date: 09/05/2025","+1432.70"
13/05/2025,"-11.50","SQ *GOOD TIME TAKEAWAY Hamilton QL AUS Card xx5231 Value Date: 09/05/2025","+1444.20"
13/05/2025,"-12.00","Eat Street Northshore Hamilton QL AUS Card xx5231 Value Date: 09/05/2025","+1455.70"
13/05/2025,"-0.65","International Transaction Fee Value Date: 09/05/2025","+1467.70"
13/05/2025,"-18.51","DREAMHOST DH-FEE.COM CA USA Card xx5231 USD 11.95 Value Date: 08/05/2025","+1468.35"
13/05/2025,"-52.53","SQ *DIPCRO Surfers Parad QL AUS Card xx5231 Value Date: 10/05/2025","+1486.86"
13/05/2025,"-38.97","BFSW PTY LTD ROBINA QL AUS Card xx5231 Value Date: 10/05/2025","+1539.39"
13/05/2025,"-30.75","EG GROUP 2296 ROBINA QL AUS Card xx5231 Value Date: 10/05/2025","+1578.36"
13/05/2025,"-13.79","BSKTCafe Mermaid Beach AU AUS Card xx5231 Value Date: 11/05/2025","+1609.11"
13/05/2025,"-5.84","ROBINA FRESH FRUIT MAR ROBINA AUS Card xx5231 Value Date: 11/05/2025","+1622.90"
12/05/2025,"-80.39","Direct Debit 142038 BUDGET DIRECT 120249620131958476","+1628.74"
12/05/2025,"+1330.00","Transfer from xx1300 CommBank app","+1709.13"
12/05/2025,"-45.00","HEALTHY PETS PLUS","+379.13"
12/05/2025,"+100.00","Fast Transfer From MICHEL EDUBAS Transfer to Joint","+424.13"
12/05/2025,"-165.00","Transfer To C VALENCIA PayID Phone from CommBank App Basketball","+324.13"
10/05/2025,"-10.00","SQ *SALTY PLUM JAPANES Robina QL AUS Card xx5231 Value Date: 08/05/2025","+489.13"
10/05/2025,"-32.90","MCDONALDS ROBINA CENT ROBINA AUS Card xx5231 Value Date: 07/05/2025","+499.13"
09/05/2025,"-5.50","7-ELEVEN 4211 ROBINA QL AUS Card xx5231 Value Date: 07/05/2025","+532.03"
08/05/2025,"-19.90","WOOLWORTHS 2645 ROBINA QL AUS Card xx8935 Value Date: 06/05/2025","+537.53"
08/05/2025,"-15.40","SQ *THE KEBAB SHOP Robina QL AUS Card xx5231 Value Date: 06/05/2025","+557.43"
08/05/2025,"-1.03","OFFICEWORKS 0440OFFICE ROBINA 04 AUS Card xx5231 Value Date: 06/05/2025","+572.83"
08/05/2025,"-14.00","SQ *SALTY PLUM JAPANES Robina QL AUS Card xx5231 Value Date: 06/05/2025","+573.86"
08/05/2025,"-12.80","STARBUCKS COFFEE D03 ROBINA QL AUS Card xx5231 Value Date: 06/05/2025","+587.86"
08/05/2025,"-8.00","7-ELEVEN 4211 ROBINA QL AUS Card xx5231 Value Date: 06/05/2025","+600.66"
08/05/2025,"-11.10","MCDONALDS DT 0865 SOUTHPORT AUS Card xx5231 Value Date: 05/05/2025","+608.66"
08/05/2025,"-41.07","PEARL ENERGY ROBINA ROBINA QL AUS Card xx5231 Value Date: 05/05/2025","+619.76"
07/05/2025,"-72.30","SP LILABEAUTYAU DERRIMUT VI AUS Card xx8935 Value Date: 05/05/2025","+660.83"
07/05/2025,"-11.73","YOUR ORGANIC PANTRY BH BURLEIGH HEAD QL AUS Card xx8935 Value Date: 03/05/2025","+733.13"
07/05/2025,"-15.00","SALVOS STORES ROBINA QL AUS Card xx5231 Value Date: 03/05/2025","+744.86"
07/05/2025,"-39.99","PLATYPUS HARBOUR BIGGERA WATER QL AUS Card xx5231 Value Date: 03/05/2025","+759.86"
07/05/2025,"-184.98","PETBARN ROBINAHOME ROBINA AUS Card xx5231 Value Date: 03/05/2025","+799.85"
07/05/2025,"-8.10","PURPLESTONE CAFE PL BIGGERA WATER QL AUS Card xx5231 Value Date: 03/05/2025","+984.83"
07/05/2025,"-25.40","TUGUN MARKET TUGUN AUS Card xx5231 Value Date: 04/05/2025","+992.93"
07/05/2025,"-38.93","TUGUN MARKET TUGUN AUS Card xx5231 Value Date: 04/05/2025","+1018.33"
07/05/2025,"-32.91","ALDI STORES - ROBINA ROBINA AUS Card xx5231 Value Date: 04/05/2025","+1057.26"
06/05/2025,"-11.56","TREASURES MANAGEMENT MUDGEERABA QL AUS Card xx5231 Value Date: 02/05/2025","+1090.17"
06/05/2025,"-61.98","COLES 4427COLES 4427 ROBINA 04 AUS Card xx5231 Value Date: 03/05/2025","+1101.73"
06/05/2025,"-20.50","BOOST JUICE - HARBOUR BIGGERA WATER AUS Card xx5231 Value Date: 03/05/2025","+1163.71"
06/05/2025,"-31.01","Yo-Chi Robina Robina QL AUS Card xx5231 Value Date: 04/05/2025","+1184.21"
06/05/2025,"-44.00","KMART 1148KMART 1148 ROBINA 04 AUS Card xx5231 Value Date: 04/05/2025","+1215.22"
06/05/2025,"-15.35","SMP*The Original Tuguc Tugun AU AUS Card xx5231 Value Date: 04/05/2025","+1259.22"
06/05/2025,"-8.00","ST VINCENT DE PAUL SOC TUGUN AUS Card xx5231 Value Date: 04/05/2025","+1274.57"
06/05/2025,"-5.00","GOLD COAST CITY 3350 SURFERS PARAD AUS Card xx5231 Value Date: 03/05/2025","+1282.57"
06/05/2025,"-10.40","MING MEI ASIAN SMARKET ROBINA TOWN C QL AUS Card xx8935 Value Date: 01/05/2025","+1287.57"
06/05/2025,"-19.70","STARBUCKS COFFEE D00 SURFERS PARAD QL AUS Card xx8935 Value Date: 03/05/2025","+1297.97"
06/05/2025,"-50.87","ALDI STORES - ROBINA ROBINA AUS Card xx8935 Value Date: 03/05/2025","+1317.67"
05/05/2025,"-35.00","Transfer To Miss. Zarah Duffy PayID Phone from CommBank App car Parking","+1368.54"
05/05/2025,"+100.00","Transfer from xx1300 CommBank app","+1403.54"
05/05/2025,"+500.00","Transfer from xx1300 CommBank app","+1303.54"
03/05/2025,"-10.00","XRO: XERO CUSTOM CONNE","+803.54"
03/05/2025,"-4.20","DAITO QUEENSLAND PTY L ROBINA AU AUS Card xx8935 Value Date: 01/05/2025","+813.54"
03/05/2025,"-131.85","WOOLWORTHS 2534 ROBINA QL AUS Card xx8935 Value Date: 01/05/2025","+817.74"
03/05/2025,"-5.89","SQ *KOOCO ESPRESSO BAR Robina QL AUS Card xx8935 Value Date: 01/05/2025","+949.59"
03/05/2025,"-1.00","CIRCUM VENDING MENTONE VI AUS Card xx8935 Value Date: 01/05/2025","+955.48"
03/05/2025,"-5.90","MUFFIN BREAK ROBINA PT ROBINA AUS Card xx8935 Value Date: 01/05/2025","+956.48"
03/05/2025,"-24.00","BAC PARKING ASCOT AUS Card xx5231 Value Date: 30/04/2025","+962.38"
03/05/2025,"-36.38","AMPOL ROBINA 17088F ROBINA AUS Card xx5231 Value Date: 01/05/2025","+986.38"
02/05/2025,"+800.00","Transfer from xx1300 CommBank app","+1022.76"
02/05/2025,"-25.61","ALDI STORES - ROBINA ROBINA AUS Card xx5231 Value Date: 29/04/2025","+222.76"
02/05/2025,"-19.99","H&M HENNES & MAURITZ QLD AU AUS Card xx8935 Value Date: 30/04/2025","+248.37"
02/05/2025,"-74.98","COTTON ON 4923 ROBINA QL AUS Card xx8935 Value Date: 30/04/2025","+268.36"
02/05/2025,"-30.00","GUZMAN Y GOMEZ SURRY HILLS NS AUS Card xx8935 Value Date: 30/04/2025","+343.34"
02/05/2025,"-19.50","GUZMAN Y GOMEZ SURRY HILLS NS AUS Card xx8935 Value Date: 30/04/2025","+373.34"
01/05/2025,"+120.00","Fast Transfer From MR MATTHEW ALEXANDER to PayID Phone Keyboard","+392.84"
01/05/2025,"-15.00","Overdraw Fee For exceeding available funds on 30 Apr","+272.84"
01/05/2025,"+200.00","Transfer from xx1300 CommBank app","+287.84"
01/05/2025,"-5.50","7-ELEVEN 4211 ROBINA QL AUS Card xx5231 Value Date: 29/04/2025","+87.84"
01/05/2025,"-16.80","Subway Bac Service Cen Brisbane Airp QL AUS Card xx5231 Value Date: 28/04/2025","+93.34"
01/05/2025,"-13.00","BAC PARKING ASCOT AUS Card xx5231 Value Date: 28/04/2025","+110.14"
01/05/2025,"-8.50","BUNNINGS 542000 ROBINA AUS Card xx5231 Value Date: 28/04/2025","+123.14"
30/04/2025,"-223.80","Direct Debit 613602 QP EMF RobinaHom DT.426twa QKP_QP E","+131.64"
30/04/2025,"-21.10","GUZMAN Y GOMEZ SURRY HILLS NS AUS Card xx8935 Value Date: 26/04/2025","+355.44"
30/04/2025,"-5.00","EMF ROBINA HOME HUB ROBINA QL AUS Card xx8935 Value Date: 26/04/2025","+376.54"
30/04/2025,"-17.90","KFC AU Brisbane Airpor Brisbane Airp AU AUS Card xx5231 Value Date: 28/04/2025","+381.54"
30/04/2025,"-9.40","7-ELEVEN 4211 ROBINA QL AUS Card xx5231 Value Date: 28/04/2025","+399.44"
30/04/2025,"-57.25","PEARL ENERGY ROBINA ROBINA QL AUS Card xx5231 Value Date: 26/04/2025","+408.84"
30/04/2025,"-12.35","ZARRAFFAS COFFEE WORON WORONGARY AUS Card xx5231 Value Date: 28/04/2025","+466.09"
30/04/2025,"-53.57","ALDI STORES - ROBINA ROBINA AUS Card xx5231 Value Date: 27/04/2025","+478.44"
29/04/2025,"-29.90","Direct Debit 010758 AHM 52803464","+532.01"
29/04/2025,"-1330.00","Transfer To Cambridge CommBank App Rent 3203","+561.91"
29/04/2025,"+1200.00","Transfer from xx9058 CommBank app","+1891.91"
29/04/2025,"-5000.00","Transfer to xx1300 CommBank app","+691.91"
29/04/2025,"+45.20","Refund Purchase FITSTOP ROBINA 1","+5691.91"
29/04/2025,"+45.20","Refund Purchase FITSTOP ROBINA 1","+5646.71"
29/04/2025,"-189.00","ROBINA DENTAL PTY LTD ROBINA QL AUS Card xx8935 Value Date: 24/04/2025","+5601.51"
29/04/2025,"-22.90","GUZMAN Y GOMEZ SURRY HILLS NS AUS Card xx8935 Value Date: 24/04/2025","+5790.51"
29/04/2025,"-12.59","SQ *KOOCO ESPRESSO BAR Robina QL AUS Card xx8935 Value Date: 24/04/2025","+5813.41"
29/04/2025,"-23.23","STARBUCKS COFFEE D03 ROBINA QL AUS Card xx8935 Value Date: 25/04/2025","+5826.00"
29/04/2025,"-35.27","ALDI STORES - ROBINA ROBINA AUS Card xx8935 Value Date: 24/04/2025","+5849.23"
29/04/2025,"-86.97","WOOLWORTHS 2645 ROBINA QL AUS Card xx5231 Value Date: 24/04/2025","+5884.50"
29/04/2025,"-32.98","AK PHARM KTE BUS DOUG ROBINA AUS Card xx5231 Value Date: 24/04/2025","+5971.47"
29/04/2025,"-6.40","STARBUCKS COFFEE D03 ROBINA QL AUS Card xx5231 Value Date: 26/04/2025","+6004.45"
29/04/2025,"-7.10","SMP*Market Place Cafe3 Robina AU AUS Card xx5231 Value Date: 26/04/2025","+6010.85"
29/04/2025,"-38.14","TheLottCafeRobina Robina AU AUS Card xx5231 Value Date: 27/04/2025","+6017.95"
29/04/2025,"-27.50","RENT COM AU PTY LTD CITY BEACH AUS Card xx5231 Value Date: 26/04/2025","+6056.09"
29/04/2025,"+5000.00","Fast Transfer From M L A EDUBAS PNB Mamang","+6083.59"
28/04/2025,"-80.39","Direct Debit 142038 BUDGET DIRECT 120249620131054317","+1083.59"
28/04/2025,"+350.00","Fast Transfer From MICHEL EDUBAS Transfer","+1163.98"
28/04/2025,"-35.00","Transfer To Miss. Zarah Duffy PayID Phone from CommBank App car Parking","+813.98"
28/04/2025,"-79.95","RUSH BROADBAND","+848.98"
27/04/2025,"-45.20","FITSTOP ROBINA 1","+928.93"
27/04/2025,"-45.20","FITSTOP ROBINA 1","+974.13"
26/04/2025,"+30.00","Fast Transfer From Candice Caruso to PayID Phone Dog bag","+1019.33"
25/04/2025,"-30.00","Transfer To D WHAN PayID Phone from CommBank App GYG","+989.33"
25/04/2025,"-59.80","UBER *TRIP HELP.UBER.C 14518236738 AU AUS Card xx8935 Value Date: 23/04/2025","+1019.33"
24/04/2025,"-18.17","Homm MC Melbourne VI AUS Card xx8935 Value Date: 21/04/2025","+1079.13"
24/04/2025,"-57.96","3 Brothersss Indian R MELBOURNE 03 AUS Card xx8935 Value Date: 22/04/2025","+1097.30"
23/04/2025,"-12.00","COLES 4427COLES 4427 ROBINA 04 AUS Card xx5231 Value Date: 17/04/2025","+1155.26"
23/04/2025,"-10.14","SQ *ROSITA FLOWERS ROB Robina QL AUS Card xx5231 Value Date: 17/04/2025","+1167.26"
23/04/2025,"-8.00","7-ELEVEN 4211 ROBINA QL AUS Card xx5231 Value Date: 17/04/2025","+1177.40"
23/04/2025,"-11.55","SQ *CREMA CRAZE Robina QL AUS Card xx5231 Value Date: 17/04/2025","+1185.40"
23/04/2025,"-8.17","STARBUCKS COFFEE D03 ROBINA QL AUS Card xx5231 Value Date: 18/04/2025","+1196.95"
23/04/2025,"-43.74","WHSGOLDCOASTDOMCTNS1 Bilinga QL AUS Card xx5231 Value Date: 19/04/2025","+1205.12"
23/04/2025,"-19.23","ALDI STORES - ROBINA ROBINA AUS Card xx5231 Value Date: 17/04/2025","+1248.86"
23/04/2025,"-50.58","HOMESE PTY LTD VARSITY LAKES AU AUS Card xx5231 Value Date: 18/04/2025","+1268.09"
23/04/2025,"-12.20","HANNAS - MELB AIRPORT FITZROY NORTH AU AUS Card xx5231 Value Date: 19/04/2025","+1318.67"
23/04/2025,"-23.32","THE HOYTS CORPORATIO TWEED HEADS S AUS Card xx5231 Value Date: 18/04/2025","+1330.87"
23/04/2025,"-11.95","PlaystationNetwork LONDON GB GBR Card xx5231 AUD 11.95 Value Date: 20/04/2025","+1354.19"
23/04/2025,"-193.60","SP MUKTI BOTANICALS MULLUMBIMBY NS AUS Card xx8935 Value Date: 17/04/2025","+1366.14"
23/04/2025,"-62.85","ROBINA DENTAL PTY LTD ROBINA QL AUS Card xx8935 Value Date: 17/04/2025","+1559.74"
23/04/2025,"-6.65","SNACK STATION NERANG QL AUS Card xx8935 Value Date: 17/04/2025","+1622.59"
23/04/2025,"-10.00","Hubbl - BINGE North Ryde AU AUS Card xx8935 Value Date: 17/04/2025","+1629.24"
23/04/2025,"-23.48","PETBARN ROBINAHOME ROBINA AUS Card xx8935 Value Date: 16/04/2025","+1639.24"
23/04/2025,"-12.17","BARBOSA FINE FOOD DELI ROBINA AU AUS Card xx8935 Value Date: 17/04/2025","+1662.72"
23/04/2025,"-25.40","Hoyts Sydney AU AUS Card xx8935 Value Date: 18/04/2025","+1674.89"
23/04/2025,"-40.30","UBER *TRIP HELP.UBER.C 14518236738 AU AUS Card xx8935 Value Date: 19/04/2025","+1700.29"
23/04/2025,"-7.05","WHS GOLD DOMESTIC BOOK GOLD COAST AU AUS Card xx8935 Value Date: 19/04/2025","+1740.59"
23/04/2025,"-14.99","H&M HENNES & MAURITZ Melbourne AU AUS Card xx8935 Value Date: 20/04/2025","+1747.64"
23/04/2025,"-11.45","UBER *TRIP HELP.UBER.C 14518236738 AU AUS Card xx8935 Value Date: 20/04/2025","+1762.63"
23/04/2025,"-17.62","UBER *TRIP Sydney AU AUS Card xx8935 Value Date: 20/04/2025","+1774.08"
23/04/2025,"-24.27","GUZMAN Y GOMEZ SURRY HILLS NS AUS Card xx8935 Value Date: 19/04/2025","+1791.70"
23/04/2025,"+1000.00","Transfer from xx9058 CommBank app","+1815.97"
22/04/2025,"-29.90","Direct Debit 010758 AHM 51150161","+815.97"
21/04/2025,"-100.00","Transfer to xx9058 CommBank app","+845.87"
20/04/2025,"-45.20","FITSTOP ROBINA 1","+945.87"
20/04/2025,"-45.20","FITSTOP ROBINA 1","+991.07"
18/04/2025,"-6.65","SNACK STATION NERANG QL AUS Card xx8935 Value Date: 16/04/2025","+1036.27"
18/04/2025,"-21.58","FLANNERYS MIAMI MIAMI AU AUS Card xx5231 Value Date: 16/04/2025","+1042.92"
17/04/2025,"-79.00","OFFICEWORKS 0422OFFICE NERANG 04 AUS Card xx5231 Value Date: 15/04/2025","+1064.50"
17/04/2025,"-13.00","STARBUCKS COFFEE D03 ROBINA QL AUS Card xx5231 Value Date: 15/04/2025","+1143.50"
16/04/2025,"-223.80","Direct Debit 613602 QP EMF RobinaHom DT.40i0dw QKP_QP E","+1156.50"
16/04/2025,"+1000.00","Transfer from xx9058 CommBank app","+1380.30"
16/04/2025,"-72.61","COLES 4427COLES 4427 ROBINA 04 AUS Card xx8935 Value Date: 14/04/2025","+380.30"
16/04/2025,"-5.50","GUZMAN Y GOMEZ SURRY HILLS NS AUS Card xx8935 Value Date: 13/04/2025","+452.91"
16/04/2025,"-31.92","WABISABI SUSHI BAR ROBINA QL AUS Card xx5231 Value Date: 12/04/2025","+458.41"
16/04/2025,"-55.50","CRAFTED COFFEE CO ROBINA QL AUS Card xx5231 Value Date: 12/04/2025","+490.33"
16/04/2025,"-13.50","SQ *SALTY PLUM JAPANES Robina QL AUS Card xx5231 Value Date: 14/04/2025","+545.83"
16/04/2025,"-41.99","TK MAXX ROBINA ROBINA AUS Card xx5231 Value Date: 12/04/2025","+559.33"
16/04/2025,"-50.54","PEARL ENERGY ROBINA ROBINA QL AUS Card xx5231 Value Date: 13/04/2025","+601.32"
16/04/2025,"-5.01","ALDI STORES - ROBINA ROBINA AUS Card xx5231 Value Date: 13/04/2025","+651.86"
15/04/2025,"-900.00","Transfer to xx8243 CommBank app","+656.87"
15/04/2025,"-6.13","SQ *CREMA CRAZE Robina QL AUS Card xx5231 Value Date: 11/04/2025","+1556.87"
15/04/2025,"-29.32","HOMESE PTY LTD VARSITY LAKES AU AUS Card xx5231 Value Date: 10/04/2025","+1563.00"
15/04/2025,"-38.75","AKEY PTY LTD ROBINA AUS Card xx5231 Value Date: 13/04/2025","+1592.32"
15/04/2025,"-138.95","SP OZ HAIR BEAUTY MIRANDA NS AUS Card xx8935 Value Date: 12/04/2025","+1631.07"
15/04/2025,"-19.73","COLES 4427COLES 4427 ROBINA 04 AUS Card xx8935 Value Date: 12/04/2025","+1770.02"
15/04/2025,"-13.79","BARBOSA FINE FOOD DELI ROBINA AU AUS Card xx8935 Value Date: 12/04/2025","+1789.75"
15/04/2025,"-20.00","BurleighHeadsTobacco Burleigh Head AU AUS Card xx8935 Value Date: 13/04/2025","+1803.54"
15/04/2025,"-1330.00","Transfer to other Bank NetBank Rent 3203","+1823.54"
14/04/2025,"-80.39","Direct Debit 142038 BUDGET DIRECT 120249620130260906","+3153.54"
14/04/2025,"-1500.00","Transfer to xx8243 CommBank app","+3233.93"
14/04/2025,"+4000.00","Fast Transfer From MICHEL EDUBAS Transfer to joint","+4733.93"
14/04/2025,"-20.00","Transfer to xx9058 CommBank app","+733.93"
14/04/2025,"-0.48","EasyPark","+753.93"
13/04/2025,"-30.00","Transfer to xx9058 CommBank app","+754.41"
13/04/2025,"-45.20","FITSTOP ROBINA 1","+784.41"
13/04/2025,"-45.20","FITSTOP ROBINA 1","+829.61"
12/04/2025,"-45.00","HEALTHY PETS PLUS","+874.81"
12/04/2025,"-14.15","SNACK STATION NERANG QL AUS Card xx8935 Value Date: 10/04/2025","+919.81"
12/04/2025,"-10.00","SQ *SALTY PLUM JAPANES Robina QL AUS Card xx5231 Value Date: 10/04/2025","+933.96"
11/04/2025,"-60.00","Transfer to xx9058 CommBank app","+943.96"
11/04/2025,"-16.80","BRENDAN DR SNACK BAR NERANG QL AUS Card xx8935 Value Date: 09/04/2025","+1003.96"
11/04/2025,"-20.00","BurleighHeadsTobacco Burleigh Head AU AUS Card xx5231 Value Date: 09/04/2025","+1020.76"
11/04/2025,"-20.81","SQ *KOOCO ESPRESSO BAR Robina QL AUS Card xx5231 Value Date: 09/04/2025","+1040.76"
11/04/2025,"-15.00","SQ *SALTY PLUM JAPANES Robina QL AUS Card xx5231 Value Date: 09/04/2025","+1061.57"
11/04/2025,"-17.50","TATTS ONLINE PTY LTD 61398682374 AU AUS Card xx5231 Value Date: 08/04/2025","+1076.57"
11/04/2025,"-8.20","GYG Nerang Nerang QL AUS Card xx5231 Value Date: 10/04/2025","+1094.07"
10/04/2025,"+800.00","Transfer from xx9058 CommBank app","+1102.27"
10/04/2025,"-1.00","CIRCUM VENDING MENTONE VI AUS Card xx8935 Value Date: 08/04/2025","+302.27"
10/04/2025,"+120.00","Return Mecca Brands Pty Ltd RICHMOND AU AUS Card xx8935 Value Date: 08/04/2025","+303.27"
10/04/2025,"-15.92","TEMU.COM PARRAMATTA NS AUS Card xx5231 Value Date: 08/04/2025","+183.27"
09/04/2025,"-12.17","EARTH MARKETS ROBINA ROBINA QL AUS Card xx8935 Value Date: 06/04/2025","+199.19"
09/04/2025,"-54.46","AMAZON MARKETPLACE AU SYDNEY SOUTH NS AUS Card xx5231 Value Date: 06/04/2025","+211.36"
08/04/2025,"-11.00","Transfer To Jason Szabo CommBank App GYG","+265.82"
08/04/2025,"-58.99","TheLottCafeRobina Robina AU AUS Card xx5231 Value Date: 06/04/2025","+276.82"
08/04/2025,"-13.73","PlaystationNetwork London GB GBR Card xx5231 AUD 13.73 Value Date: 06/04/2025","+335.81"
08/04/2025,"-31.50","STARBUCKS COFFEE D03 ROBINA QL AUS Card xx5231 Value Date: 06/04/2025","+349.54"
08/04/2025,"-30.00","ZLR*Studio Pilates Rob Robina AU AUS Card xx8935 Value Date: 03/04/2025","+381.04"
08/04/2025,"-6.65","SNACK STATION NERANG QL AUS Card xx8935 Value Date: 04/04/2025","+411.04"
08/04/2025,"-120.00","Mecca Brands Pty Ltd RICHMOND AU AUS Card xx8935 Value Date: 04/04/2025","+417.69"
08/04/2025,"-110.20","WOOLWORTHS 2645 ROBINA QL AUS Card xx8935 Value Date: 06/04/2025","+537.69"
08/04/2025,"-8.35","VAR HAPPY PTY LTD Robina AU AUS Card xx8935 Value Date: 06/04/2025","+647.89"
08/04/2025,"-5.89","SQ *KOOCO ESPRESSO BAR Robina QL AUS Card xx8935 Value Date: 06/04/2025","+656.24"
08/04/2025,"-41.00","Mecca Brands Pty Ltd Brisbane AU AUS Card xx8935 Value Date: 06/04/2025","+662.13"
08/04/2025,"-5.50","Bakers Delight Robina AU AUS Card xx8935 Value Date: 06/04/2025","+703.13"
08/04/2025,"-30.95","SP OZ HAIR BEAUTY MIRANDA NS AUS Card xx8935 Value Date: 06/04/2025","+708.63"
08/04/2025,"-90.66","Transfer To Cambridge Asset Management NetBank 3203 Water","+739.58"
06/04/2025,"-200.00","Transfer to xx9058 CommBank app","+830.24"
06/04/2025,"+500.00","Transfer from xx1300 CommBank app","+1030.24"
06/04/2025,"-45.20","FITSTOP ROBINA 1","+530.24"
06/04/2025,"-45.20","FITSTOP ROBINA 1","+575.44"
05/04/2025,"-2.20","CIRCUM VENDING MENTONE VI AUS Card xx8935 Value Date: 03/04/2025","+620.64"
05/04/2025,"-6.40","STARBUCKS COFFEE D03 ROBINA QL AUS Card xx8935 Value Date: 03/04/2025","+622.84"
05/04/2025,"-1.00","CIRCUM VENDING MENTONE VI AUS Card xx8935 Value Date: 03/04/2025","+629.24"
04/04/2025,"-20.00","PERFECT BROWS","+630.24"
04/04/2025,"-1.00","CIRCUM VENDING MENTONE VI AUS Card xx8935 Value Date: 02/04/2025","+650.24"
04/04/2025,"-15.00","COTTON ON BODY 4435 ROBINA QL AUS Card xx8935 Value Date: 02/04/2025","+651.24"
04/04/2025,"-6.65","SNACK STATION NERANG QL AUS Card xx8935 Value Date: 02/04/2025","+666.24"
04/04/2025,"-9.00","EMF ROBINA HOME HUB ROBINA QL AUS Card xx8935 Value Date: 02/04/2025","+672.89"
04/04/2025,"-0.67","International Transaction Fee Value Date: 02/04/2025","+681.89"
04/04/2025,"-19.22","DREAMHOST DH-FEE.COM CA USA Card xx5231 USD 11.95 Value Date: 01/04/2025","+682.56"
03/04/2025,"-294.13","ORIGIN ENERGY BARANGAROO AU","+701.78"
03/04/2025,"-1.00","CIRCUM VENDING MENTONE VI AUS Card xx8935 Value Date: 01/04/2025","+995.91"
03/04/2025,"-14.15","SNACK STATION NERANG QL AUS Card xx8935 Value Date: 01/04/2025","+996.91"
03/04/2025,"-31.60","GUZMAN Y GOMEZ SURRY HILLS NS AUS Card xx8935 Value Date: 01/04/2025","+1011.06"
03/04/2025,"-1.00","CIRCUM VENDING MENTONE VI AUS Card xx8935 Value Date: 01/04/2025","+1042.66"
03/04/2025,"-7.70","MCDONALDS DT 0865 SOUTHPORT AUS Card xx5231 Value Date: 31/03/2025","+1043.66"
02/04/2025,"-9.00","STARBUCKS COFFEE D03 ROBINA QL AUS Card xx5231 Value Date: 31/03/2025","+1051.36"
02/04/2025,"-1330.00","Transfer to other Bank NetBank Rent 3203","+1060.36"
01/04/2025,"+1000.00","Transfer from xx9058 CommBank app","+2390.36"
01/04/2025,"-20.00","THE BODY SHOP ROBINA QL AUS Card xx8935 Value Date: 27/03/2025","+1390.36"
01/04/2025,"-8.05","METRO NERANG - INSTORE NERANG QL AUS Card xx5231 Value Date: 31/03/2025","+1410.36"
01/04/2025,"+120.00","Transfer from xx9058 CommBank app","+1418.41"
31/03/2025,"-80.39","Direct Debit 142038 BUDGET DIRECT 120249620129414780","+1298.41"
31/03/2025,"-32.70","Direct Debit 010758 AHM 52803464","+1378.80"
30/03/2025,"-20.00","Transfer To R EVANS PayID Phone from CommBank App thanks bro","+1411.50"
30/03/2025,"-45.20","FITSTOP ROBINA 1","+1431.50"
30/03/2025,"-45.20","FITSTOP ROBINA 1","+1476.70"
30/03/2025,"-1.34","EasyPark","+1521.90"
29/03/2025,"-13.95","SNACK STATION NERANG QL AUS Card xx8935 Value Date: 27/03/2025","+1523.24"
29/03/2025,"-10.90","BRENDAN DR SNACK BAR NERANG QL AUS Card xx8935 Value Date: 27/03/2025","+1537.19"
28/03/2025,"+79.00","Fast Transfer From DIANA REYES ORELLANA Food","+1548.09"
28/03/2025,"+100.00","Fast Transfer From DIANA REYES ORELLANA Alcohol","+1469.09"
28/03/2025,"-79.95","RUSH BROADBAND","+1369.09"
28/03/2025,"-31.64","ALDI STORES - ROBINA ROBINA AUS Card xx8935 Value Date: 25/03/2025","+1449.04"
27/03/2025,"-10.90","BRENDAN DR SNACK BAR NERANG QL AUS Card xx8935 Value Date: 25/03/2025","+1480.68"
26/03/2025,"+1000.00","Transfer from xx9058 CommBank app","+1491.58"
26/03/2025,"-25.00","GUZMAN Y GOMEZ SURRY HILLS NS AUS Card xx8935 Value Date: 24/03/2025","+491.58"
26/03/2025,"-29.60","GUZMAN Y GOMEZ SURRY HILLS NS AUS Card xx8935 Value Date: 23/03/2025","+516.58"
26/03/2025,"-23.79","YOUR ORGANIC PANTRY BH BURLEIGH HEAD QL AUS Card xx8935 Value Date: 23/03/2025","+546.18"
26/03/2025,"-38.67","ALDI STORES - ROBINA ROBINA AUS Card xx8935 Value Date: 23/03/2025","+569.97"
25/03/2025,"-59.49","FITSTOP ROBINA 1","+608.64"
25/03/2025,"-52.35","FITSTOP ROBINA 1","+668.13"
25/03/2025,"-1500.00","Transfer to xx8243 CommBank app","+720.48"
25/03/2025,"+2000.00","Fast Transfer From MICHEL EDUBAS Transfer to join","+2220.48"
25/03/2025,"-100.00","Transfer to xx9058 CommBank app","+220.48"
25/03/2025,"-45.54","AMAZON AU MARKETPLACE SYDNEY AUS Card xx5231 Value Date: 21/03/2025","+320.48"
25/03/2025,"-32.95","-THE-ICONIC-323000000 SYDNEY NS AUS Card xx8935 Value Date: 21/03/2025","+366.02"
25/03/2025,"-86.00","Lush Robina Robina AU AUS Card xx8935 Value Date: 21/03/2025","+398.97"
25/03/2025,"-2.00","ROBINA PARKWAY CHEMQPS ROBINA AUS Card xx8935 Value Date: 21/03/2025","+484.97"
25/03/2025,"-19.67","PALMBEACHSLSSUPPORTER Palm Beach QL AUS Card xx8935 Value Date: 23/03/2025","+486.97"
25/03/2025,"-10.00","ST VIN DE PAUL SOC NSW KINGSCLIFF AUS Card xx8935 Value Date: 22/03/2025","+506.64"
25/03/2025,"-12.50","BIG W 0243 ROBINA QL AUS Card xx8935 Value Date: 23/03/2025","+516.64"
25/03/2025,"-10.03","ODAYA Sunnybank AU AUS Card xx8935 Value Date: 23/03/2025","+529.14"
25/03/2025,"-45.99","CBeach Robina Robina AU AUS Card xx8935 Value Date: 23/03/2025","+539.17"
25/03/2025,"-31.15","KMART 1148KMART 1148 ROBINA 04 AUS Card xx8935 Value Date: 23/03/2025","+585.16"
25/03/2025,"-48.78","FITSTOP ROBINA 1","+616.31"
24/03/2025,"-12.00","Transfer To Beverley Mcclintock PayID Phone from CommBank App Coffee","+665.09"
24/03/2025,"-2.23","EasyPark","+677.09"
23/03/2025,"+10.50","Fast Transfer From DIANA REYES ORELLANA Birthday deco","+679.32"
23/03/2025,"-5.00","Transfer To K EDMONDS PayID Phone from CommBank App head set","+668.82"
23/03/2025,"-25.00","Transfer To H JENSEN PayID Email from CommBank App Dress","+673.82"
23/03/2025,"+500.00","Transfer from xx1300 CommBank app","+698.82"
23/03/2025,"-10.00","Transfer To JYE MUNRO PayID Phone from CommBank App shirt","+198.82"
22/03/2025,"-11.95","PlayStation Network Sony PSN GBR Card xx5231 AUD 11.95 Value Date: 20/03/2025","+208.82"
21/03/2025,"-29.75","Direct Debit 010758 AHM 51150161","+220.77"
21/03/2025,"-27.65","WOOLWORTHS 2645 ROBINA QL AUS Card xx8935 Value Date: 19/03/2025","+250.52"
21/03/2025,"-11.90","BRENDAN DR SNACK BAR NERANG QL AUS Card xx8935 Value Date: 19/03/2025","+278.17"
20/03/2025,"-6.05","SNACK STATION NERANG QL AUS Card xx8935 Value Date: 18/03/2025","+290.07"
20/03/2025,"-73.91","WITCHERY BURNLEY VI AUS Card xx8935 Value Date: 18/03/2025","+296.12"
20/03/2025,"-11.30","BRENDAN DR SNACK BAR NERANG QL AUS Card xx8935 Value Date: 18/03/2025","+370.03"
19/03/2025,"-10.00","Hubbl - BINGE North Ryde AU AUS Card xx8935 Value Date: 17/03/2025","+381.33"
19/03/2025,"-5.10","ZARRAFAS COFFEE NERANG NERANG AUS Card xx8935 Value Date: 17/03/2025","+391.33"
19/03/2025,"-1330.00","Transfer to other Bank NetBank Rent 3203","+396.43"
18/03/2025,"+10.13","Fast Transfer From J W CONNOP to PayID Phone Sando","+1726.43"
18/03/2025,"-16.20","LITTLE GREEK FOODS PTY MIAMI AU AUS Card xx8935 Value Date: 15/03/2025","+1716.30"
18/03/2025,"-10.00","BIG W 0243 ROBINA QL AUS Card xx8935 Value Date: 16/03/2025","+1732.50"
18/03/2025,"-35.93","SQ *MEMENTO ROBINA Robina QL AUS Card xx8935 Value Date: 16/03/2025","+1742.50"
18/03/2025,"+400.00","Transfer from xx9058 CommBank app","+1778.43"
17/03/2025,"-81.06","Direct Debit 142038 BUDGET DIRECT 120249620128461315","+1378.43"
16/03/2025,"-3000.00","Transfer to xx8243 CommBank app","+1459.49"
16/03/2025,"-52.35","FITSTOP ROBINA 1","+4459.49"
15/03/2025,"-4.20","DAITO QUEENSLAND PTY L ROBINA AU AUS Card xx8935 Value Date: 13/03/2025","+4511.84"
15/03/2025,"-12.00","Jamaica Blue Robina Robina QL AUS Card xx8935 Value Date: 13/03/2025","+4516.04"
15/03/2025,"-32.99","LOVISA PL-ROBINA TWO ROBINA AUS Card xx8935 Value Date: 13/03/2025","+4528.04"
14/03/2025,"+4000.00","Fast Transfer From MICHEL EDUBAS Joint","+4561.03"
14/03/2025,"-22.00","KMART 1148KMART 1148 ROBINA 04 AUS Card xx8935 Value Date: 12/03/2025","+561.03"
14/03/2025,"-10.99","POST ROBINA POST SHOP ROBINA AUS Card xx8935 Value Date: 12/03/2025","+583.03"
13/03/2025,"-10.50","GYG Robina Drive Thru Robina QL AUS Card xx8935 Value Date: 11/03/2025","+594.02"
13/03/2025,"-38.14","CW VARSITY LAKES VARSITY LAKES QL AUS Card xx8935 Value Date: 11/03/2025","+604.52"
13/03/2025,"-22.30","LS Kudo bros Varsity Lakes AU AUS Card xx8935 Value Date: 11/03/2025","+642.66"
13/03/2025,"-15.76","SMP*The Market Place C Robina AU AUS Card xx8935 Value Date: 11/03/2025","+664.96"
12/03/2025,"-45.00","HEALTHY PETS PLUS","+680.72"
12/03/2025,"-5.89","SQ *KOOCO ESPRESSO BAR Robina QL AUS Card xx8935 Value Date: 10/03/2025","+725.72"
12/03/2025,"-14.92","SQ *KOOCO ESPRESSO BAR Robina QL AUS Card xx8935 Value Date: 10/03/2025","+731.61"
12/03/2025,"-69.98","Bras N Things Robina AU AUS Card xx8935 Value Date: 10/03/2025","+746.53"
12/03/2025,"-28.00","BOHEME + BODY YOGA STU VARSITY LAKES QU AUS Card xx8935 Value Date: 11/03/2025","+816.51"
12/03/2025,"-31.65","MCDONALDS ROBINA CENT ROBINA AUS Card xx8935 Value Date: 08/03/2025","+844.51"
11/03/2025,"-50.50","7-ELEVEN 4195 ROBINA QL AUS Card xx8935 Value Date: 07/03/2025","+876.16"
11/03/2025,"-59.00","FIERCE GRACE YOGA GC CARRARA QL AUS Card xx8935 Value Date: 08/03/2025","+926.66"
11/03/2025,"-62.40","SQ *HUDSON & ROSIES TA Highland Park QL AUS Card xx8935 Value Date: 09/03/2025","+985.66"
11/03/2025,"-12.99","H&M HENNES & MAURITZ QLD AU AUS Card xx8935 Value Date: 09/03/2025","+1048.06"
11/03/2025,"-27.55","HANARO TRADING PTY LTD ROBINA AUS Card xx8935 Value Date: 09/03/2025","+1061.05"
09/03/2025,"-55.00","Transfer to xx9058 CommBank app","+1088.60"
08/03/2025,"-69.95","PlaystationNetwork London GB GBR Card xx5231 AUD 69.95 Value Date: 07/03/2025","+1143.60"
07/03/2025,"-64.97","H&M HENNES & MAURITZ QLD AU AUS Card xx8935 Value Date: 05/03/2025","+1213.55"
07/03/2025,"-6.05","SNACK STATION NERANG QL AUS Card xx8935 Value Date: 05/03/2025","+1278.52"
07/03/2025,"-5.08","EARTH MARKETS ROBINA ROBINA QL AUS Card xx8935 Value Date: 05/03/2025","+1284.57"
06/03/2025,"-0.07","International Transaction Fee Value Date: 03/03/2025","+1289.65"
06/03/2025,"-2.02","GROWTH BUNDLE TILST DU DNK Card xx8935 GBP 0.99 Value Date: 04/03/2025","+1289.72"
06/03/2025,"-60.00","STUDIO PILATES ROBINA MUDGEERABA QU AUS Card xx8935 Value Date: 04/03/2025","+1291.74"
05/03/2025,"-26.40","GUZMAN Y GOMEZ SURRY HILLS NS AUS Card xx8935 Value Date: 03/03/2025","+1351.74"
05/03/2025,"-27.10","GUZMAN Y GOMEZ SURRY HILLS NS AUS Card xx8935 Value Date: 02/03/2025","+1378.14"
05/03/2025,"-43.33","PLINEPH ROBINA UPPER ROBINA TOWN C AUS Card xx8935 Value Date: 02/03/2025","+1405.24"
04/03/2025,"+1000.00","Transfer from xx9058 CommBank app","+1448.57"
04/03/2025,"-33.25","KMART 1148KMART 1148 ROBINA 04 AUS Card xx8935 Value Date: 01/03/2025","+448.57"
04/03/2025,"-11.98","FLANNERYS ROBINA ROBINA AU AUS Card xx8935 Value Date: 01/03/2025","+481.82"
04/03/2025,"-5.45","SPANOS IGA ROBINA ROBINA AUS Card xx8935 Value Date: 01/03/2025","+493.80"
04/03/2025,"-0.67","International Transaction Fee Value Date: 02/03/2025","+499.25"
04/03/2025,"-19.26","DREAMHOST DH-FEE.COM CA USA Card xx5231 USD 11.95 Value Date: 02/03/2025","+499.92"
04/03/2025,"-1330.00","Transfer to other Bank NetBank Rent 3203","+519.18"
03/03/2025,"-68.89","Direct Debit 142038 BUDGET DIRECT 120249620127582461","+1849.18"
03/03/2025,"-20.53","MY TELEHEALTH CLINIC","+1918.07"
03/03/2025,"-20.53","MY TELEHEALTH CLINIC","+1938.60"
01/03/2025,"-30.40","GUZMAN Y GOMEZ SURRY HILLS NS AUS Card xx8935 Value Date: 27/02/2025","+1959.13"
01/03/2025,"-197.73","HOME AFFAIRS - ONLINE SOUTHPORT AUS Card xx8935 Value Date: 28/02/2025","+1989.53"
28/02/2025,"-79.95","RUSH BROADBAND","+2187.26"
28/02/2025,"-8.40","STARBUCKS COFFEE D03 ROBINA QL AUS Card xx8935 Value Date: 26/02/2025","+2267.21"
28/02/2025,"-6.05","SNACK STATION NERANG QL AUS Card xx8935 Value Date: 26/02/2025","+2275.61"
27/02/2025,"-11.80","COLES 4427COLES 4427 ROBINA 04 AUS Card xx8935 Value Date: 25/02/2025","+2281.66"
27/02/2025,"-8.40","STARBUCKS COFFEE D03 ROBINA QL AUS Card xx8935 Value Date: 25/02/2025","+2293.46"
27/02/2025,"-53.16","AK PHARM KTE BUS DOUG ROBINA AUS Card xx8935 Value Date: 25/02/2025","+2301.86"
27/02/2025,"-11.95","SNACK STATION NERANG QL AUS Card xx8935 Value Date: 25/02/2025","+2355.02"
27/02/2025,"-22.10","GUZMAN Y GOMEZ SURRY HILLS NS AUS Card xx8935 Value Date: 25/02/2025","+2366.97"
26/02/2025,"+1000.00","Transfer from xx9058 CommBank app","+2389.07"
26/02/2025,"-39.70","JUST HEALTHY ROBINA QL AUS Card xx8935 Value Date: 22/02/2025","+1389.07"
25/02/2025,"-7.00","GUZMAN Y GOMEZ SURRY HILLS NS AUS Card xx8935 Value Date: 21/02/2025","+1428.77"
25/02/2025,"-25.40","COLES 4427COLES 4427 ROBINA AU AUS Card xx8935 Value Date: 22/02/2025","+1435.77"
25/02/2025,"-35.98","Bras N Things Robina AU AUS Card xx8935 Value Date: 22/02/2025","+1461.17"
25/02/2025,"-6.06","JACARANDA ROBINA Robina QL AUS Card xx8935 Value Date: 22/02/2025","+1497.15"
25/02/2025,"-10.10","JACARANDA ROBINA Robina QL AUS Card xx8935 Value Date: 22/02/2025","+1503.21"
24/02/2025,"-50.00","Transfer To Yulia Engelbrecht CommBank App Anastasia","+1513.31"
22/02/2025,"-14.30","STARBUCKS COFFEE D03 ROBINA QL AUS Card xx8935 Value Date: 20/02/2025","+1563.31"
21/02/2025,"-29.75","Direct Debit 010758 AHM 51150161","+1577.61"
21/02/2025,"-150.00","Transfer to other Bank CommBank app Documents","+1607.36"
21/02/2025,"-27.10","GUZMAN Y GOMEZ SURRY HILLS NS AUS Card xx8935 Value Date: 19/02/2025","+1757.36"
20/02/2025,"-14.50","GUZMAN Y GOMEZ SURRY HILLS NS AUS Card xx8935 Value Date: 18/02/2025","+1784.46"
19/02/2025,"-63.05","GLAMACO MMAID WATERS MERMAID WATER QL AUS Card xx8935 Value Date: 17/02/2025","+1798.96"
19/02/2025,"-5.55","SNACK STATION NERANG QL AUS Card xx8935 Value Date: 17/02/2025","+1862.01"
19/02/2025,"-12.90","BETTY'S BURGERS AUSTRA ROBINA TOWN C AUS Card xx8935 Value Date: 16/02/2025","+1867.56"
18/02/2025,"-43.53","BAM BAM BAKEHOUSE MERMAID BEACH QL AUS Card xx8935 Value Date: 15/02/2025","+1880.46"
18/02/2025,"-1330.00","Transfer to other Bank NetBank Rent 3203","+1923.99"
17/02/2025,"-68.89","Direct Debit 142038 BUDGET DIRECT 120249620126675129","+3253.99"
16/02/2025,"-1500.00","Transfer to xx8243 CommBank app","+3322.88"
15/02/2025,"+4000.00","Fast Transfer From MICHEL EDUBAS Transfer to Joint","+4822.88"
15/02/2025,"-6.05","SNACK STATION NERANG QL AUS Card xx8935 Value Date: 13/02/2025","+822.88"
14/02/2025,"-95.88","5TH ELEMENT WELLNESS","+828.93"
14/02/2025,"+76.06","Refund Purchase FAIRFIELD NUTRITION","+924.81"
14/02/2025,"-20.50","WOOLWORTHS 2645 ROBINA QL AUS Card xx8935 Value Date: 12/02/2025","+848.75"
14/02/2025,"-15.16","Rolld - Robina Robina AU AUS Card xx8935 Value Date: 12/02/2025","+869.25"
13/02/2025,"-76.06","FAIRFIELD NUTRITION","+884.41"
12/02/2025,"-45.00","HEALTHY PETS PLUS","+960.47"
12/02/2025,"+1000.00","Transfer from xx9058 CommBank app","+1005.47"
10/02/2025,"-12.00","Transfer to xx9058 CommBank app","+5.47"
10/02/2025,"-16.72","EasyPark","+17.47"
09/02/2025,"-1.67","EasyPark","+34.19"
07/02/2025,"-34.98","ALDI STORES - ROBINA ROBINA AUS Card xx5231 Value Date: 04/02/2025","+35.86"
05/02/2025,"-1330.00","Transfer to other Bank NetBank Rent 3203","+70.84"
04/02/2025,"+1100.00","Transfer from xx9058 CommBank app","+1400.84"
04/02/2025,"-5.00","INUGO 800CFK Surfers Parad QL AUS Card xx5231 Value Date: 31/01/2025","+300.84"
03/02/2025,"-68.89","Direct Debit 142038 BUDGET DIRECT 120249620125858873","+305.84"
03/02/2025,"-6.24","EasyPark","+374.73"
02/02/2025,"-45.20","FITSTOP ROBINA 1","+380.97"
02/02/2025,"-45.20","FITSTOP ROBINA 1","+426.17"
01/02/2025,"-0.01","Debit Excess Interest","+471.37"
31/01/2025,"-79.95","RUSH BROADBAND","+471.38"
30/01/2025,"+500.00","Fast Transfer From MICHEL EDUBAS Joint transfer","+551.33"
29/01/2025,"-299.00","Transfer To Beacon Dog Training CommBank App Dog training","+51.33"
29/01/2025,"-21.40","SQ *THE FRESHWATER KIT Iluka NS AUS Card xx8935 Value Date: 25/01/2025","+350.33"
29/01/2025,"-6.00","LSP*Botero Roastery Ca Maclean AU AUS Card xx8935 Value Date: 25/01/2025","+371.73"
29/01/2025,"-36.00","LSP*Botero Roastery Ca Maclean AU AUS Card xx8935 Value Date: 25/01/2025","+377.73"
29/01/2025,"-16.78","SQ *THE LITTLE LOCAL C Ulmarra NS AUS Card xx8935 Value Date: 26/01/2025","+413.73"
29/01/2025,"-18.00","NIMBIN FEAST CAFE NIMBIN AUS Card xx8935 Value Date: 25/01/2025","+430.51"
29/01/2025,"-15.69","SQ *GROUND EARTH Woolgoolga NS AUS Card xx8935 Value Date: 26/01/2025","+448.51"
29/01/2025,"-58.23","HIPCAMP BOOKING MORUYA NS AUS Card xx5231 Value Date: 25/01/2025","+464.20"
29/01/2025,"-42.29","UNITED WOOLGOOLGA WOOLGOOLGA NS AUS Card xx5231 Value Date: 26/01/2025","+522.43"
29/01/2025,"-59.90","LS Caley PTY LTD coffs harbour AU AUS Card xx5231 Value Date: 26/01/2025","+564.72"
29/01/2025,"-17.99","Udemy udemy.com IR IRL Card xx5231 AUD 17.99 Value Date: 27/01/2025","+624.62"
29/01/2025,"-500.00","Transfer To Wise Australia Pty Ltd PayID Email from CommBank App jonald to cebu","+642.61"
28/01/2025,"-55.92","FITSTOP ROBINA 1","+1142.61"
28/01/2025,"+900.00","Transfer from xx9058 CommBank app","+1198.53"
26/01/2025,"+50.00","Fast Transfer From MICHEL EDUBAS Joint","+298.53"
26/01/2025,"+20.11","Transfer from xx1300 CommBank app","+248.53"
26/01/2025,"+8.08","Transfer from xx9058 CommBank app","+228.42"
26/01/2025,"+70.00","Transfer from xx9058 CommBank app","+220.34"
26/01/2025,"-45.20","FITSTOP ROBINA 1","+150.34"
25/01/2025,"-14.00","ZLR*Scoop Gelati Burleigh Head AU AUS Card xx8935 Value Date: 22/01/2025","+195.54"
25/01/2025,"-8.00","GYG Nerang Nerang QL AUS Card xx5231 Value Date: 24/01/2025","+209.54"
24/01/2025,"-5.90","STARBUCKS COFFEE D03 ROBINA QL AUS Card xx5231 Value Date: 22/01/2025","+217.54"
23/01/2025,"-35.00","Transfer to xx9058 CommBank app","+223.44"
23/01/2025,"-1000.00","Transfer To Kristy Donnelly CommBank App 9th September 2025 photo...","+258.44"
23/01/2025,"+400.00","Transfer from xx9058 CommBank app","+1258.44"
23/01/2025,"+400.00","Transfer from xx1300 CommBank app","+858.44"
22/01/2025,"-1330.00","Transfer To Cambridge CommBank App Rent 3203","+458.44"
22/01/2025,"-14.00","SALVOS STORES MANLY WEST QL AUS Card xx5231 Value Date: 18/01/2025","+1788.44"
22/01/2025,"-18.95","SNACK STATION NERANG QL AUS Card xx8935 Value Date: 20/01/2025","+1802.44"
22/01/2025,"-12.20","JUST HEALTHY ROBINA QL AUS Card xx8935 Value Date: 19/01/2025","+1821.39"
22/01/2025,"+700.00","Transfer from xx9058 CommBank app","+1833.59"
21/01/2025,"-29.75","Direct Debit 010758 AHM 51150161","+1133.59"
21/01/2025,"-132.99","HIPCAMP BOOKING MORUYA NS AUS Card xx5231 Value Date: 17/01/2025","+1163.34"
21/01/2025,"-40.72","PEARL ENERGY ROBINA ROBINA QL AUS Card xx5231 Value Date: 17/01/2025","+1296.33"
21/01/2025,"-36.50","IKEA LOGAN SLACKS CREEK QL AUS Card xx5231 Value Date: 18/01/2025","+1337.05"
21/01/2025,"-63.80","WOOLWORTHS 2645 ROBINA QL AUS Card xx5231 Value Date: 19/01/2025","+1373.55"
21/01/2025,"-27.00","KMART 1148KMART 1148 ROBINA AU AUS Card xx5231 Value Date: 19/01/2025","+1437.35"
21/01/2025,"-9.06","CHOICE DISCOUNTS ROBINA QL AUS Card xx5231 Value Date: 19/01/2025","+1464.35"
21/01/2025,"-34.50","FFNLL GROUP PTY LTD ROBINA AUS Card xx5231 Value Date: 19/01/2025","+1473.41"
21/01/2025,"-83.97","BUNNINGS 343000 OXENFORD AUS Card xx5231 Value Date: 18/01/2025","+1507.91"
21/01/2025,"-185.56","IKEA LOGAN SLACKS CREEK QL AUS Card xx8935 Value Date: 18/01/2025","+1591.88"
21/01/2025,"-79.29","The Collective Palm Be Palm Beach AU AUS Card xx8935 Value Date: 19/01/2025","+1777.44"
21/01/2025,"-41.00","FFNLL GROUP PTY LTD ROBINA AUS Card xx8935 Value Date: 19/01/2025","+1856.73"
20/01/2025,"-68.89","Direct Debit 142038 BUDGET DIRECT 120249620125043197","+1897.73"
19/01/2025,"-45.20","FITSTOP ROBINA 1","+1966.62"
19/01/2025,"-45.20","FITSTOP ROBINA 1","+2011.82"
18/01/2025,"-87.15","KMART 1148KMART 1148 ROBINA AU AUS Card xx8935 Value Date: 16/01/2025","+2057.02"
17/01/2025,"-20.00","ANIMAL KINGDOM PL NERANG AUS Card xx8935 Value Date: 15/01/2025","+2144.17"
15/01/2025,"-45.20","WOOLWORTHS 2512 MUDGEERABA QL AUS Card xx8935 Value Date: 13/01/2025","+2164.17"
15/01/2025,"-38.50","SALVOS STORES ROBINA QL AUS Card xx5231 Value Date: 11/01/2025","+2209.37"
15/01/2025,"-49.34","ALDI STORES - ROBINA ROBINA AUS Card xx5231 Value Date: 12/01/2025","+2247.87"
14/01/2025,"+18.00","Fast Transfer From YE GAUNG KYAW to PayID Phone From Ye Gaung","+2297.21"
14/01/2025,"+20.00","Fast Transfer From LABONE STEEN KEAST to PayID Phone STEEN","+2279.21"
14/01/2025,"+18.00","Fast Transfer From ZHENHUI WANG to PayID Phone Jason","+2259.21"
14/01/2025,"+20.00","Fast Transfer From JIANYU LU to PayID Phone Vincent","+2241.21"
14/01/2025,"+18.00","Fast Transfer From GIHAN NAVOD DISSANAYA to PayID Phone Gihan","+2221.21"
14/01/2025,"+18.00","Fast Transfer From XUAN TRUONG DU CHAU to PayID Phone Du - gift card","+2203.21"
14/01/2025,"+18.00","Fast Transfer From J W CONNOP to PayID Phone Rithin gift Joel","+2185.21"
14/01/2025,"+10.00","Fast Transfer From MICHEL EDUBAS to PayID Phone Testing PAY ID","+2167.21"
14/01/2025,"-1000.00","Transfer to xx8243 CommBank app","+2157.21"
14/01/2025,"+3000.00","Fast Transfer From MICHEL EDUBAS Transfer","+3157.21"
14/01/2025,"-18.80","DAITO QUEENSLAND PTY L ROBINA AU AUS Card xx5231 Value Date: 10/01/2025","+157.21"
14/01/2025,"-180.97","TAFE QUEENSLAND Robina QL AUS Card xx5231 Value Date: 10/01/2025","+176.01"
14/01/2025,"-12.95","JUST HEALTHY ROBINA QL AUS Card xx5231 Value Date: 09/01/2025","+356.98"
14/01/2025,"-5.87","LS Parkway by Alfons Robina AU AUS Card xx5231 Value Date: 10/01/2025","+369.93"
14/01/2025,"-30.48","SQ *CHEEKY WAFFLES GC Surfers Parad QL AUS Card xx5231 Value Date: 11/01/2025","+375.80"
14/01/2025,"-81.16","TSG SURFERS PARADISE SURFERS PARAD QL AUS Card xx5231 Value Date: 11/01/2025","+406.28"
14/01/2025,"-26.44","STRIKE CAVILL SURFERS MELBOURNE VI AUS Card xx5231 Value Date: 11/01/2025","+487.44"
13/01/2025,"+60.00","Transfer from xx1300 CommBank app","+513.88"
13/01/2025,"-20.00","Transfer To Michel Philippe Edubas CommBank App Transfer","+453.88"
13/01/2025,"+20.00","Transfer from xx9058 CommBank app","+473.88"
13/01/2025,"+20.00","Transfer from xx9058 CommBank app","+453.88"
12/01/2025,"-200.00","Transfer To michel philippe edubas CommBank App Tent","+433.88"
12/01/2025,"-45.20","FITSTOP ROBINA 1","+633.88"
12/01/2025,"-45.20","FITSTOP ROBINA 1","+679.08"
12/01/2025,"-3.88","EasyPark","+724.28"
11/01/2025,"-84.00","Transfer To D REYES ORELLANA PayID Phone from CommBank App Escape room","+728.16"
11/01/2025,"-10.10","JACARANDA ROBINA Robina QL AUS Card xx8935 Value Date: 09/01/2025","+812.16"
11/01/2025,"-26.60","GYG Robina Robina QL AUS Card xx8935 Value Date: 09/01/2025","+822.26"
11/01/2025,"-22.00","BWS 2768 ROBINA QL AUS Card xx5231 Value Date: 09/01/2025","+848.86"
11/01/2025,"-34.50","BIG W 0243 ROBINA QL AUS Card xx5231 Value Date: 09/01/2025","+870.86"
11/01/2025,"-31.10","PEARL ENERGY ROBINA ROBINA QL AUS Card xx5231 Value Date: 09/01/2025","+905.36"
10/01/2025,"-60.00","Transfer To Michel Philippe Edubas CommBank App Transfer","+936.46"
10/01/2025,"-101.87","Transfer To Cambridge CommBank App Unit 3203 Water","+996.46"
10/01/2025,"-107.00","SEC*IMEDICAL PTY LTD PYRMONT NS AUS Card xx8935 Value Date: 08/01/2025","+1098.33"
10/01/2025,"-40.15","ALDI STORES - ROBINA ROBINA AUS Card xx8935 Value Date: 07/01/2025","+1205.33"
10/01/2025,"-13.95","WOOLWORTHS 2645 ROBINA QL AUS Card xx5231 Value Date: 08/01/2025","+1245.48"
10/01/2025,"-42.32","HIPCAMP BOOKING MORUYA NS AUS Card xx5231 Value Date: 08/01/2025","+1259.43"
08/01/2025,"-20.00","PERFECT BROWS ROBINA QL AUS Card xx8935 Value Date: 06/01/2025","+1301.75"
08/01/2025,"-31.95","PEARL ENERGY ROBINA ROBINA QL AUS Card xx5231 Value Date: 04/01/2025","+1321.75"
08/01/2025,"-6.44","SQ *CREMA CRAZE Robina QL AUS Card xx5231 Value Date: 07/01/2025","+1353.70"
08/01/2025,"-304.78","ORIGIN ENERGY BARANGAROO AUS Card xx5231 Value Date: 05/01/2025","+1360.14"
08/01/2025,"-27.61","ALDI STORES - ROBINA ROBINA AUS Card xx5231 Value Date: 05/01/2025","+1664.92"
07/01/2025,"-70.00","Transfer To Michel Philippe Edubas CommBank App Transfer","+1692.53"
07/01/2025,"-500.00","Transfer to xx9058 CommBank app","+1762.53"
07/01/2025,"-336.00","SEC*IMEDICAL PTY LTD PYRMONT NS AUS Card xx8935 Value Date: 03/01/2025","+2262.53"
07/01/2025,"-154.00","SQ *COOLANGATTA LEARN Coolangatta QL AUS Card xx8935 Value Date: 03/01/2025","+2598.53"
07/01/2025,"-50.80","LS Kudo bros Varsity Lakes AU AUS Card xx8935 Value Date: 04/01/2025","+2752.53"
07/01/2025,"-45.20","FITSTOP ROBINA 1","+2803.33"
07/01/2025,"-45.20","FITSTOP ROBINA 1","+2848.53"
07/01/2025,"-37.74","ZLR*Lam Kitchen & Bar reedy creek AU AUS Card xx5231 Value Date: 03/01/2025","+2893.73"
07/01/2025,"-44.95","LS SEA WISH COOLANGATTA QL AUS Card xx5231 Value Date: 03/01/2025","+2931.47"
07/01/2025,"-20.50","Tugun SLSC Tugun QL AUS Card xx5231 Value Date: 03/01/2025","+2976.42"
07/01/2025,"-6.40","STARBUCKS COFFEE D03 ROBINA QL AUS Card xx5231 Value Date: 03/01/2025","+2996.92"
07/01/2025,"-13.99","BFSW PTY LTD ROBINA QL AUS Card xx5231 Value Date: 04/01/2025","+3003.32"
07/01/2025,"-6.90","STARBUCKS COFFEE D03 ROBINA QL AUS Card xx5231 Value Date: 04/01/2025","+3017.31"
07/01/2025,"-35.23","ALDI STORES - ROBINA ROBINA AUS Card xx5231 Value Date: 03/01/2025","+3024.21"
07/01/2025,"-27.00","GYG Burleigh Heads Burleigh Head QL AUS Card xx5231 Value Date: 05/01/2025","+3059.44"
07/01/2025,"+22.99","Return LINKT BRISBANE BRISBANE AUS Card xx5231 Value Date: 06/01/2025","+3086.44"
07/01/2025,"-1330.00","Transfer to other Bank NetBank Rent 3203","+3063.45"
06/01/2025,"-68.89","Direct Debit 142038 BUDGET DIRECT 120249620124240783","+4393.45"
06/01/2025,"+2000.00","Fast Transfer From M L A EDUBAS Christmas present 1k each","+4462.34"
05/01/2025,"+200.00","Transfer from xx1300 CommBank app","+2462.34"
05/01/2025,"+1330.00","Transfer from xx1300 CommBank app","+2262.34"
05/01/2025,"+200.00","Transfer from xx9058 CommBank app","+932.34"
04/01/2025,"-96.33","Vikasati Southport AU AUS Card xx8935 Value Date: 02/01/2025","+732.34"
04/01/2025,"-21.99","Q SUPERCENTRE AMCALQPS MERMAID WATER AUS Card xx8935 Value Date: 02/01/2025","+828.67"
04/01/2025,"-18.95","COLES 8741COLES 8741 MERMAID WTRS AU AUS Card xx5231 Value Date: 02/01/2025","+850.66"
04/01/2025,"-23.50","GYG Robina Drive Thru Robina QL AUS Card xx5231 Value Date: 03/01/2025","+869.61"
04/01/2025,"-2.71","EasyPark","+893.11"
03/01/2025,"+300.00","Transfer from xx1300 CommBank app","+895.82"
03/01/2025,"-22.44","PEARL ENERGY ROBINA ROBINA QL AUS Card xx5231 Value Date: 01/01/2025","+595.82"
03/01/2025,"-34.00","LIQUORLAND 6471LIQUORL ROBINA AU AUS Card xx8935 Value Date: 31/12/2024","+618.26"
03/01/2025,"-91.67","COLES 4427COLES 4427 ROBINA AU AUS Card xx8935 Value Date: 31/12/2024","+652.26"
01/01/2025,"-5000.00","Transfer to xx8243 CommBank app","+743.93"
01/01/2025,"+5000.00","Transfer from xx1300 CommBank app","+5743.93"
01/01/2025,"-15.00","GUZMAN Y GOMEZ SURRY HILLS NS AUS Card xx8935 Value Date: 30/12/2024","+743.93"
01/01/2025,"-16.00","GUZMAN Y GOMEZ SURRY HILLS NS AUS Card xx8935 Value Date: 30/12/2024","+758.93"
01/01/2025,"-18.99","UBER* TRIP SYDNEY NS AUS Card xx8935 Value Date: 30/12/2024","+774.93"
01/01/2025,"-19.42","UBER *TRIP HELP.UBER.C 14518236738 AU AUS Card xx8935 Value Date: 30/12/2024","+793.92"
01/01/2025,"-29.95","STARBUCKS COFFEE D03 ROBINA QL AUS Card xx8935 Value Date: 29/12/2024","+813.34"
01/01/2025,"-13.00","GUZMAN Y GOMEZ SURRY HILLS NS AUS Card xx8935 Value Date: 28/12/2024","+843.29"
01/01/2025,"-14.00","Can Do Book Sales Pty HOPE ISLAND 04 AUS Card xx8935 Value Date: 30/12/2024","+856.29"
31/12/2024,"-35.00","GrouponAU Sydney AU AUS Card xx5231 Value Date: 28/12/2024","+870.29"
31/12/2024,"-85.00","SP CLEAN BEAUTY MARKET MUDGEERABA QL AUS Card xx8935 Value Date: 27/12/2024","+905.29"
31/12/2024,"-51.13","H&M HENNES & MAURITZ QLD AU AUS Card xx8935 Value Date: 29/12/2024","+990.29"
31/12/2024,"-60.00","PERFECT STRANGER AU ROBINA QL AUS Card xx8935 Value Date: 29/12/2024","+1041.42"
31/12/2024,"-15.90","SQ *FISHBOWL ROBINA Robina QL AUS Card xx8935 Value Date: 29/12/2024","+1101.42"
31/12/2024,"-5.50","SQ *KOOCO ESPRESSO BAR Robina QL AUS Card xx8935 Value Date: 29/12/2024","+1117.32"
31/12/2024,"-79.95","RUSH BROADBAND","+1122.82"
30/12/2024,"+900.00","Transfer from xx9058 CommBank app","+1202.77"
28/12/2024,"-56.15","FLANNERYS ROBINA ROBINA AU AUS Card xx8935 Value Date: 24/12/2024","+302.77"
28/12/2024,"-21.00","GUZMAN Y GOMEZ SURRY HILLS NS AUS Card xx8935 Value Date: 24/12/2024","+358.92"
28/12/2024,"-18.99","PLINEPH PACIFIC FAIR BROADBEACH AUS Card xx8935 Value Date: 23/12/2024","+379.92"
28/12/2024,"-31.51","GUZMAN Y GOMEZ SURRY HILLS NS AUS Card xx8935 Value Date: 26/12/2024","+398.91"
28/12/2024,"-9.90","UNIQLO ROBINA Robina AU AUS Card xx8935 Value Date: 26/12/2024","+430.42"
28/12/2024,"-3.34","EasyPark","+440.32"
25/12/2024,"-1330.00","Transfer To Cambridge CommBank App Rent 3203","+443.66"
25/12/2024,"-15.40","GUZMAN Y GOMEZ SURRY HILLS NS AUS Card xx8935 Value Date: 23/12/2024","+1773.66"
25/12/2024,"-37.80","GUZMAN Y GOMEZ SURRY HILLS NS AUS Card xx8935 Value Date: 21/12/2024","+1789.06"
25/12/2024,"-16.00","LA COSMETIQUE Broadbeach Wa QL AUS Card xx8935 Value Date: 23/12/2024","+1826.86"
25/12/2024,"-9.99","Miniso Pacific Fair Pacific Fair QL AUS Card xx8935 Value Date: 23/12/2024","+1842.86"
25/12/2024,"-6.40","STARBUCKS COFFEE D03 ROBINA QL AUS Card xx8935 Value Date: 22/12/2024","+1852.85"
25/12/2024,"-47.49","BUNNINGS 542000 ROBINA AUS Card xx8935 Value Date: 22/12/2024","+1859.25"
24/12/2024,"+500.00","Transfer from xx9058 CommBank app","+1906.74"
24/12/2024,"-9.10","SUSHI HUB ROBINA ROBINA TOWN C QL AUS Card xx8935 Value Date: 19/12/2024","+1406.74"
24/12/2024,"-25.00","NINETEEN AT THE STAR BROADBEACH QL AUS Card xx8935 Value Date: 20/12/2024","+1415.84"
24/12/2024,"-16.80","FOOD QUARTER GOLD CO BROADBEACH QL AUS Card xx8935 Value Date: 20/12/2024","+1440.84"
24/12/2024,"-14.74","Niche Co Tugun AU AUS Card xx8935 Value Date: 21/12/2024","+1457.64"
24/12/2024,"-11.53","SQ *COMMUNE BURLEIGH Burleigh Head QL AUS Card xx8935 Value Date: 22/12/2024","+1472.38"
24/12/2024,"-4.90","GYG Robina Drive Thru Robina QL AUS Card xx8935 Value Date: 22/12/2024","+1483.91"
24/12/2024,"-3.30","Daiso Robina Robina QL AUS Card xx8935 Value Date: 22/12/2024","+1488.81"
24/12/2024,"-22.99","LINKT BRISBANE BRISBANE AUS Card xx5231 Value Date: 23/12/2024","+1492.11"
24/12/2024,"-22.99","LINKT BRISBANE BRISBANE AUS Card xx5231 Value Date: 23/12/2024","+1515.10"
23/12/2024,"-68.89","Direct Debit 142038 BUDGET DIRECT 120249620123502973","+1538.09"
23/12/2024,"-29.75","Direct Debit 010758 AHM 51150161","+1606.98"
23/12/2024,"+700.00","Transfer from xx1300 CommBank app","+1636.73"
21/12/2024,"-20.15","Rolld - Robina Robina AU AUS Card xx8935 Value Date: 19/12/2024","+936.73"
21/12/2024,"-132.00","Lorna Jane Robina AU AUS Card xx8935 Value Date: 19/12/2024","+956.88"
20/12/2024,"-4.17","International Transaction Fee Value Date: 18/12/2024","+1088.88"
20/12/2024,"-119.10","Ramp skyorcgybgxrub3 London GBR Card xx5231 USD 75.00 Value Date: 19/12/2024","+1093.05"
20/12/2024,"-1.00","CIRCUM VENDING MENTONE VI AUS Card xx8935 Value Date: 18/12/2024","+1212.15"
20/12/2024,"-32.60","GUZMAN Y GOMEZ SURRY HILLS NS AUS Card xx8935 Value Date: 18/12/2024","+1213.15"
19/12/2024,"+120.00","Fast Transfer From MICHEL EDUBAS For btc","+1245.75"
19/12/2024,"-67.12","H&M HENNES & MAURITZ QLD AU AUS Card xx8935 Value Date: 17/12/2024","+1125.75"
19/12/2024,"-92.00","SULLIVAN NICOLAIDES ROBINA QL AUS Card xx8935 Value Date: 17/12/2024","+1192.87"
19/12/2024,"-27.10","GUZMAN Y GOMEZ SURRY HILLS NS AUS Card xx8935 Value Date: 17/12/2024","+1284.87"
19/12/2024,"-21.25","ALDI STORES - ROBINA ROBINA AUS Card xx8935 Value Date: 16/12/2024","+1311.97"
18/12/2024,"-24.75","UBER* EATS SYDNEY NS AUS Card xx8935 Value Date: 16/12/2024","+1333.22"
18/12/2024,"-8.24","YO CHI ROBINA ROBINA QL AUS Card xx8935 Value Date: 16/12/2024","+1357.97"
18/12/2024,"-31.10","GUZMAN Y GOMEZ SURRY HILLS NS AUS Card xx8935 Value Date: 15/12/2024","+1366.21"
18/12/2024,"-12.99","TK MAXX COOMERA UPPER COOMERA AUS Card xx8935 Value Date: 14/12/2024","+1397.31"
17/12/2024,"+1000.00","Transfer from xx9058 CommBank app","+1410.30"
17/12/2024,"-15.70","ALH VENUES 8129 BURLEIGH HDS QL AUS Card xx8935 Value Date: 13/12/2024","+410.30"
17/12/2024,"-6.05","SNACK STATION NERANG QL AUS Card xx8935 Value Date: 13/12/2024","+426.00"
17/12/2024,"-64.85","SMP*Goji Granola Bar a Clear Island AU AUS Card xx8935 Value Date: 13/12/2024","+432.05"
17/12/2024,"-47.78","SQ *BLACK DINGO CAFE Coolangatta QL AUS Card xx8935 Value Date: 15/12/2024","+496.90"
17/12/2024,"-119.59","FLANNERYS ROBINA ROBINA AU AUS Card xx8935 Value Date: 15/12/2024","+544.68"
15/12/2024,"+10.00","Fast Transfer From ANGELINA CHEKHOEVA maccas","+664.27"
14/12/2024,"-25.00","Transfer To MARIIA KARTUZOVA PayID Phone from CommBank App Nastya","+654.27"
14/12/2024,"-170.00","Transfer To MARIIA KARTUZOVA PayID Phone from CommBank App Nastya","+679.27"
14/12/2024,"-6.00","Transfer to xx9058 CommBank app","+849.27"
14/12/2024,"-6.05","SNACK STATION NERANG QL AUS Card xx8935 Value Date: 12/12/2024","+855.27"
14/12/2024,"-10.90","BRENDAN DR SNACK BAR NERANG QL AUS Card xx8935 Value Date: 12/12/2024","+861.32"
13/12/2024,"-4000.00","Transfer to xx8243 CommBank app","+872.22"
13/12/2024,"+4000.00","Fast Transfer From MICHEL EDUBAS For credit card","+4872.22"
13/12/2024,"-129.00","SHAVER SHOP ROBINA ROBINA TOWN C AU AUS Card xx8935 Value Date: 11/12/2024","+872.22"
13/12/2024,"-100.75","TERRY WHITE CHEMMART R ROBINA AUS Card xx8935 Value Date: 11/12/2024","+1001.22"
12/12/2024,"-45.00","HEALTHY PETS PLUS","+1101.97"
12/12/2024,"-25.00","WOOLWORTHS 2645 ROBINA QL AUS Card xx8935 Value Date: 10/12/2024","+1146.97"
12/12/2024,"-18.00","COLES 4427COLES 4427 ROBINA AU AUS Card xx8935 Value Date: 10/12/2024","+1171.97"
12/12/2024,"-13.90","BRENDAN DR SNACK BAR NERANG QL AUS Card xx8935 Value Date: 10/12/2024","+1189.97"
11/12/2024,"-50.50","SOCIAL BREW BURLEIGH BURLEIGH HEAD QL AUS Card xx8935 Value Date: 07/12/2024","+1203.87"
10/12/2024,"+1000.00","Transfer from xx9058 CommBank app","+1254.37"
10/12/2024,"-467.82","EARTH AND SKIN PTY LTD MUDGEERABA AUS Card xx8935 Value Date: 07/12/2024","+254.37"
10/12/2024,"-90.04","FLANNERYS ROBINA ROBINA AU AUS Card xx8935 Value Date: 08/12/2024","+722.19"
10/12/2024,"-49.99","SP SPARK PAWS WILMINGTON, N DE USA Card xx5231 AUD 49.99 Value Date: 08/12/2024","+812.23"
10/12/2024,"-343.03","TRANSPORTMAINRDS BRISBANE AUS Card xx5231 Value Date: 07/12/2024","+862.22"
10/12/2024,"-47.07","LINKT BRISBANE BRISBANE AUS Card xx5231 Value Date: 07/12/2024","+1205.25"
09/12/2024,"-68.89","Direct Debit 142038 BUDGET DIRECT 120249620122588664","+1252.32"
09/12/2024,"+200.00","Fast Transfer From MICHEL EDUBAS Joint account","+1321.21"
09/12/2024,"-1330.00","Transfer to other Bank NetBank Rent 3203","+1121.21"
08/12/2024,"+115.00","Transfer from xx1300 CommBank app","+2451.21"
08/12/2024,"+400.00","Transfer from xx1300 CommBank app","+2336.21"
08/12/2024,"+340.00","Transfer from xx9058 CommBank app","+1936.21"
07/12/2024,"-34.40","LS Kudo bros Varsity Lakes AU AUS Card xx8935 Value Date: 05/12/2024","+1596.21"
07/12/2024,"-38.80","GUZMAN Y GOMEZ SURRY HILLS NS AUS Card xx8935 Value Date: 05/12/2024","+1630.61"
06/12/2024,"-1000.00","Transfer to xx8243 CommBank app","+1669.41"
06/12/2024,"+1000.00","Fast Transfer From MICHEL EDUBAS Credit card","+2669.41"
06/12/2024,"-12.80","STARBUCKS COFFEE D03 ROBINA QL AUS Card xx5231 Value Date: 04/12/2024","+1669.41"
06/12/2024,"-35.00","Lush Robina Robina AU AUS Card xx8935 Value Date: 04/12/2024","+1682.21"
06/12/2024,"-130.00","Foot Locker Robina ROBINA AU AUS Card xx8935 Value Date: 04/12/2024","+1717.21"
06/12/2024,"-59.99","Bras N Things Robina AU AUS Card xx8935 Value Date: 04/12/2024","+1847.21"
06/12/2024,"-29.99","GLASSONS ROBINA ROBINA QL AUS Card xx8935 Value Date: 04/12/2024","+1907.20"
06/12/2024,"-10.90","BRENDAN DR SNACK BAR NERANG QL AUS Card xx8935 Value Date: 04/12/2024","+1937.19"
05/12/2024,"-18.55","SNACK STATION NERANG QL AUS Card xx8935 Value Date: 03/12/2024","+1948.09"
05/12/2024,"-19.07","BOOST JUICE ROBINA ROBINA TOWN C AUS Card xx8935 Value Date: 03/12/2024","+1966.64"
04/12/2024,"+1000.00","Transfer from xx9058 CommBank app","+1985.71"
04/12/2024,"-169.90","THE HAT STORE ROBINA TOWN C QL AUS Card xx8935 Value Date: 29/11/2024","+985.71"
04/12/2024,"-5.58","SQ *KOOCO ESPRESSO BAR Robina QL AUS Card xx8935 Value Date: 02/12/2024","+1155.61"
03/12/2024,"-24.99","TERRY WHITE CHEMMART R ROBINA AUS Card xx8935 Value Date: 29/11/2024","+1161.19"
03/12/2024,"-66.60","HIDDEN GEM COFFEE TUGUN AU AUS Card xx8935 Value Date: 01/12/2024","+1186.18"
03/12/2024,"-14.73","SQ *ROCKLEIGH CAFE & B Coolangatta QL AUS Card xx8935 Value Date: 01/12/2024","+1252.78"
03/12/2024,"-2.34","EasyPark PRAHRAN AU AUS Card xx5231 Value Date: 30/11/2024","+1267.51"
03/12/2024,"-34.49","GrouponAU Sydney AU AUS Card xx5231 Value Date: 01/12/2024","+1269.85"
03/12/2024,"-25.70","EVENT ROBINA Robina AU AUS Card xx5231 Value Date: 01/12/2024","+1304.34"
30/11/2024,"+1000.00","Transfer from xx9058 CommBank app","+1330.04"
30/11/2024,"-79.95","RUSH BROADBAND","+330.04"
30/11/2024,"-190.00","MASSAGE KAZU PTY LTD ROBINA QL AUS Card xx8935 Value Date: 28/11/2024","+409.99"
30/11/2024,"-2.70","7-ELEVEN 4141 BROADBEACH QL AUS Card xx8935 Value Date: 28/11/2024","+599.99"
30/11/2024,"-11.00","MAD MEX FRESH MEXICAN BROADBEACH AUS Card xx8935 Value Date: 28/11/2024","+602.69"
30/11/2024,"-59.59","AMAZON AU MARKETPLACE SYDNEY AUS Card xx5231 Value Date: 27/11/2024","+613.69"
29/11/2024,"-2.95","Non CBA ATM Withdrawal Fee","+673.28"
29/11/2024,"-80.00","Wdl ATM CUS MCLAREN ROAD FOOD MNERANG QL AU","+676.23"
29/11/2024,"-25.38","LS Neolithic Pty Ltd Deer Park AU AUS Card xx8935 Value Date: 27/11/2024","+756.23"
29/11/2024,"-37.46","Bodypeace Bamboo Clot Burleigh Head QL AUS Card xx8935 Value Date: 27/11/2024","+781.61"
29/11/2024,"-20.89","Tarte Bakery BURLEIGH HEA 04 AUS Card xx8935 Value Date: 27/11/2024","+819.07"
29/11/2024,"-9.00","SUSHI HUB ROBINA ROBINA TOWN C QL AUS Card xx8935 Value Date: 26/11/2024","+839.96"
29/11/2024,"-4.50","SUSHI HUB ROBINA ROBINA TOWN C QL AUS Card xx8935 Value Date: 26/11/2024","+848.96"
29/11/2024,"-74.85","HELENS BULK FOODS BURLEIGH HEAD QL AUS Card xx8935 Value Date: 27/11/2024","+853.46"
29/11/2024,"-12.95","GHANDA ROBINA TOWN C AUS Card xx8935 Value Date: 26/11/2024","+928.31"
28/11/2024,"-47.00","SEPHORA AUSTRALIA P/ ROBINA TOWN C QL AUS Card xx8935 Value Date: 25/11/2024","+941.26"
28/11/2024,"-6.49","TERRY WHITE CHEMMART R ROBINA AUS Card xx8935 Value Date: 26/11/2024","+988.26"
27/11/2024,"-149.00","FITSTOP AUSTRALIA","+994.75"
27/11/2024,"-149.00","FITSTOP AUSTRALIA","+1143.75"
27/11/2024,"+1000.00","Transfer from xx9058 CommBank app","+1292.75"
27/11/2024,"-30.25","SQ *KOOCO ESPRESSO BAR Robina QL AUS Card xx8935 Value Date: 25/11/2024","+292.75"
27/11/2024,"-20.70","SQ *KOOCO ESPRESSO BAR Robina QL AUS Card xx8935 Value Date: 26/11/2024","+323.00"
27/11/2024,"-22.49","TERRY WHITE CHEMMART R ROBINA AUS Card xx8935 Value Date: 25/11/2024","+343.70"
27/11/2024,"-12.08","BEACH HOTEL BYRON BAY BYRON BAY AUS Card xx8935 Value Date: 24/11/2024","+366.19"
26/11/2024,"-326.75","JW Marriott Gold Coast Surfers Parad QL AUS Card xx8935 Value Date: 21/11/2024","+378.27"
26/11/2024,"-16.99","HARBOURTOWN DSCNT FR BIGGERA WATER QL AUS Card xx8935 Value Date: 21/11/2024","+705.02"
26/11/2024,"-17.32","SQ *HIDDEN SOCIAL Mermaid Beach QL AUS Card xx8935 Value Date: 22/11/2024","+722.01"
26/11/2024,"-32.00","SQ *MIAMI MARKETTA Mermaid Beach QL AUS Card xx8935 Value Date: 22/11/2024","+739.33"
26/11/2024,"-20.20","SQ *KOOCO ESPRESSO BAR Robina QL AUS Card xx8935 Value Date: 22/11/2024","+771.33"
26/11/2024,"-15.28","SQ *DOLMA'S MOMO Helensvale QL AUS Card xx8935 Value Date: 22/11/2024","+791.53"
26/11/2024,"-44.00","Lush Robina Robina AU AUS Card xx8935 Value Date: 22/11/2024","+806.81"
26/11/2024,"-8.13","SMP*Reid Street Kitche Miami AU AUS Card xx8935 Value Date: 22/11/2024","+850.81"
26/11/2024,"-10.89","ALDI STORES - ROBINA ROBINA AUS Card xx8935 Value Date: 22/11/2024","+858.94"
26/11/2024,"-12.59","COTTON ON BODY 4435 ROBINA QL AUS Card xx8935 Value Date: 23/11/2024","+869.83"
26/11/2024,"-14.00","SQ *TANIA AND PETER RO Currumbin Wat QL AUS Card xx8935 Value Date: 24/11/2024","+882.42"
26/11/2024,"-10.20","BENSONLILY SURFERS PAR SURFERS PARAD QL AUS Card xx5231 Value Date: 21/11/2024","+896.42"
26/11/2024,"-6.40","STARBUCKS COFFEE D03 ROBINA QL AUS Card xx5231 Value Date: 23/11/2024","+906.62"
25/11/2024,"+300.00","Transfer from xx9058 CommBank app","+913.02"
25/11/2024,"-68.98","Direct Debit 142038 BUDGET DIRECT 120249620121708416","+613.02"
25/11/2024,"-1330.00","Transfer to other Bank NetBank Rent 3203","+682.00"
24/11/2024,"-7.50","Transfer To Jane CommBank App relish","+2012.00"
23/11/2024,"+1100.00","Transfer from xx9058 CommBank app","+2019.50"
23/11/2024,"-0.80","WOOLWORTHS 2759 BIGGERA WTRS QL AUS Card xx8935 Value Date: 21/11/2024","+919.50"
23/11/2024,"-19.82","PALOMAJOSE PTY LTD Biggera Water AU AUS Card xx8935 Value Date: 21/11/2024","+920.30"
23/11/2024,"-39.99","BED BATH N TABLE BIGGERA WATER QL AUS Card xx8935 Value Date: 21/11/2024","+940.12"
23/11/2024,"-61.50","FFNLL GROUP PTY LTD ROBINA AUS Card xx8935 Value Date: 21/11/2024","+980.11"
22/11/2024,"-9.64","Machi Machi Harbour T Biggera Water QL AUS Card xx8935 Value Date: 20/11/2024","+1041.61"
22/11/2024,"-64.75","YESSTYLE.COM LIMITED 27860817 HK HKG Card xx8935 AUD 64.75 Value Date: 20/11/2024","+1051.25"
22/11/2024,"-25.36","PHO VIET (QLD) BIGGERA WATER QL AUS Card xx8935 Value Date: 20/11/2024","+1116.00"
21/11/2024,"-29.75","Direct Debit 010758 AHM 51150161","+1141.36"
21/11/2024,"-55.32","Little Parliament Rainbow Beach QL AUS Card xx8935 Value Date: 20/11/2024","+1171.11"
21/11/2024,"-35.50","CHEESE PTY LTD BALMORAL RIDG AUS Card xx8935 Value Date: 18/11/2024","+1226.43"
20/11/2024,"+1000.00","Transfer from xx9058 CommBank app","+1261.93"
20/11/2024,"-42.00","DIRTY MOES PTY LTD MOOLOOLABA AU AUS Card xx8935 Value Date: 18/11/2024","+261.93"
20/11/2024,"-140.84","AUSTRALIA ZOO BEERWAH QL AUS Card xx8935 Value Date: 18/11/2024","+303.93"
20/11/2024,"-34.35","BUDDINA GROCER BUDDINA QL AUS Card xx8935 Value Date: 17/11/2024","+444.77"
20/11/2024,"-49.32","SQ *CRIMINAL COFFEE CO Maroochydore QL AUS Card xx8935 Value Date: 19/11/2024","+479.12"
20/11/2024,"-62.60","GREENCROSS VETS ROBINA QL AUS Card xx5231 Value Date: 15/11/2024","+528.44"
19/11/2024,"-30.00","Transfer To ANTONY LANSER PayID Phone from CommBank App dog","+591.04"
19/11/2024,"+300.00","Transfer from xx9058 CommBank app","+621.04"
19/11/2024,"-6.05","SNACK STATION NERANG QL AUS Card xx8935 Value Date: 15/11/2024","+321.04"
19/11/2024,"-25.00","GYG Robina Drive Thru Robina QL AUS Card xx8935 Value Date: 15/11/2024","+327.09"
19/11/2024,"-40.11","NXT*Le Vintage Cafe 1 Worongary AU AUS Card xx8935 Value Date: 15/11/2024","+352.09"
19/11/2024,"-63.96","Seed Pacific Fair Broadbeach AU AUS Card xx8935 Value Date: 16/11/2024","+392.20"
19/11/2024,"-77.79","Niche Co Tugun AU AUS Card xx8935 Value Date: 16/11/2024","+456.16"
19/11/2024,"-67.50","NUDE LUCY PAC FAIR BROADBEACH AUS Card xx8935 Value Date: 16/11/2024","+533.95"
19/11/2024,"-70.00","GENERAL PANTS BROADBEACH AUS Card xx8935 Value Date: 16/11/2024","+601.45"
19/11/2024,"-32.00","GINGER LILLI PTY LTD MALENY AU AUS Card xx8935 Value Date: 17/11/2024","+671.45"
19/11/2024,"-29.82","Lil Canteen Buddina QL AUS Card xx8935 Value Date: 17/11/2024","+703.45"
19/11/2024,"-6.98","LS Parkway by Alfons Robina AU AUS Card xx5231 Value Date: 15/11/2024","+733.27"
18/11/2024,"-300.00","Transfer To Cambridge Assets CommBank App lock Replacement 3204","+740.25"
18/11/2024,"+200.00","Fast Transfer From MICHEL EDUBAS Transfer","+1040.25"
16/11/2024,"-80.00","Transfer To Cynthia Bein PayID Phone from CommBank App dog thing","+840.25"
16/11/2024,"-14.90","SQ *FISHBOWL ROBINA Robina QL AUS Card xx8935 Value Date: 14/11/2024","+920.25"
16/11/2024,"-10.90","BRENDAN DR SNACK BAR NERANG QL AUS Card xx8935 Value Date: 14/11/2024","+935.15"
14/11/2024,"-86.00","Transfer To MARIIA KARTUZOVA PayID Phone from CommBank App Maria","+946.05"
14/11/2024,"-4000.00","Transfer to xx8243 CommBank app","+1032.05"
14/11/2024,"+4000.00","Fast Transfer From MICHEL EDUBAS For credit card","+5032.05"
14/11/2024,"-8.00","BRENDAN DR SNACK BAR NERANG QL AUS Card xx8935 Value Date: 12/11/2024","+1032.05"
13/11/2024,"+1000.00","Transfer from xx9058 CommBank app","+1040.05"
13/11/2024,"-10.90","BRENDAN DR SNACK BAR NERANG QL AUS Card xx8935 Value Date: 11/11/2024","+40.05"
13/11/2024,"-67.67","AK PHARM KTE BUS DOUG ROBINA AUS Card xx8935 Value Date: 09/11/2024","+50.95"
13/11/2024,"-21.99","BARBOSA FINE FOODS ROBINA TOWN C QL AUS Card xx8935 Value Date: 09/11/2024","+118.62"
12/11/2024,"-45.00","HEALTHY PETS PLUS","+140.61"
12/11/2024,"-35.70","WWW.ROBINAPAVILION.COM ROBINA QL AUS Card xx8935 Value Date: 08/11/2024","+185.61"
12/11/2024,"-59.96","Unison Robina AU AUS Card xx8935 Value Date: 08/11/2024","+221.31"
12/11/2024,"-5.97","BARRY CLIFFORD LOCKW NERANG QL AUS Card xx8935 Value Date: 08/11/2024","+281.27"
12/11/2024,"-37.74","TERRY WHITE CHEMMART R ROBINA AUS Card xx8935 Value Date: 09/11/2024","+287.24"
12/11/2024,"-64.98","H&M HENNES & MAURITZ QLD AU AUS Card xx8935 Value Date: 10/11/2024","+324.98"
12/11/2024,"-1.49","IGA VARSITY LAKES VARSITY LAKES QL AUS Card xx8935 Value Date: 09/11/2024","+389.96"
12/11/2024,"-14.99","SQ *CHOCO DRIP Broadbeach Wa QL AUS Card xx8935 Value Date: 10/11/2024","+391.45"
12/11/2024,"-13.05","STARBUCKS COFFEE D03 ROBINA QL AUS Card xx5231 Value Date: 09/11/2024","+406.44"
12/11/2024,"-1330.00","Transfer to other Bank NetBank Rent 3203","+419.49"
11/11/2024,"-67.43","Direct Debit 142038 BUDGET DIRECT 120249620120910619","+1749.49"
11/11/2024,"+400.00","Transfer from xx9058 CommBank app","+1816.92"
09/11/2024,"-7.58","HOMESE PTY LTD VARSITY LAKES AU AUS Card xx8935 Value Date: 06/11/2024","+1416.92"
09/11/2024,"-15.90","BRENDAN DR SNACK BAR NERANG QL AUS Card xx8935 Value Date: 07/11/2024","+1424.50"
09/11/2024,"+170.00","Return JD SPORTS FASHION AUST ROBINA AUS Card xx8935 Value Date: 07/11/2024","+1440.40"
08/11/2024,"-98.39","Transfer To Cambridge Asset Management CommBank App 3203 Water","+1270.40"
08/11/2024,"-24.00","KMART 1148KMART 1148 ROBINA AU AUS Card xx8935 Value Date: 06/11/2024","+1368.79"
08/11/2024,"-5.97","BARRY CLIFFORD LOCKW NERANG QL AUS Card xx8935 Value Date: 06/11/2024","+1392.79"
07/11/2024,"-44.99","COTTON ON 4923 ROBINA QL AUS Card xx8935 Value Date: 05/11/2024","+1398.76"
07/11/2024,"-170.00","JD SPORTS FASHION AUST ROBINA AUS Card xx8935 Value Date: 05/11/2024","+1443.75"
06/11/2024,"-45.95","FLANNERYS MIAMI MIAMI AU AUS Card xx8935 Value Date: 03/11/2024","+1613.75"
05/11/2024,"+300.00","Transfer from xx9058 CommBank app","+1659.70"
05/11/2024,"+1000.00","Transfer from xx9058 CommBank app","+1359.70"
05/11/2024,"-42.97","HOMESE PTY LTD VARSITY LAKES AU AUS Card xx8935 Value Date: 31/10/2024","+359.70"
05/11/2024,"-14.90","SQ *CASA BRASIL Surfers Parad QL AUS Card xx8935 Value Date: 01/11/2024","+402.67"
05/11/2024,"-72.54","AK PHARM KTE BUS DOUG ROBINA AUS Card xx8935 Value Date: 31/10/2024","+417.57"
05/11/2024,"-37.98","Bras N Things Pacific Gold Coast AU AUS Card xx8935 Value Date: 02/11/2024","+490.11"
05/11/2024,"-27.00","GYG Robina Drive Thru Robina QL AUS Card xx8935 Value Date: 02/11/2024","+528.09"
05/11/2024,"-10.76","Pretty Handsome Burleigh Head AU AUS Card xx8935 Value Date: 02/11/2024","+555.09"
05/11/2024,"-31.70","MAD MEX FRESH MEXICAN BROADBEACH AUS Card xx8935 Value Date: 02/11/2024","+565.85"
05/11/2024,"-37.68","ALDI STORES - ROBINA ROBINA AUS Card xx8935 Value Date: 01/11/2024","+597.55"
05/11/2024,"-70.77","WOOLWORTHS 2534 ROBINA QL AUS Card xx8935 Value Date: 03/11/2024","+635.23"
05/11/2024,"-6.95","MCEWEN PTY LTD MIAMI AUS Card xx8935 Value Date: 03/11/2024","+706.00"
05/11/2024,"-66.22","AMAZON MKTPL*Z686J1DB2 Amzn.com/bill WA USA Card xx5231 AUD 66.22 Value Date: 01/11/2024","+712.95"
05/11/2024,"-109.20","BIG W 0243 ROBINA QL AUS Card xx5231 Value Date: 03/11/2024","+779.17"
05/11/2024,"-9.08","BOOST JUICE ROBINA ROBINA TOWN C AUS Card xx5231 Value Date: 03/11/2024","+888.37"
05/11/2024,"-24.50","ROBINA QUALITY MEATS P ROBINA AUS Card xx5231 Value Date: 03/11/2024","+897.45"
03/11/2024,"-216.55","Booking.com Hotel","+921.95"
01/11/2024,"+1000.00","Transfer from xx9058 CommBank app","+1138.50"
01/11/2024,"-62.95","AMAZON AU MARKETPLACE SYDNEY AUS Card xx5231 Value Date: 29/10/2024","+138.50"
01/11/2024,"-16.99","Bras N Things Robina AU AUS Card xx8935 Value Date: 30/10/2024","+201.45"
31/10/2024,"-17.50","FLANNERYS ROBINA ROBINA AU AUS Card xx8935 Value Date: 29/10/2024","+218.44"
31/10/2024,"-31.99","SHAVER SHOP ROBINA ROBINA TOWN C AU AUS Card xx8935 Value Date: 29/10/2024","+235.94"
31/10/2024,"-10.90","BRENDAN DR SNACK BAR NERANG QL AUS Card xx8935 Value Date: 29/10/2024","+267.93"
30/10/2024,"-79.95","RUSH BROADBAND","+278.83"
30/10/2024,"-19.13","YO CHI ROBINA ROBINA QL AUS Card xx5231 Value Date: 27/10/2024","+358.78"
30/10/2024,"-9.00","BEECHMONT HOTEL NERANG QL AUS Card xx8935 Value Date: 26/10/2024","+377.91"
30/10/2024,"-5.65","MCDONALDS ROBINA CENT ROBINA AUS Card xx8935 Value Date: 25/10/2024","+386.91"
30/10/2024,"-5.97","BARRY CLIFFORD LOCKW NERANG QL AUS Card xx8935 Value Date: 28/10/2024","+392.56"
29/10/2024,"-13.60","MCDONALDS DT 0786 ROBINA AUS Card xx8935 Value Date: 24/10/2024","+398.53"
29/10/2024,"-5.97","BARRY CLIFFORD LOCKW NERANG QL AUS Card xx8935 Value Date: 25/10/2024","+412.13"
29/10/2024,"-52.85","SQ *TAMBORINE TEA - TA Tamborine Mou QL AUS Card xx8935 Value Date: 26/10/2024","+418.10"
29/10/2024,"-19.16","SQ *FRANQUETTE Tamborine Mou QL AUS Card xx8935 Value Date: 26/10/2024","+470.95"
29/10/2024,"-19.95","LOLOMA LIVING TAMBORINE MOU QL AUS Card xx8935 Value Date: 26/10/2024","+490.11"
29/10/2024,"-37.00","ORGANIK TEMPLE TAMBORINE MOU AUS Card xx8935 Value Date: 26/10/2024","+510.06"
29/10/2024,"-56.50","FFNLL GROUP PTY LTD ROBINA AUS Card xx8935 Value Date: 27/10/2024","+547.06"
29/10/2024,"-15.39","ALDI STORES - ROBINA ROBINA AUS Card xx8935 Value Date: 26/10/2024","+603.56"
29/10/2024,"-37.84","WOOLWORTHS 2534 ROBINA QL AUS Card xx5231 Value Date: 27/10/2024","+618.95"
29/10/2024,"-17.90","Daiso Robina Robina QL AUS Card xx5231 Value Date: 27/10/2024","+656.79"
29/10/2024,"-6.88","MUFFIN BREAK ROBINA PT ROBINA AUS Card xx5231 Value Date: 27/10/2024","+674.69"
28/10/2024,"-67.43","Direct Debit 142038 BUDGET DIRECT 120249620120157173","+681.57"
28/10/2024,"-1330.00","Transfer to other Bank NetBank Rent 3203","+749.00"
26/10/2024,"-10.90","BRENDAN DR SNACK BAR NERANG QL AUS Card xx8935 Value Date: 24/10/2024","+2079.00"
26/10/2024,"-45.90","TERRY WHITE CHEMMART R ROBINA AUS Card xx8935 Value Date: 24/10/2024","+2089.90"
24/10/2024,"+700.00","Transfer from xx9058 CommBank app","+2135.80"
24/10/2024,"+700.00","Transfer from xx9058 CommBank app","+1435.80"
23/10/2024,"+100.00","Direct Credit 010758 AHM Giveback51150161","+735.80"
22/10/2024,"-4.50","MQV ROBINA PTY LTD ROBINA TOWN C AUS Card xx8935 Value Date: 17/10/2024","+635.80"
22/10/2024,"-12.00","TARGET 5126TARGET 5126 ROBINA AU AUS Card xx8935 Value Date: 18/10/2024","+640.30"
22/10/2024,"-11.50","BRENDAN DR SNACK BAR NERANG QL AUS Card xx8935 Value Date: 18/10/2024","+652.30"
22/10/2024,"-15.58","FLANNERYS ROBINA ROBINA AU AUS Card xx8935 Value Date: 18/10/2024","+663.80"
22/10/2024,"-10.25","CHEWY CHEWS PTY LTD NEWSTEAD AU AUS Card xx8935 Value Date: 18/10/2024","+679.38"
22/10/2024,"-20.50","SALVOS STORES ROBINA QL AUS Card xx8935 Value Date: 18/10/2024","+689.63"
22/10/2024,"-20.00","REENA MEHTA ROBINA AUS Card xx8935 Value Date: 18/10/2024","+710.13"
22/10/2024,"-12.60","SPANOS IGA ROBINA ROBINA AUS Card xx8935 Value Date: 18/10/2024","+730.13"
22/10/2024,"-36.45","MementoMudgee Mudgeeraba QL AUS Card xx8935 Value Date: 19/10/2024","+742.73"
22/10/2024,"-17.32","SQ *MIRABELLE EVENTS Robina QL AUS Card xx8935 Value Date: 20/10/2024","+779.18"
22/10/2024,"-10.50","GYG Robina Robina QL AUS Card xx8935 Value Date: 20/10/2024","+796.50"
22/10/2024,"-11.50","ANANTA FOODS PTY LTD ROBINA AUS Card xx8935 Value Date: 20/10/2024","+807.00"
22/10/2024,"-40.00","DAVID JONES LIMITED ROBINA TOWN C AUS Card xx8935 Value Date: 20/10/2024","+818.50"
21/10/2024,"-18.80","Direct Debit 010758 AHM 51150161","+858.50"
19/10/2024,"+3.60","Adjust Purchase WOOLWORTHS 2645 Card xx8935 AUD 3.60 Value Date: 17/10/2024","+877.30"
19/10/2024,"+5.97","Adjust Purchase BARRY CLIFFORD LOCKW Card xx8935 AUD 5.97 Value Date: 17/10/2024","+873.70"
19/10/2024,"+9.50","Adjust Purchase KCMM HOLDINGS PL Card xx8935 AUD 9.50 Value Date: 17/10/2024","+867.73"
19/10/2024,"-400.00","Transfer To Wise Australia Pty Ltd PayID Email from CommBank App Nany and Tatay","+858.23"
19/10/2024,"-3.60","WOOLWORTHS 2645 ROBINA AU AUS Card xx8935 Value Date: 17/10/2024","+1258.23"
19/10/2024,"-5.97","BARRY CLIFFORD LOCKW NERANG QL AUS Card xx8935 Value Date: 17/10/2024","+1261.83"
19/10/2024,"-9.50","KCMM HOLDINGS PL ROBINA AUS Card xx8935 Value Date: 17/10/2024","+1267.80"
19/10/2024,"-3.60","WOOLWORTHS 2645 ROBINA AU AUS Card xx8935 Value Date: 17/10/2024","+1277.30"
19/10/2024,"-5.97","BARRY CLIFFORD LOCKW NERANG QL AUS Card xx8935 Value Date: 17/10/2024","+1280.90"
19/10/2024,"-9.50","KCMM HOLDINGS PL ROBINA AUS Card xx8935 Value Date: 17/10/2024","+1286.87"
18/10/2024,"-20.00","PERFECT BROWS","+1296.37"
17/10/2024,"-19.30","WOOLWORTHS 2645 ROBINA AU AUS Card xx8935 Value Date: 15/10/2024","+1316.37"
17/10/2024,"-5.97","BARRY CLIFFORD LOCKW NERANG QL AUS Card xx8935 Value Date: 15/10/2024","+1335.67"
16/10/2024,"-135.92","GLAMACO MMAID WATERS MERMAID WATER QL AUS Card xx8935 Value Date: 13/10/2024","+1341.64"
16/10/2024,"-46.56","WABISABI SUSHI BAR ROBINA QL AUS Card xx8935 Value Date: 13/10/2024","+1477.56"
16/10/2024,"-6.00","RSPCA GOLD COAST BRCH ROBINA AUS Card xx8935 Value Date: 12/10/2024","+1524.12"
15/10/2024,"+700.00","Transfer from xx9058 CommBank app","+1530.12"
15/10/2024,"-37.05","PLINEPH ROBINA UPPER ROBINA TOWN C AUS Card xx8935 Value Date: 10/10/2024","+830.12"
15/10/2024,"-7.04","The lott urban dining Robina AU AUS Card xx8935 Value Date: 12/10/2024","+867.17"
15/10/2024,"-5.00","NERANG RAIL KIOSK NERANG QL AUS Card xx8935 Value Date: 11/10/2024","+874.21"
15/10/2024,"-124.76","FLANNERYS ROBINA ROBINA AU AUS Card xx8935 Value Date: 13/10/2024","+879.21"
15/10/2024,"-9.28","SQ *URBAN-MIX FARM PTY Surfers Parad QL AUS Card xx8935 Value Date: 13/10/2024","+1003.97"
15/10/2024,"-5.00","SQ *HOLE BAGEL COMPANY Broadbeach QL AUS Card xx8935 Value Date: 13/10/2024","+1013.25"
15/10/2024,"-7.00","SPANOS IGA ROBINA ROBINA AUS Card xx8935 Value Date: 13/10/2024","+1018.25"
15/10/2024,"-76.48","Afterpay afterpay.com AU AUS Card xx5231 Value Date: 13/10/2024","+1025.25"
15/10/2024,"-1330.00","Transfer to other Bank NetBank Rent 3203","+1101.73"
14/10/2024,"-67.43","Direct Debit 142038 BUDGET DIRECT 120249620119359225","+2431.73"
14/10/2024,"-3000.00","Transfer to xx8243 CommBank app","+2499.16"
14/10/2024,"+3700.00","Fast Transfer From MICHEL EDUBAS Transfer","+5499.16"
14/10/2024,"-5.97","BARRY CLIFFORD LOCKW NERANG QLDAU","+1799.16"
14/10/2024,"+350.00","Transfer from xx1300 CommBank app","+1805.13"
12/10/2024,"+440.00","Transfer from xx9058 CommBank app","+1455.13"
12/10/2024,"-45.00","HEALTHY PETS PLUS","+1015.13"
12/10/2024,"-24.20","WOOLWORTHS 2645 ROBINA AU AUS Card xx8935 Value Date: 10/10/2024","+1060.13"
12/10/2024,"-48.00","TARGET 5126TARGET 5126 ROBINA AU AUS Card xx8935 Value Date: 10/10/2024","+1084.33"
12/10/2024,"-8.58","BOOST JUICE ROBINA ROBINA TOWN C AUS Card xx8935 Value Date: 10/10/2024","+1132.33"
11/10/2024,"-39.98","FLOLO","+1140.91"
09/10/2024,"+900.00","Transfer from xx9058 CommBank app","+1180.89"
09/10/2024,"-37.62","SQ *AUSTRAL CAFE Murwillumbah NS AUS Card xx8935 Value Date: 07/10/2024","+280.89"
09/10/2024,"-44.44","WOBBLY CHOOK BREWING YAMBA NS AUS Card xx8935 Value Date: 05/10/2024","+318.51"
09/10/2024,"-32.59","NTHRN RVER SEAFOOD WEST BALLINA NS AUS Card xx8935 Value Date: 05/10/2024","+362.95"
09/10/2024,"-21.00","LS Bastion Lane Espres UKI AU AUS Card xx8935 Value Date: 07/10/2024","+395.54"
09/10/2024,"-12.20","MCDONALDS YAMBA YAMBA AUS Card xx8935 Value Date: 06/10/2024","+416.54"
08/10/2024,"-5.97","BARRY CLIFFORD LOCKW NERANG QLDAU","+428.74"
08/10/2024,"-38.41","SQ *BAY KEBABS Byron Bay NS AUS Card xx8935 Value Date: 04/10/2024","+434.71"
08/10/2024,"-49.49","Lennox Point Cafe Pt Lennox Head NS AUS Card xx8935 Value Date: 05/10/2024","+473.12"
08/10/2024,"-14.50","MQV ROBINA PTY LTD ROBINA TOWN C AUS Card xx8935 Value Date: 03/10/2024","+522.61"
08/10/2024,"-19.03","BARRY CLIFFORD LOCKW NERANG QL AUS Card xx8935 Value Date: 04/10/2024","+537.11"
08/10/2024,"-56.69","SANTOS ORGANICS LTD BYRON BAY AUS Card xx8935 Value Date: 04/10/2024","+556.14"
08/10/2024,"-13.54","SPAR BALLINA West Ballina AU AUS Card xx8935 Value Date: 05/10/2024","+612.83"
08/10/2024,"-19.00","Subway Tugun Tugun QL AUS Card xx8935 Value Date: 04/10/2024","+626.37"
08/10/2024,"-13.20","SQ *PINEWOOD CORNER CA Yamba NS AUS Card xx8935 Value Date: 06/10/2024","+645.37"
08/10/2024,"-5.05","LENNOX HEAD IGA QPS LENNOX HEAD AUS Card xx8935 Value Date: 05/10/2024","+658.57"
08/10/2024,"-6.19","NIMBIN APOTHECARY AND NIMBIN AU AUS Card xx8935 Value Date: 06/10/2024","+663.62"
08/10/2024,"-24.37","THEDELIYAMBA L0650 YAMBA AU AUS Card xx8935 Value Date: 06/10/2024","+669.81"
08/10/2024,"-24.34","LSP*Yambas Fisho Yamba AU AUS Card xx8935 Value Date: 06/10/2024","+694.18"
08/10/2024,"-15.25","THEDELIYAMBA L0650 YAMBA AU AUS Card xx8935 Value Date: 06/10/2024","+718.52"
07/10/2024,"-158.29","Transfer To Wise Australia Pty Ltd PayID Email from CommBank App Transfer","+733.77"
05/10/2024,"+700.00","Transfer from xx9058 CommBank app","+892.06"
05/10/2024,"-20.28","Pullman Cairns INT OPI Cairns QL AUS Card xx5231 Value Date: 02/10/2024","+192.06"
05/10/2024,"-13.90","BRENDAN DR SNACK BAR NERANG QL AUS Card xx8935 Value Date: 03/10/2024","+212.34"
05/10/2024,"-11.27","ALDI STORES - ROBINA ROBINA AUS Card xx8935 Value Date: 02/10/2024","+226.24"
04/10/2024,"-15.90","BRENDAN DR SNACK BAR NERANG QL AUS Card xx8935 Value Date: 02/10/2024","+237.51"
03/10/2024,"-24.30","GYG Robina Drive Thru Robina QL AUS Card xx8935 Value Date: 01/10/2024","+253.41"
03/10/2024,"-14.50","MQV ROBINA PTY LTD ROBINA TOWN C AUS Card xx8935 Value Date: 30/09/2024","+277.71"
03/10/2024,"-5.97","BARRY CLIFFORD LOCKW NERANG QL AUS Card xx8935 Value Date: 01/10/2024","+292.21"
02/10/2024,"-5.97","BARRY CLIFFORD LOCKW NERANG QLDAU","+298.18"
02/10/2024,"-13.60","MCDONALDS DT 0786 ROBINA AUS Card xx8935 Value Date: 27/09/2024","+304.15"
02/10/2024,"-5.97","BARRY CLIFFORD LOCKW NERANG QL AUS Card xx8935 Value Date: 30/09/2024","+317.75"
02/10/2024,"-31.91","ALDI STORES - ROBINA ROBINA AUS Card xx8935 Value Date: 29/09/2024","+323.72"
01/10/2024,"-19.97","Seed GC Harbour Town Biggera Water AU AUS Card xx8935 Value Date: 27/09/2024","+355.63"
01/10/2024,"-18.00","Bonds Outlet Gold Coas Biggera Water AU AUS Card xx8935 Value Date: 27/09/2024","+375.60"
01/10/2024,"-17.54","SOUTHPORT SHARKS SOUTHPORT AU AUS Card xx8935 Value Date: 26/09/2024","+393.60"
01/10/2024,"-15.50","UNCLE TOMS PET AND POU NERANG AUS Card xx8935 Value Date: 27/09/2024","+411.14"
01/10/2024,"-15.00","UNCLE TOMS PET AND POU NERANG AUS Card xx8935 Value Date: 27/09/2024","+426.64"
01/10/2024,"-67.85","Mecca Brands Pty Ltd Brisbane AU AUS Card xx8935 Value Date: 28/09/2024","+441.64"
01/10/2024,"-15.28","SQ *MIRABELLE EVENTS Robina QL AUS Card xx8935 Value Date: 29/09/2024","+509.49"
01/10/2024,"-9.50","SQ *TANIA AND PETER RO Robina QL AUS Card xx8935 Value Date: 29/09/2024","+524.77"
01/10/2024,"-45.08","SQ *POOCHES & PASTRIES Carrara QL AUS Card xx8935 Value Date: 29/09/2024","+534.27"
01/10/2024,"-345.55","ORIGIN ENERGY BARANGAROO AUS Card xx5231 Value Date: 27/09/2024","+579.35"
01/10/2024,"-109.00","SP MEDICII LABORATORIE EAST BRISBANE QL AUS Card xx5231 Value Date: 28/09/2024","+924.90"
01/10/2024,"-1330.00","Transfer to other Bank NetBank Rent 3203","+1033.90"
30/09/2024,"-67.43","Direct Debit 142038 BUDGET DIRECT 120249620118597464","+2363.90"
30/09/2024,"-79.95","RUSH BROADBAND","+2431.33"
30/09/2024,"+700.00","Transfer from xx9058 CommBank app","+2511.28"
27/09/2024,"+700.00","Transfer from xx9058 CommBank app","+1811.28"
27/09/2024,"-16.99","UBER *EATS Sydney AU AUS Card xx8935 Value Date: 25/09/2024","+1111.28"
25/09/2024,"-35.00","Optus PrePaid Level 5 / 406 AU AUS Card xx8935 Value Date: 24/09/2024","+1128.27"
25/09/2024,"-12.03","A&K PHARM PTY LTD ROBINA AUS Card xx8935 Value Date: 22/09/2024","+1163.27"
25/09/2024,"-132.99","GOLD COAST CITY COUNCI NERANG AUS Card xx8935 Value Date: 24/09/2024","+1175.30"
24/09/2024,"-5.97","BARRY CLIFFORD LOCKW NERANG QLDAU","+1308.29"
24/09/2024,"-9.90","TCS Robina Robina QL AUS Card xx8935 Value Date: 20/09/2024","+1314.26"
24/09/2024,"-7.70","BASE BROADBEACH BROADBEACH AU AUS Card xx8935 Value Date: 21/09/2024","+1324.16"
24/09/2024,"-21.12","LS Linktest PTY LTD Broadbeach AU AUS Card xx8935 Value Date: 21/09/2024","+1331.86"
24/09/2024,"-8.02","ALDI STORES - ROBINA ROBINA AUS Card xx8935 Value Date: 20/09/2024","+1352.98"
24/09/2024,"-26.90","The Yiros Shop Burlei Burleigh Head QL AUS Card xx8935 Value Date: 22/09/2024","+1361.00"
24/09/2024,"-7.42","EasyPark PRAHRAN AU AUS Card xx5231 Value Date: 22/09/2024","+1387.90"
24/09/2024,"-4.05","EasyPark PRAHRAN AU AUS Card xx5231 Value Date: 23/09/2024","+1395.32"
23/09/2024,"-100.00","Wdl ATM ANZ ROBINA TOWN CENTRE ROBINA AU","+1399.37"
22/09/2024,"-20.00","Transfer To indi Q CommBank App Skirt","+1499.37"
21/09/2024,"-4.00","YHT AUSTRALIA PTY LT ROBINA QL AUS Card xx8935 Value Date: 18/09/2024","+1519.37"
20/09/2024,"-28.75","COLES 4427COLES 4427 ROBINA AU AUS Card xx8935 Value Date: 18/09/2024","+1523.37"
20/09/2024,"-12.15","TARGET 5126TARGET 5126 ROBINA AU AUS Card xx8935 Value Date: 18/09/2024","+1552.12"
20/09/2024,"-21.23","ALDI STORES - ROBINA ROBINA AUS Card xx8935 Value Date: 17/09/2024","+1564.27"
20/09/2024,"-61.20","AMAZON AU RETAIL SYDNEY AUS Card xx5231 Value Date: 18/09/2024","+1585.50"
18/09/2024,"-8.28","FEEKA'S PATISSERIE HELENSVALE QL AUS Card xx8935 Value Date: 16/09/2024","+1646.70"
17/09/2024,"+700.00","Transfer from xx9058 CommBank app","+1654.98"
17/09/2024,"-13.00","ST VINCENT DE PAUL S MUDGEERABA AUS Card xx8935 Value Date: 13/09/2024","+954.98"
17/09/2024,"-34.00","ANIMAL KINGDOM PL NERANG AUS Card xx8935 Value Date: 13/09/2024","+967.98"
17/09/2024,"-24.00","EVENT CINEMAS ROBINA ROBINA AUS Card xx8935 Value Date: 13/09/2024","+1001.98"
16/09/2024,"-67.43","Direct Debit 142038 BUDGET DIRECT 120249620117821645","+1025.98"
16/09/2024,"-90.00","Transfer To MARIIA KARTUZOVA PayID Phone from CommBank App Nails","+1093.41"
16/09/2024,"-1330.00","Transfer to other Bank NetBank Rent 3203","+1183.41"
14/09/2024,"-180.00","Transfer To FERNANDO CHU GONZALES PayID Phone from CommBank App keyboard","+2513.41"
14/09/2024,"-31.00","SEPHORA AUSTRALIA P/ ROBINA TOWN C QL AUS Card xx8935 Value Date: 11/09/2024","+2693.41"
14/09/2024,"-14.50","MQV ROBINA PTY LTD ROBINA TOWN C AUS Card xx8935 Value Date: 11/09/2024","+2724.41"
14/09/2024,"-4.90","MQV ROBINA PTY LTD ROBINA TOWN C AUS Card xx8935 Value Date: 11/09/2024","+2738.91"
14/09/2024,"-27.25","WOOLWORTHS 2534 ROBINA AU AUS Card xx5231 Value Date: 12/09/2024","+2743.81"
14/09/2024,"-17.50","7-ELEVEN 4211 ROBINA QL AUS Card xx5231 Value Date: 12/09/2024","+2771.06"
13/09/2024,"-2567.00","Transfer to xx8243 CommBank app","+2788.56"
13/09/2024,"+5000.00","Fast Transfer From MICHEL EDUBAS To Joint","+5355.56"
13/09/2024,"-16.10","GYG Robina Drive Thru Robina AU","+355.56"
13/09/2024,"-1.80","POST ROBINA POST SHOP ROBINA AUS Card xx8935 Value Date: 11/09/2024","+371.66"
13/09/2024,"-45.00","NUDE LUCY ROBINA ROBINA AUS Card xx8935 Value Date: 11/09/2024","+373.46"
12/09/2024,"-45.00","HEALTHY PETS PLUS","+418.46"
12/09/2024,"-362.10","ANDYS AUTO DRIVING SCH","+463.46"
11/09/2024,"+700.00","Transfer from xx9058 CommBank app","+825.56"
11/09/2024,"-9.30","SUSHI HUB ROBINA ROBINA TOWN C QL AUS Card xx8935 Value Date: 06/09/2024","+125.56"
11/09/2024,"-48.48","WABISABI SUSHI BAR ROBINA QL AUS Card xx5231 Value Date: 07/09/2024","+134.86"
10/09/2024,"-4.20","IGA VARSITY LAKES VARSITY LAKES QL AUS Card xx8935 Value Date: 07/09/2024","+183.34"
10/09/2024,"-34.95","GHANDA ROBINA TOWN C AUS Card xx8935 Value Date: 06/09/2024","+187.54"
09/09/2024,"-50.00","Wdl ATM NAB NAB ATM LVL 4 ARBOU AU","+222.49"
06/09/2024,"-12.00","SALVOS STORES ROBINA QL AUS Card xx5231 Value Date: 04/09/2024","+272.49"
04/09/2024,"-5.97","BARRY CLIFFORD LOCKW NERANG QL AUS Card xx8935 Value Date: 02/09/2024","+284.49"
03/09/2024,"-44.25","SQ *XHAYL BRUNSWICK HEA NS AUS Card xx8935 Value Date: 30/08/2024","+290.46"
03/09/2024,"-20.00","SQ *CHARMAE Brunswick Hea NS AUS Card xx8935 Value Date: 30/08/2024","+334.71"
03/09/2024,"-13.91","BRUNS BAKERY Brunswick Hea NS AUS Card xx8935 Value Date: 30/08/2024","+354.71"
03/09/2024,"-5.55","MCDONALDS ROBINA FCII ROBINA AUS Card xx8935 Value Date: 29/08/2024","+368.62"
03/09/2024,"-99.90","OH MY GODDESS BRUNSWICK HEA AUS Card xx8935 Value Date: 30/08/2024","+374.17"
03/09/2024,"-34.95","OH MY GODDESS BRUNSWICK HEA AUS Card xx8935 Value Date: 30/08/2024","+474.07"
03/09/2024,"-15.90","The Yiros Shop Burlei Burleigh Head QL AUS Card xx8935 Value Date: 31/08/2024","+509.02"
03/09/2024,"-13.21","Signature Cafe Robina Robina AU AUS Card xx8935 Value Date: 31/08/2024","+524.92"
03/09/2024,"-8.50","SQ *LISASFIVE Robina QL AUS Card xx8935 Value Date: 01/09/2024","+538.13"
03/09/2024,"-16.30","SQ *MIRABELLE EVENTS Robina QL AUS Card xx5231 Value Date: 01/09/2024","+546.63"
03/09/2024,"-1330.00","Transfer to other Bank NetBank Rent 3203","+562.93"
02/09/2024,"-67.43","Direct Debit 142038 BUDGET DIRECT 120249620117087465","+1892.93"
02/09/2024,"+1300.00","Transfer from xx9058 CommBank app","+1960.36"
31/08/2024,"-2000.00","Transfer to xx8243 CommBank app","+660.36"
31/08/2024,"+400.00","Transfer from xx9058 CommBank app","+2660.36"
31/08/2024,"-2.52","CHOICE DISCOUNTS ROBINA QL AUS Card xx8935 Value Date: 29/08/2024","+2260.36"
31/08/2024,"-5.97","BARRY CLIFFORD LOCKW NERANG QL AUS Card xx8935 Value Date: 29/08/2024","+2262.88"
31/08/2024,"-90.00","REENA MEHTA ROBINA AUS Card xx8935 Value Date: 29/08/2024","+2268.85"
30/08/2024,"-79.95","RUSH BROADBAND","+2358.85"
30/08/2024,"-5.50","BRENDAN DR SNACK BAR NERANG QL AUS Card xx8935 Value Date: 28/08/2024","+2438.80"
30/08/2024,"-14.50","BRENDAN DR SNACK BAR NERANG QL AUS Card xx8935 Value Date: 28/08/2024","+2444.30"
30/08/2024,"-6.50","7-ELEVEN 4211 ROBINA QL AUS Card xx5231 Value Date: 28/08/2024","+2458.80"
29/08/2024,"-10.00","SQ *SALTY PLUM JAPANES Robina QL AUS Card xx5231 Value Date: 27/08/2024","+2465.30"
28/08/2024,"-55.00","PERFECT BROWS","+2475.30"
28/08/2024,"+36.00","Refund Purchase THE IBROW EFFECT","+2530.30"
28/08/2024,"-5.97","BARRY CLIFFORD LOCKW NERANG QL AUS Card xx8935 Value Date: 26/08/2024","+2494.30"
28/08/2024,"-3.20","ALDI STORES - ROBINA ROBINA AUS Card xx8935 Value Date: 25/08/2024","+2500.27"
27/08/2024,"+700.00","Transfer from xx9058 CommBank app","+2503.47"
27/08/2024,"-16.66","YO CHI ROBINA ROBINA QL AUS Card xx8935 Value Date: 23/08/2024","+1803.47"
27/08/2024,"-27.91","DEPARTMENT OF TRANSPOR BURLEIGH WATE AUS Card xx8935 Value Date: 23/08/2024","+1820.13"
26/08/2024,"-35.00","OPTUS f93153adb86 f93153adb86cf9ecf47c","+1848.04"
26/08/2024,"-36.00","THE IBROW EFFECT","+1883.04"
24/08/2024,"-90.00","Transfer To Daniel CommBank App Mike and Nastya","+1919.04"
23/08/2024,"+700.00","Transfer from xx9058 CommBank app","+2009.04"
23/08/2024,"-17.80","WOOLWORTHS 2534 ROBINA AU AUS Card xx8935 Value Date: 21/08/2024","+1309.04"
23/08/2024,"-48.00","Lush Robina Robina AU AUS Card xx8935 Value Date: 21/08/2024","+1326.84"
23/08/2024,"-62.50","HAIRHOUSE ROBINA ROBINA QL AUS Card xx8935 Value Date: 21/08/2024","+1374.84"
23/08/2024,"-24.99","ROBINA PARKWAY CHEMQPS ROBINA AUS Card xx8935 Value Date: 21/08/2024","+1437.34"
23/08/2024,"-25.28","ACE CLOTHING ALTERATIO ROBINA AUS Card xx8935 Value Date: 21/08/2024","+1462.33"
23/08/2024,"-3.99","ROBINA FRESH FRUIT MAR ROBINA AUS Card xx8935 Value Date: 21/08/2024","+1487.61"
22/08/2024,"-46.02","KINOTO PTY LTD ROBINA QL AUS Card xx8935 Value Date: 19/08/2024","+1491.60"
22/08/2024,"-15.90","BETTY'S BURGERS AUSTRA ROBINA TOWN C AUS Card xx8935 Value Date: 19/08/2024","+1537.62"
21/08/2024,"-29.75","Direct Debit 010758 AHM 51150161","+1553.52"
21/08/2024,"-83.41","MyHealth Robina Robina QL AUS Card xx8935 Value Date: 19/08/2024","+1583.27"
20/08/2024,"-15.99","BARRY CLIFFORD LOCKW NERANG QL AUS Card xx8935 Value Date: 16/08/2024","+1666.68"
20/08/2024,"-15.90","BETTY'S BURGERS AUSTRA ROBINA TOWN C AUS Card xx8935 Value Date: 15/08/2024","+1682.67"
20/08/2024,"-16.50","GYG Robina Robina QL AUS Card xx8935 Value Date: 17/08/2024","+1698.57"
20/08/2024,"-11.90","YHT AUSTRALIA PTY LT ROBINA TOWN C QL AUS Card xx8935 Value Date: 17/08/2024","+1715.07"
19/08/2024,"-67.43","Direct Debit 142038 BUDGET DIRECT 120249620116315116","+1726.97"
19/08/2024,"+42.85","Refund Purchase Medicare Benefit","+1794.40"
19/08/2024,"-1330.00","Transfer to other Bank NetBank Rent 3203","+1751.55"
17/08/2024,"-22.90","KMART 1148KMART 1148 ROBINA AU AUS Card xx8935 Value Date: 15/08/2024","+3081.55"
17/08/2024,"-27.00","COTTON ON BODY 4435 ROBINA QL AUS Card xx8935 Value Date: 15/08/2024","+3104.45"
17/08/2024,"-6.30","MARKDANIELSPATISSERIE ROBINA QL AUS Card xx8935 Value Date: 15/08/2024","+3131.45"
17/08/2024,"-4.50","SUSHI HUB ROBINA ROBINA TOWN C QL AUS Card xx8935 Value Date: 14/08/2024","+3137.75"
16/08/2024,"-30.00","MQV ROBINA PTY LTD ROBINA TOWN C AUS Card xx5231 Value Date: 13/08/2024","+3142.25"
15/08/2024,"-17.70","WOOLWORTHS 2645 ROBINA AU AUS Card xx8935 Value Date: 13/08/2024","+3172.25"
14/08/2024,"+700.00","Transfer from xx9058 CommBank app","+3189.95"
14/08/2024,"-1751.03","Transfer to xx8243 CommBank app","+2489.95"
14/08/2024,"+3500.00","Fast Transfer From MICHEL EDUBAS Transfer","+4240.98"
13/08/2024,"-0.37","EasyPark PRAHRAN AU AUS Card xx5231 Value Date: 11/08/2024","+740.98"
13/08/2024,"-150.00","SQ *DK HAIR SALON Robina QL AUS Card xx8935 Value Date: 09/08/2024","+741.35"
13/08/2024,"-11.44","BARRY CLIFFORD LOCKW NERANG QL AUS Card xx8935 Value Date: 09/08/2024","+891.35"
13/08/2024,"-10.00","ANIMAL KINGDOM PL NERANG AUS Card xx8935 Value Date: 09/08/2024","+902.79"
13/08/2024,"-0.80","WOOLWORTHS 2577 SOUTHPORT AU AUS Card xx8935 Value Date: 10/08/2024","+912.79"
13/08/2024,"-2.88","EasyPark PRAHRAN AU AUS Card xx8935 Value Date: 11/08/2024","+913.59"
13/08/2024,"-3.99","ROBINA FRESH FRUIT MAR ROBINA AUS Card xx8935 Value Date: 11/08/2024","+916.47"
12/08/2024,"-45.00","HEALTHY PETS PLUS","+920.46"
10/08/2024,"-215.00","Transfer To Beacon Dog Training CommBank App Bruno Edubas","+965.46"
10/08/2024,"-8.00","SALVOS STORES ROBINA QL AUS Card xx8935 Value Date: 08/08/2024","+1180.46"
10/08/2024,"-170.75","Afterpay afterpay.com AU AUS Card xx5231 Value Date: 08/08/2024","+1188.46"
09/08/2024,"-8.00","Daiso Robina Robina QL AUS Card xx8935 Value Date: 07/08/2024","+1359.21"
08/08/2024,"-11.21","YO CHI ROBINA ROBINA QL AUS Card xx8935 Value Date: 06/08/2024","+1367.21"
08/08/2024,"-2.20","CIRCUM VENDING MENTONE VI AUS Card xx8935 Value Date: 06/08/2024","+1378.42"
08/08/2024,"-26.78","COLES 4427COLES 4427 ROBINA AU AUS Card xx8935 Value Date: 06/08/2024","+1380.62"
08/08/2024,"-24.78","ALDI STORES - ROBINA ROBINA AUS Card xx8935 Value Date: 05/08/2024","+1407.40"
07/08/2024,"+700.00","Transfer from xx9058 CommBank app","+1432.18"
07/08/2024,"-17.78","WABISABI SUSHI BAR ROBINA QL AUS Card xx8935 Value Date: 05/08/2024","+732.18"
07/08/2024,"-14.50","BRENDAN DR SNACK BAR NERANG QL AUS Card xx8935 Value Date: 05/08/2024","+749.96"
07/08/2024,"-9.00","SUSHI HUB ROBINA ROBINA TOWN C QL AUS Card xx8935 Value Date: 04/08/2024","+764.46"
07/08/2024,"-3.45","TUGUN MARKET TUGUN AUS Card xx5231 Value Date: 03/08/2024","+773.46"
06/08/2024,"-12.46","Miniso Pacific Fair Pacific Fair QL AUS Card xx8935 Value Date: 02/08/2024","+776.91"
06/08/2024,"-169.15","GLAMACO MMAID WATERS MERMAID WATER QL AUS Card xx8935 Value Date: 02/08/2024","+789.37"
06/08/2024,"-8.80","GREENCROSS VETS ROBINA QL AUS Card xx8935 Value Date: 01/08/2024","+958.52"
05/08/2024,"-67.43","Direct Debit 142038 BUDGET DIRECT 120249620115574479","+967.32"
05/08/2024,"-1330.00","Transfer To Cambridge CommBank App Rent 3203","+1034.75"
